{
"type": "FeatureCollection",
"name": "barrios_vulnerabilidad",
"crs": { "type": "name", "properties": { "name": "urn:ogc:def:crs:OGC:1.3:CRS84" } },
"features": [
{ "type": "Feature", "properties": { "barrio": "EL PLACER", "barrio_alt": "EL PLACER", "barrio_alt2": "EL PLACER", "vulnerabilidad": "Baja", "indice": 1.6666666666700001, "val_suelo": 1.0, "val_falla": 1.0, "val_antig": 3.0, "clas_antiguedad": "Alto", "clas_falla": null, "clas_falla_alt": null, "porcentaje_limitacion_suelo": 0.0, "area_m2": 143185.48136500001, "shape_area": 143271.96632899999 }, "geometry": { "type": "Polygon", "coordinates": [ [ [ -75.691359224434194, 4.531805652398162, 0.0 ], [ -75.691407063094175, 4.531603906551823, 0.0 ], [ -75.691260238330514, 4.531516660239286, 0.0 ], [ -75.691306349259875, 4.531258690174743, 0.0 ], [ -75.691325721233895, 4.531243648809849, 0.0 ], [ -75.691311366762363, 4.531161990254794, 0.0 ], [ -75.691201323130102, 4.530965051067171, 0.0 ], [ -75.691088928902502, 4.530811107000668, 0.0 ], [ -75.690954966184776, 4.530698662057641, 0.0 ], [ -75.690842967172713, 4.530674411588696, 0.0 ], [ -75.690509168290561, 4.530771433321031, 0.0 ], [ -75.690390577632911, 4.530617096262866, 0.0 ], [ -75.690533316999264, 4.530429678539919, 0.0 ], [ -75.690867115545359, 4.530323837031334, 0.0 ], [ -75.691292203167265, 4.530095623750078, 0.0 ], [ -75.69078383356397, 4.529278541720523, 0.0 ], [ -75.690485089791053, 4.528776263083141, 0.0 ], [ -75.690852179504191, 4.528267527118614, 0.0 ], [ -75.691034524662044, 4.528366757662075, 0.0 ], [ -75.691090226763123, 4.528355883392948, 0.0 ], [ -75.691211459889118, 4.528299746353966, 0.0 ], [ -75.691441446753132, 4.528137552196761, 0.0 ], [ -75.691548679542493, 4.528084508487639, 0.0 ], [ -75.691602903087457, 4.528036549480019, 0.0 ], [ -75.691650694283879, 4.527974616210694, 0.0 ], [ -75.691755733795063, 4.527756027580561, 0.0 ], [ -75.69182788628018, 4.527739608988543, 0.0 ], [ -75.69209473874389, 4.527617591524825, 0.0 ], [ -75.692233825835416, 4.527507028676724, 0.0 ], [ -75.692397587218139, 4.527350769425425, 0.0 ], [ -75.692528371474779, 4.527202542505578, 0.0 ], [ -75.692582654470471, 4.527158029493132, 0.0 ], [ -75.692724516540594, 4.527092186569014, 0.0 ], [ -75.692812164750194, 4.52706568164809, 0.0 ], [ -75.69287012032494, 4.527083236507356, 0.0 ], [ -75.692971491258078, 4.527151524526412, 0.0 ], [ -75.693019383416356, 4.527167579084827, 0.0 ], [ -75.693088581389873, 4.52716003285729, 0.0 ], [ -75.693141914018554, 4.527140620507223, 0.0 ], [ -75.693258173368932, 4.527078468285616, 0.0 ], [ -75.693343783524554, 4.527010735698235, 0.0 ], [ -75.693395240171157, 4.526935944139297, 0.0 ], [ -75.69353190379114, 4.526813261625061, 0.0 ], [ -75.693602043596229, 4.526719912776161, 0.0 ], [ -75.6939239255898, 4.52727659880953, 0.0 ], [ -75.694118942872279, 4.52830776577398, 0.0 ], [ -75.694214998790869, 4.52831708450115, 0.0 ], [ -75.694292164562995, 4.52841801696794, 0.0 ], [ -75.694419422606558, 4.528617278807473, 0.0 ], [ -75.694471048402534, 4.528877955777969, 0.0 ], [ -75.694563116098976, 4.529147733852591, 0.0 ], [ -75.694985663473332, 4.529176935852051, 0.0 ], [ -75.695075916833687, 4.529210490790655, 0.0 ], [ -75.695134656117617, 4.529219244276256, 0.0 ], [ -75.695124270060219, 4.52925978499074, 0.0 ], [ -75.69505336240799, 4.52935784602987, 0.0 ], [ -75.694918601692393, 4.529512178689693, 0.0 ], [ -75.694589317983812, 4.529738312769965, 0.0 ], [ -75.694269184384467, 4.52988139810768, 0.0 ], [ -75.694147410750702, 4.529949846228455, 0.0 ], [ -75.693927640958606, 4.529994016534736, 0.0 ], [ -75.693724994018652, 4.530082140770331, 0.0 ], [ -75.693615913974753, 4.530109215911314, 0.0 ], [ -75.693491536680156, 4.530174724701945, 0.0 ], [ -75.693155162213927, 4.530325887403764, 0.0 ], [ -75.693097316389824, 4.530394993888309, 0.0 ], [ -75.693047122784293, 4.530568608157422, 0.0 ], [ -75.692908290775307, 4.530909652683454, 0.0 ], [ -75.692808872050421, 4.531044264783604, 0.0 ], [ -75.692714263322443, 4.531136410503788, 0.0 ], [ -75.692597128882227, 4.531167221313122, 0.0 ], [ -75.692409910626637, 4.531119223048294, 0.0 ], [ -75.692341597314879, 4.531118125290364, 0.0 ], [ -75.692196018702631, 4.53113580869636, 0.0 ], [ -75.692169189989727, 4.531154614284158, 0.0 ], [ -75.692062217661572, 4.531182195862122, 0.0 ], [ -75.691837570362011, 4.531125737692373, 0.0 ], [ -75.691779322345809, 4.531004936762401, 0.0 ], [ -75.691707913054231, 4.531010478024561, 0.0 ], [ -75.691617576656739, 4.531834466768004, 0.0 ], [ -75.691359224434194, 4.531805652398162, 0.0 ] ] ] } },
{ "type": "Feature", "properties": { "barrio": "NUEVO BERLIN", "barrio_alt": "NUEVO BERLIN", "barrio_alt2": "NUEVO BERLIN", "vulnerabilidad": "Media", "indice": 2.0, "val_suelo": 1.0, "val_falla": 3.0, "val_antig": 2.0, "clas_antiguedad": "Media", "clas_falla": "Alta", "clas_falla_alt": "Alta", "porcentaje_limitacion_suelo": 5.0, "area_m2": 29726.504453400001, "shape_area": 29744.125555899998 }, "geometry": { "type": "Polygon", "coordinates": [ [ [ -75.685580089090081, 4.54893265943866, 0.0 ], [ -75.684801871409562, 4.547988386969053, 0.0 ], [ -75.684900653369112, 4.547929695457283, 0.0 ], [ -75.684935150177679, 4.547934977460307, 0.0 ], [ -75.685000574824656, 4.547896751516862, 0.0 ], [ -75.685050908641344, 4.54784457817263, 0.0 ], [ -75.685087566038732, 4.547762908843709, 0.0 ], [ -75.68512158276026, 4.547712298922264, 0.0 ], [ -75.685224036656933, 4.547449895286263, 0.0 ], [ -75.686746683842983, 4.547995344319404, 0.0 ], [ -75.686832094023018, 4.548038971117042, 0.0 ], [ -75.686989357147496, 4.548049443031267, 0.0 ], [ -75.686796116571585, 4.549127395001448, 0.0 ], [ -75.686126601770923, 4.54926010457607, 0.0 ], [ -75.685961545504611, 4.549380037193532, 0.0 ], [ -75.685580089090081, 4.54893265943866, 0.0 ] ] ] } },
{ "type": "Feature", "properties": { "barrio": "VILLA INGLESA", "barrio_alt": "NUEVO BERLIN", "barrio_alt2": "NUEVO BERLIN", "vulnerabilidad": "Media", "indice": 2.0, "val_suelo": 1.0, "val_falla": 3.0, "val_antig": 2.0, "clas_antiguedad": "Media", "clas_falla": "Alta", "clas_falla_alt": "Alta", "porcentaje_limitacion_suelo": 5.0, "area_m2": 29726.504453400001, "shape_area": 27775.951915199999 }, "geometry": { "type": "Polygon", "coordinates": [ [ [ -75.684925956999606, 4.55009999788955, 0.0 ], [ -75.683757005405866, 4.548935164591647, 0.0 ], [ -75.684028753452196, 4.548738367947736, 0.0 ], [ -75.684155436985662, 4.548734508706926, 0.0 ], [ -75.684303367190495, 4.548499559371527, 0.0 ], [ -75.684457917382261, 4.548372443843569, 0.0 ], [ -75.684460458534659, 4.548324732210371, 0.0 ], [ -75.68448840505603, 4.54827431398488, 0.0 ], [ -75.684534630458543, 4.548201336623888, 0.0 ], [ -75.684606027455871, 4.548125292828729, 0.0 ], [ -75.684616540454357, 4.54809850098306, 0.0 ], [ -75.684801871409562, 4.547988386969053, 0.0 ], [ -75.685961545504611, 4.549380037193532, 0.0 ], [ -75.684925956999606, 4.55009999788955, 0.0 ] ] ] } },
{ "type": "Feature", "properties": { "barrio": "ALBA TERRANOVA", "barrio_alt": "NUEVO BERLIN", "barrio_alt2": "NUEVO BERLIN", "vulnerabilidad": "Media", "indice": 2.0, "val_suelo": 1.0, "val_falla": 3.0, "val_antig": 2.0, "clas_antiguedad": "Media", "clas_falla": "Alta", "clas_falla_alt": "Alta", "porcentaje_limitacion_suelo": 5.0, "area_m2": 29726.504453400001, "shape_area": 40095.138524900001 }, "geometry": { "type": "Polygon", "coordinates": [ [ [ -75.683708035450294, 4.547270956591302, 0.0 ], [ -75.683610619960632, 4.547226251197272, 0.0 ], [ -75.683528499820426, 4.547132010099009, 0.0 ], [ -75.683464022313316, 4.546984715924853, 0.0 ], [ -75.683511186389978, 4.546666435656572, 0.0 ], [ -75.683305744569921, 4.54664889282364, 0.0 ], [ -75.683294131978982, 4.546448521794311, 0.0 ], [ -75.683346951371988, 4.546466167203747, 0.0 ], [ -75.683393979442158, 4.546360052587119, 0.0 ], [ -75.683505522514153, 4.546342297045328, 0.0 ], [ -75.683781420276858, 4.546336218325004, 0.0 ], [ -75.684099891575485, 4.546564495676033, 0.0 ], [ -75.684193559739199, 4.546506656945253, 0.0 ], [ -75.684277343862831, 4.546383711090568, 0.0 ], [ -75.684320579605696, 4.546407390525768, 0.0 ], [ -75.684403952992028, 4.546417528576514, 0.0 ], [ -75.684510971558367, 4.546384629763025, 0.0 ], [ -75.684613289330741, 4.546377989400142, 0.0 ], [ -75.684782770280435, 4.54633991513833, 0.0 ], [ -75.6849251788652, 4.54632923958932, 0.0 ], [ -75.685149345919228, 4.546271907530746, 0.0 ], [ -75.685214374033691, 4.546270151557231, 0.0 ], [ -75.685303430981264, 4.546297810459439, 0.0 ], [ -75.685438939365781, 4.546375301666822, 0.0 ], [ -75.68549454537667, 4.546424145147717, 0.0 ], [ -75.685557313909683, 4.546510353333523, 0.0 ], [ -75.685653517971531, 4.546600873807995, 0.0 ], [ -75.685556853100337, 4.546693065030066, 0.0 ], [ -75.685476957000887, 4.546843126006599, 0.0 ], [ -75.685422571411294, 4.547029819671233, 0.0 ], [ -75.685297966167767, 4.547220038995335, 0.0 ], [ -75.685246364812613, 4.547324468345598, 0.0 ], [ -75.685217591371938, 4.547469707152903, 0.0 ], [ -75.685122701033521, 4.547709460556703, 0.0 ], [ -75.685050908641344, 4.54784457817263, 0.0 ], [ -75.685000574824656, 4.547896751516862, 0.0 ], [ -75.684935150177679, 4.547934977460307, 0.0 ], [ -75.684900653369112, 4.547929695457283, 0.0 ], [ -75.684616540454357, 4.54809850098306, 0.0 ], [ -75.684606027455871, 4.548125292828729, 0.0 ], [ -75.684534630458543, 4.548201336623888, 0.0 ], [ -75.68449277426204, 4.548266770569337, 0.0 ], [ -75.684460458534659, 4.548324732210371, 0.0 ], [ -75.684464837795019, 4.548354671537176, 0.0 ], [ -75.684456432084147, 4.548374453662592, 0.0 ], [ -75.684303367190495, 4.548499559371527, 0.0 ], [ -75.684155436985662, 4.548734508706926, 0.0 ], [ -75.684028753452196, 4.548738367947736, 0.0 ], [ -75.683757005405866, 4.548935164591647, 0.0 ], [ -75.683757319506896, 4.548487377698518, 0.0 ], [ -75.683883064261167, 4.547645162540542, 0.0 ], [ -75.683699742364425, 4.547286615826464, 0.0 ], [ -75.683708035450294, 4.547270956591302, 0.0 ] ] ] } },
{ "type": "Feature", "properties": { "barrio": "VILLA SOFIA", "barrio_alt": "VILLA SOFIA", "barrio_alt2": "VILLA SOFIA", "vulnerabilidad": "Baja", "indice": 1.6666666666700001, "val_suelo": 1.0, "val_falla": 2.0, "val_antig": 2.0, "clas_antiguedad": "Media", "clas_falla": "Media", "clas_falla_alt": "Media", "porcentaje_limitacion_suelo": 0.0, "area_m2": 22245.135465899999, "shape_area": 22258.137420499999 }, "geometry": { "type": "Polygon", "coordinates": [ [ [ -75.680453044305779, 4.547835548280194, 0.0 ], [ -75.67996171788586, 4.547857135625033, 0.0 ], [ -75.679673049040289, 4.547183586788277, 0.0 ], [ -75.679556971995027, 4.546956410178698, 0.0 ], [ -75.679678236001848, 4.546894304979741, 0.0 ], [ -75.679769715386655, 4.546869257498914, 0.0 ], [ -75.679825564027226, 4.546860456519905, 0.0 ], [ -75.67993380133413, 4.546868758594002, 0.0 ], [ -75.680166463834937, 4.54684690368563, 0.0 ], [ -75.680295925934061, 4.5467675764366, 0.0 ], [ -75.680340152320085, 4.546756811713906, 0.0 ], [ -75.680409496682017, 4.546756965699678, 0.0 ], [ -75.680614384822945, 4.546802252282482, 0.0 ], [ -75.680850679043473, 4.546810725435977, 0.0 ], [ -75.681110236209051, 4.546869055271288, 0.0 ], [ -75.681230671542565, 4.546918838398976, 0.0 ], [ -75.681333891141506, 4.546944009556121, 0.0 ], [ -75.681467219390001, 4.546950349222, 0.0 ], [ -75.681560449592681, 4.546978302259488, 0.0 ], [ -75.681643335711684, 4.546975505458008, 0.0 ], [ -75.681662449475411, 4.546964537705406, 0.0 ], [ -75.681759443269939, 4.546987798222575, 0.0 ], [ -75.681894581762492, 4.547002043310788, 0.0 ], [ -75.681937555398918, 4.547016470024351, 0.0 ], [ -75.68209296563613, 4.547113082633651, 0.0 ], [ -75.682079173849331, 4.54716800540421, 0.0 ], [ -75.682053110602865, 4.547219336915379, 0.0 ], [ -75.681935982429906, 4.547350447690343, 0.0 ], [ -75.681824349883016, 4.547429313670992, 0.0 ], [ -75.681443928898801, 4.547559700615516, 0.0 ], [ -75.681352813009255, 4.547580699534133, 0.0 ], [ -75.681203870600712, 4.547596491417639, 0.0 ], [ -75.681127376847243, 4.547623844650965, 0.0 ], [ -75.680945999417631, 4.547659622976768, 0.0 ], [ -75.680787614724238, 4.547762793127942, 0.0 ], [ -75.680568375462954, 4.547812263286749, 0.0 ], [ -75.680508797370734, 4.547816732476918, 0.0 ], [ -75.680453044305779, 4.547835548280194, 0.0 ] ] ] } },
{ "type": "Feature", "properties": { "barrio": "GRANADA", "barrio_alt": "GRANADA", "barrio_alt2": "GRANADA", "vulnerabilidad": "Alta", "indice": 2.3333333333300001, "val_suelo": 1.0, "val_falla": 3.0, "val_antig": 3.0, "clas_antiguedad": "Alto", "clas_falla": "Alta", "clas_falla_alt": "Alta", "porcentaje_limitacion_suelo": 0.0, "area_m2": 213993.879717, "shape_area": 214116.44700399999 }, "geometry": { "type": "Polygon", "coordinates": [ [ [ -75.671753386881008, 4.546668791477875, 0.0 ], [ -75.671180262212047, 4.546087313572144, 0.0 ], [ -75.671538717325461, 4.545867796839273, 0.0 ], [ -75.671513063746403, 4.545753099199413, 0.0 ], [ -75.67151723582846, 4.545653388647531, 0.0 ], [ -75.671594985510268, 4.545178704391803, 0.0 ], [ -75.671553716021023, 4.544854663009557, 0.0 ], [ -75.671664978081239, 4.544653967737278, 0.0 ], [ -75.671716150799469, 4.544595835842734, 0.0 ], [ -75.671763948687186, 4.544566762063277, 0.0 ], [ -75.671831554582468, 4.543810854845393, 0.0 ], [ -75.6713437362326, 4.543765965360628, 0.0 ], [ -75.671093185089077, 4.543454692385817, 0.0 ], [ -75.672976357009901, 4.541903419746311, 0.0 ], [ -75.673248863994999, 4.542149976662146, 0.0 ], [ -75.673864296924918, 4.54231969950715, 0.0 ], [ -75.674310549475294, 4.542460522352065, 0.0 ], [ -75.674446564898105, 4.542290185844458, 0.0 ], [ -75.674531396113082, 4.542215824156948, 0.0 ], [ -75.67467275524551, 4.542169825305517, 0.0 ], [ -75.675428934875555, 4.542038430872217, 0.0 ], [ -75.675951939871098, 4.542039446503487, 0.0 ], [ -75.67595380104278, 4.542049453812964, 0.0 ], [ -75.675937396959327, 4.542055279001456, 0.0 ], [ -75.675969909101738, 4.542140938638001, 0.0 ], [ -75.67597673708427, 4.542202810336766, 0.0 ], [ -75.675906041372883, 4.542888885823932, 0.0 ], [ -75.675904191613228, 4.543056095951902, 0.0 ], [ -75.675844877079371, 4.543285825272978, 0.0 ], [ -75.675688605876417, 4.543554302840013, 0.0 ], [ -75.675494360202038, 4.543828423605616, 0.0 ], [ -75.675517274071325, 4.54383530693805, 0.0 ], [ -75.675489654649795, 4.543879381918822, 0.0 ], [ -75.675482437820321, 4.543987334006714, 0.0 ], [ -75.675457315615105, 4.544062909673775, 0.0 ], [ -75.675459075329414, 4.544133075947214, 0.0 ], [ -75.675593390237694, 4.544748878001506, 0.0 ], [ -75.675629130855953, 4.544964759342262, 0.0 ], [ -75.675718587874101, 4.545277768940849, 0.0 ], [ -75.675637910794038, 4.545358768409017, 0.0 ], [ -75.675702304649576, 4.545617815840197, 0.0 ], [ -75.675385108702997, 4.545614249371666, 0.0 ], [ -75.674870389919761, 4.54558810835701, 0.0 ], [ -75.674830957438729, 4.545925465138009, 0.0 ], [ -75.674727402210138, 4.545902396004173, 0.0 ], [ -75.674636850503418, 4.545894052624352, 0.0 ], [ -75.674559988690845, 4.545924583420049, 0.0 ], [ -75.674405834557419, 4.546040869083002, 0.0 ], [ -75.67405346265447, 4.546547000817139, 0.0 ], [ -75.674017457411352, 4.546702091734311, 0.0 ], [ -75.673917980397889, 4.546741321310171, 0.0 ], [ -75.673954181718628, 4.546867442868542, 0.0 ], [ -75.673888379176603, 4.547312645172698, 0.0 ], [ -75.673776946928513, 4.547280930843409, 0.0 ], [ -75.673794058089612, 4.547239876418633, 0.0 ], [ -75.673791844724349, 4.547188380517397, 0.0 ], [ -75.673772534564705, 4.547137636125957, 0.0 ], [ -75.673737608671544, 4.547101077449585, 0.0 ], [ -75.673704904916477, 4.547086161775271, 0.0 ], [ -75.673578529480309, 4.547093668470718, 0.0 ], [ -75.673492415210603, 4.546989332925631, 0.0 ], [ -75.673435936592853, 4.546937108323584, 0.0 ], [ -75.673375735016464, 4.546903543723198, 0.0 ], [ -75.673277613478632, 4.546893128230743, 0.0 ], [ -75.673157186318491, 4.546897647431042, 0.0 ], [ -75.67290145716288, 4.546927587684475, 0.0 ], [ -75.672839005423612, 4.546951491478388, 0.0 ], [ -75.672753162330622, 4.546966104352256, 0.0 ], [ -75.672576260323879, 4.546907950555807, 0.0 ], [ -75.672478139436777, 4.546894549745858, 0.0 ], [ -75.672332462970246, 4.546825936583817, 0.0 ], [ -75.67226408870502, 4.546779686624185, 0.0 ], [ -75.672168223368885, 4.546693890350313, 0.0 ], [ -75.672058173608335, 4.546653760970723, 0.0 ], [ -75.671994248247017, 4.546640348830488, 0.0 ], [ -75.671954106133342, 4.54664185575594, 0.0 ], [ -75.671847791413583, 4.546678461599654, 0.0 ], [ -75.67177940206831, 4.546676992350375, 0.0 ], [ -75.671753386881008, 4.546668791477875, 0.0 ] ] ] } },
{ "type": "Feature", "properties": { "barrio": "MODELO", "barrio_alt": "GRANADA", "barrio_alt2": "GRANADA", "vulnerabilidad": "Alta", "indice": 2.3333333333300001, "val_suelo": 1.0, "val_falla": 3.0, "val_antig": 3.0, "clas_antiguedad": "Alto", "clas_falla": "Alta", "clas_falla_alt": "Alta", "porcentaje_limitacion_suelo": 0.0, "area_m2": 213993.879717, "shape_area": 55376.763507000003 }, "geometry": { "type": "Polygon", "coordinates": [ [ [ -75.673517755967026, 4.549455934291958, 0.0 ], [ -75.673651577844623, 4.548606869048347, 0.0 ], [ -75.673619303201036, 4.548482690190239, 0.0 ], [ -75.673632701242667, 4.548404368042703, 0.0 ], [ -75.673651660473993, 4.548360727459285, 0.0 ], [ -75.673826842929628, 4.548110527771322, 0.0 ], [ -75.6744974725232, 4.548582720855044, 0.0 ], [ -75.674481341179401, 4.548353509401881, 0.0 ], [ -75.674401775804256, 4.54821886299189, 0.0 ], [ -75.674239416465539, 4.548075045261541, 0.0 ], [ -75.674199532482504, 4.548000036562771, 0.0 ], [ -75.674012842528043, 4.547880206088815, 0.0 ], [ -75.674146827858166, 4.547635199672913, 0.0 ], [ -75.674196912078173, 4.547475999917199, 0.0 ], [ -75.673908309546064, 4.547412325655421, 0.0 ], [ -75.673881582357282, 4.547358630872433, 0.0 ], [ -75.673954181718628, 4.546867442868542, 0.0 ], [ -75.673917980397889, 4.546741321310171, 0.0 ], [ -75.674017457411352, 4.546702091734311, 0.0 ], [ -75.67405346265447, 4.546547000817139, 0.0 ], [ -75.674405834557419, 4.546040869083002, 0.0 ], [ -75.674559988690845, 4.545924583420049, 0.0 ], [ -75.674636850503418, 4.545894052624352, 0.0 ], [ -75.674727402210138, 4.545902396004173, 0.0 ], [ -75.674830957438729, 4.545925465138009, 0.0 ], [ -75.674870389919761, 4.54558810835701, 0.0 ], [ -75.675385108702997, 4.545614249371666, 0.0 ], [ -75.675189331869959, 4.546098466978116, 0.0 ], [ -75.675560595727774, 4.546308702977252, 0.0 ], [ -75.67531708012875, 4.547989696495192, 0.0 ], [ -75.675156815147687, 4.548004188634869, 0.0 ], [ -75.675133230968811, 4.548322099907862, 0.0 ], [ -75.675230742047688, 4.548617059835502, 0.0 ], [ -75.675090827774156, 4.548585681408395, 0.0 ], [ -75.674951344806146, 4.54872723642354, 0.0 ], [ -75.674897635278583, 4.548731384147611, 0.0 ], [ -75.674739110705843, 4.548999670955, 0.0 ], [ -75.674697678452546, 4.549115598457012, 0.0 ], [ -75.674223282522604, 4.549233321996627, 0.0 ], [ -75.674210666023924, 4.549256106829904, 0.0 ], [ -75.674165897941705, 4.549460675954228, 0.0 ], [ -75.673936270661571, 4.549454346915483, 0.0 ], [ -75.673707903739313, 4.549516372480183, 0.0 ], [ -75.673556439494917, 4.549618889636212, 0.0 ], [ -75.673517755967026, 4.549455934291958, 0.0 ] ] ] } },
{ "type": "Feature", "properties": { "barrio": "LA ESPERANZA", "barrio_alt": "ALBA TERRANOVA", "barrio_alt2": "ALBA TERRANOVA", "vulnerabilidad": "Media", "indice": 2.0, "val_suelo": 1.0, "val_falla": 2.0, "val_antig": 3.0, "clas_antiguedad": "Alto", "clas_falla": "Media", "clas_falla_alt": "Media", "porcentaje_limitacion_suelo": 0.0, "area_m2": 40071.478563500001, "shape_area": 58108.389664399998 }, "geometry": { "type": "Polygon", "coordinates": [ [ [ -75.685433890835029, 4.546372123788013, 0.0 ], [ -75.685274006172193, 4.54628499415147, 0.0 ], [ -75.685173012695117, 4.546268759938764, 0.0 ], [ -75.6849251788652, 4.54632923958932, 0.0 ], [ -75.684782770280435, 4.54633991513833, 0.0 ], [ -75.684613289330741, 4.546377989400142, 0.0 ], [ -75.684521269001422, 4.546382820323418, 0.0 ], [ -75.68440648322553, 4.546416958629083, 0.0 ], [ -75.684320579605696, 4.546407390525768, 0.0 ], [ -75.684257289184387, 4.546363893182824, 0.0 ], [ -75.684192709364751, 4.546246369845375, 0.0 ], [ -75.684105093891503, 4.546169840626237, 0.0 ], [ -75.684070145803844, 4.546094241439242, 0.0 ], [ -75.683975989171529, 4.545980734734323, 0.0 ], [ -75.683912535929196, 4.545938259509491, 0.0 ], [ -75.683863336914314, 4.545937573255427, 0.0 ], [ -75.683797146215483, 4.545955519530249, 0.0 ], [ -75.683737361741009, 4.54598932245288, 0.0 ], [ -75.68345365559982, 4.546213266434664, 0.0 ], [ -75.68334634680501, 4.54626173211825, 0.0 ], [ -75.683249516550248, 4.546290388060157, 0.0 ], [ -75.683137757089341, 4.546305667270475, 0.0 ], [ -75.683094503601168, 4.546323920362004, 0.0 ], [ -75.682990034018857, 4.546445815048187, 0.0 ], [ -75.682937313811365, 4.54658493064874, 0.0 ], [ -75.682893602003205, 4.546653872837283, 0.0 ], [ -75.682839835493994, 4.546708922901819, 0.0 ], [ -75.682679563249735, 4.546816969444049, 0.0 ], [ -75.682627688988774, 4.546873357682695, 0.0 ], [ -75.682460009685883, 4.546921769006621, 0.0 ], [ -75.682370386138913, 4.546991780055228, 0.0 ], [ -75.682304637236342, 4.547012313824927, 0.0 ], [ -75.682186374122637, 4.547095006055924, 0.0 ], [ -75.682141273417841, 4.547110247390608, 0.0 ], [ -75.682089570161381, 4.54711232865351, 0.0 ], [ -75.681923492073594, 4.547009948175483, 0.0 ], [ -75.681662350719407, 4.546966820802678, 0.0 ], [ -75.681727104353456, 4.546543130989889, 0.0 ], [ -75.681718373686195, 4.546448083555995, 0.0 ], [ -75.681840509055448, 4.545781549856429, 0.0 ], [ -75.681781942856205, 4.545789424456564, 0.0 ], [ -75.681835989522611, 4.544968166608795, 0.0 ], [ -75.68193558084478, 4.54490343262297, 0.0 ], [ -75.682066385261152, 4.544873957874593, 0.0 ], [ -75.682259620228564, 4.544907161618751, 0.0 ], [ -75.682381600387231, 4.544949226489003, 0.0 ], [ -75.68250838822226, 4.545041136328729, 0.0 ], [ -75.682641053849153, 4.545174327580919, 0.0 ], [ -75.682698586309442, 4.545269346780894, 0.0 ], [ -75.682811413278671, 4.545332967458555, 0.0 ], [ -75.682863602822977, 4.54532868846904, 0.0 ], [ -75.682959571477795, 4.545226673080657, 0.0 ], [ -75.682976524199731, 4.545178516237015, 0.0 ], [ -75.683006246169185, 4.544995821677069, 0.0 ], [ -75.68304153865877, 4.544940572926544, 0.0 ], [ -75.683114904130164, 4.544903711706625, 0.0 ], [ -75.683165675981883, 4.544912177872011, 0.0 ], [ -75.683215014282368, 4.544961712234891, 0.0 ], [ -75.683293940213503, 4.545069288432641, 0.0 ], [ -75.683391103176604, 4.545155151869753, 0.0 ], [ -75.68351098208052, 4.545173490295134, 0.0 ], [ -75.683637924100992, 4.54517341580404, 0.0 ], [ -75.683735226213244, 4.545208760345925, 0.0 ], [ -75.683771880352694, 4.545242724461064, 0.0 ], [ -75.68382264427315, 4.545265351624492, 0.0 ], [ -75.683953797357177, 4.545300676606269, 0.0 ], [ -75.684130193955795, 4.545304152267984, 0.0 ], [ -75.68418238678494, 4.545294208402688, 0.0 ], [ -75.684460372701082, 4.545071716911603, 0.0 ], [ -75.684505520383183, 4.54504903232216, 0.0 ], [ -75.684556301357858, 4.545040505832531, 0.0 ], [ -75.684619772912356, 4.545039051405281, 0.0 ], [ -75.684669133813799, 4.545048934834071, 0.0 ], [ -75.684787546243413, 4.54516781688358, 0.0 ], [ -75.684948217868524, 4.545385799516519, 0.0 ], [ -75.685039124838823, 4.545482961217824, 0.0 ], [ -75.685213941022141, 4.545630130156403, 0.0 ], [ -75.685292883063099, 4.54570938472583, 0.0 ], [ -75.685486713293074, 4.546133589711146, 0.0 ], [ -75.685507822613971, 4.54621995877151, 0.0 ], [ -75.685480978552718, 4.546300692812338, 0.0 ], [ -75.685433890835029, 4.546372123788013, 0.0 ] ] ] } },
{ "type": "Feature", "properties": { "barrio": "LAS MARGARITAS", "barrio_alt": "LAS MARGARITAS", "barrio_alt2": "LAS MARGARITAS", "vulnerabilidad": "Baja", "indice": 1.6666666666700001, "val_suelo": 1.0, "val_falla": 1.0, "val_antig": 3.0, "clas_antiguedad": "Alto", "clas_falla": null, "clas_falla_alt": null, "porcentaje_limitacion_suelo": 0.0, "area_m2": 15773.6963127, "shape_area": 15783.0712521 }, "geometry": { "type": "Polygon", "coordinates": [ [ [ -75.68761362078628, 4.534396612093089, 0.0 ], [ -75.687645852874724, 4.534467876506961, 0.0 ], [ -75.687671566305184, 4.534655790875725, 0.0 ], [ -75.6876939974252, 4.534944150753518, 0.0 ], [ -75.687271217336857, 4.534967085371088, 0.0 ], [ -75.686900043962538, 4.535041830207068, 0.0 ], [ -75.686922571999517, 4.535155222364271, 0.0 ], [ -75.686360935938694, 4.535330525656351, 0.0 ], [ -75.68627388878528, 4.535171810534231, 0.0 ], [ -75.686122182061396, 4.535220503247518, 0.0 ], [ -75.686088245088385, 4.535135212409146, 0.0 ], [ -75.68571064654644, 4.535158119030529, 0.0 ], [ -75.685694519061158, 4.535141927887012, 0.0 ], [ -75.685575714015272, 4.534422727566067, 0.0 ], [ -75.685691576312593, 4.534458291060571, 0.0 ], [ -75.68658557066388, 4.534538726947623, 0.0 ], [ -75.686788862908173, 4.534580727892945, 0.0 ], [ -75.686859872682376, 4.534561244346794, 0.0 ], [ -75.686985768700467, 4.534499605906719, 0.0 ], [ -75.687098745401968, 4.534457416422568, 0.0 ], [ -75.687295615045684, 4.53444109844434, 0.0 ], [ -75.687566727589896, 4.534395574410981, 0.0 ], [ -75.68761362078628, 4.534396612093089, 0.0 ] ] ] } },
{ "type": "Feature", "properties": { "barrio": "LA DIVISA", "barrio_alt": "GRANADA", "barrio_alt2": "GRANADA", "vulnerabilidad": "Alta", "indice": 2.3333333333300001, "val_suelo": 1.0, "val_falla": 3.0, "val_antig": 3.0, "clas_antiguedad": "Alto", "clas_falla": "Alta", "clas_falla_alt": "Alta", "porcentaje_limitacion_suelo": 0.0, "area_m2": 213993.879717, "shape_area": 19469.516167000002 }, "geometry": { "type": "Polygon", "coordinates": [ [ [ -75.675516331664198, 4.542038600825839, 0.0 ], [ -75.675550210241937, 4.541395697676081, 0.0 ], [ -75.675573584258984, 4.540620403844884, 0.0 ], [ -75.6755614546408, 4.540406490513083, 0.0 ], [ -75.675896659825852, 4.540410443403301, 0.0 ], [ -75.675929238578959, 4.540388629626437, 0.0 ], [ -75.676376706031135, 4.540428444289679, 0.0 ], [ -75.676562632517616, 4.540424282229353, 0.0 ], [ -75.676562584764639, 4.540546910243594, 0.0 ], [ -75.676540807381699, 4.540707698667014, 0.0 ], [ -75.676512268230852, 4.540809900509622, 0.0 ], [ -75.676485043290455, 4.541022467234447, 0.0 ], [ -75.676465143566162, 4.541446857609801, 0.0 ], [ -75.676370975472807, 4.541920855469693, 0.0 ], [ -75.676389256696837, 4.542134509813626, 0.0 ], [ -75.676382780569185, 4.542141165117328, 0.0 ], [ -75.676219573647984, 4.542135580448861, 0.0 ], [ -75.676244825071493, 4.542324858195893, 0.0 ], [ -75.676197055663167, 4.542339551169446, 0.0 ], [ -75.676030007462103, 4.542293206950026, 0.0 ], [ -75.675971193376512, 4.54225661138037, 0.0 ], [ -75.67597673708427, 4.542202810336766, 0.0 ], [ -75.675969909101738, 4.542140938638001, 0.0 ], [ -75.675937396959327, 4.542055279001456, 0.0 ], [ -75.67595380104278, 4.542049453812964, 0.0 ], [ -75.675951939871098, 4.542039446503487, 0.0 ], [ -75.675516331664198, 4.542038600825839, 0.0 ] ] ] } },
{ "type": "Feature", "properties": { "barrio": "CONJUNTO TORRES DEL GRANADA", "barrio_alt": "CONJUNTO TORRES DEL GRANADA", "barrio_alt2": "CONJUNTO TORRES DEL GRANADA", "vulnerabilidad": "Muy baja", "indice": 1.3333333333299999, "val_suelo": 1.0, "val_falla": 2.0, "val_antig": 1.0, "clas_antiguedad": "Baja", "clas_falla": "Media", "clas_falla_alt": "Media", "porcentaje_limitacion_suelo": 0.0, "area_m2": 1721.5527414799999, "shape_area": 1722.52804515 }, "geometry": { "type": "Polygon", "coordinates": [ [ [ -75.669921556391259, 4.54349879726676, 0.0 ], [ -75.669662931563394, 4.543207700285208, 0.0 ], [ -75.66992593999376, 4.542970867007664, 0.0 ], [ -75.670192911730453, 4.54325986535424, 0.0 ], [ -75.669921556391259, 4.54349879726676, 0.0 ] ] ] } },
{ "type": "Feature", "properties": { "barrio": "GUAYACANES", "barrio_alt": "GRANADA", "barrio_alt2": "GRANADA", "vulnerabilidad": "Media", "indice": 2.0, "val_suelo": 1.0, "val_falla": 2.0, "val_antig": 3.0, "clas_antiguedad": "Alto", "clas_falla": "Media", "clas_falla_alt": "Media", "porcentaje_limitacion_suelo": 0.0, "area_m2": 213993.879717, "shape_area": 12540.9685961 }, "geometry": { "type": "Polygon", "coordinates": [ [ [ -75.671537873708331, 4.545864022813215, 0.0 ], [ -75.670796183620453, 4.545199009842721, 0.0 ], [ -75.670882799782234, 4.545118891733843, 0.0 ], [ -75.670633389165246, 4.544851841116963, 0.0 ], [ -75.670537225636238, 4.544777905819858, 0.0 ], [ -75.670483408797651, 4.544582156873266, 0.0 ], [ -75.670555394656049, 4.544439883855437, 0.0 ], [ -75.670729832917175, 4.544282251507267, 0.0 ], [ -75.670936938048698, 4.544192446176284, 0.0 ], [ -75.671011037170771, 4.544218677436566, 0.0 ], [ -75.671122132084591, 4.544391516498114, 0.0 ], [ -75.671250731002445, 4.544398030529764, 0.0 ], [ -75.6712594620369, 4.544367389418657, 0.0 ], [ -75.67149480518141, 4.544524860395531, 0.0 ], [ -75.671502149217858, 4.544795082507645, 0.0 ], [ -75.671556496564293, 4.544849646919555, 0.0 ], [ -75.671594985510268, 4.545178704391803, 0.0 ], [ -75.67151723582846, 4.545653388647531, 0.0 ], [ -75.671513063746403, 4.545753099199413, 0.0 ], [ -75.671537873708331, 4.545864022813215, 0.0 ] ] ] } },
{ "type": "Feature", "properties": { "barrio": "EL JUBILEO", "barrio_alt": "EL JUBILEO", "barrio_alt2": "EL JUBILEO", "vulnerabilidad": "Muy baja", "indice": 1.3333333333299999, "val_suelo": 1.0, "val_falla": 1.0, "val_antig": 2.0, "clas_antiguedad": "Media", "clas_falla": "Baja", "clas_falla_alt": "Baja", "porcentaje_limitacion_suelo": 0.0, "area_m2": 55235.791473099998, "shape_area": 55268.039835800002 }, "geometry": { "type": "Polygon", "coordinates": [ [ [ -75.679706814793178, 4.543633910735696, 0.0 ], [ -75.678310238901261, 4.543557951676656, 0.0 ], [ -75.678189782372883, 4.543535442990528, 0.0 ], [ -75.678491474684719, 4.542961362598192, 0.0 ], [ -75.678294698754442, 4.542719350454686, 0.0 ], [ -75.678426351061546, 4.542626919584604, 0.0 ], [ -75.678662829835233, 4.542553165405087, 0.0 ], [ -75.678709353346903, 4.542768329798121, 0.0 ], [ -75.678945788185516, 4.542834910963884, 0.0 ], [ -75.67916360174975, 4.542852379895496, 0.0 ], [ -75.679337385853287, 4.542753894161228, 0.0 ], [ -75.679570472306764, 4.542351522803767, 0.0 ], [ -75.680014346929809, 4.542223955179828, 0.0 ], [ -75.680045339120937, 4.542273364781864, 0.0 ], [ -75.680144134561203, 4.542340913264734, 0.0 ], [ -75.680215027440809, 4.542372371801815, 0.0 ], [ -75.680427365744436, 4.542384138134576, 0.0 ], [ -75.680617512419175, 4.542326029623075, 0.0 ], [ -75.680732307093763, 4.542311854535585, 0.0 ], [ -75.680858714659379, 4.542271059803375, 0.0 ], [ -75.681095456946039, 4.542219101645822, 0.0 ], [ -75.681296298643019, 4.542198078989734, 0.0 ], [ -75.681425687789442, 4.542169422638438, 0.0 ], [ -75.681566618308949, 4.542159154205094, 0.0 ], [ -75.681688827892771, 4.542173010430089, 0.0 ], [ -75.681984663482012, 4.542294899858847, 0.0 ], [ -75.682113874828602, 4.542395082160666, 0.0 ], [ -75.682156128902463, 4.542460586960732, 0.0 ], [ -75.682191310629264, 4.542590266826213, 0.0 ], [ -75.682185383632799, 4.542676223452976, 0.0 ], [ -75.682007549676669, 4.543254845419397, 0.0 ], [ -75.681964722429839, 4.543483127712356, 0.0 ], [ -75.681968030083709, 4.543568794119804, 0.0 ], [ -75.682099277810337, 4.54376059517191, 0.0 ], [ -75.68185246252969, 4.543788864603462, 0.0 ], [ -75.68178001082461, 4.543816561513236, 0.0 ], [ -75.681669305302009, 4.543809354417809, 0.0 ], [ -75.681561717811292, 4.543821919048994, 0.0 ], [ -75.681492347046728, 4.54379113946314, 0.0 ], [ -75.681396353321034, 4.543700769900523, 0.0 ], [ -75.681320639042397, 4.543656449516691, 0.0 ], [ -75.681224943975749, 4.543606406728741, 0.0 ], [ -75.681034079921517, 4.543537258494784, 0.0 ], [ -75.680758388993851, 4.543595772498556, 0.0 ], [ -75.680590235646719, 4.543518778296522, 0.0 ], [ -75.680571536581951, 4.543583932410407, 0.0 ], [ -75.680491513472404, 4.543602503860424, 0.0 ], [ -75.680436128266791, 4.543575748451177, 0.0 ], [ -75.68013262827651, 4.543188614587607, 0.0 ], [ -75.680075906465859, 4.543848708887944, 0.0 ], [ -75.67983134970757, 4.543672817932888, 0.0 ], [ -75.679706814793178, 4.543633910735696, 0.0 ] ] ] } },
{ "type": "Feature", "properties": { "barrio": "ASENTAMIENTO VIEJA LIBERTAD", "barrio_alt": "ASENTAMIENTO VIEJA LIBERTAD", "barrio_alt2": "ASENTAMIENTO VIEJA LIBERTAD", "vulnerabilidad": "Media", "indice": 2.0, "val_suelo": 1.0, "val_falla": 2.0, "val_antig": 3.0, "clas_antiguedad": "Alto", "clas_falla": "Media", "clas_falla_alt": "Media", "porcentaje_limitacion_suelo": 0.0, "area_m2": 10200.0941186, "shape_area": 10205.8915194 }, "geometry": { "type": "Polygon", "coordinates": [ [ [ -75.672001372289373, 4.541700132686906, 0.0 ], [ -75.671580219904541, 4.542067452182042, 0.0 ], [ -75.671091456738495, 4.542440969276798, 0.0 ], [ -75.670566151642646, 4.541975293047579, 0.0 ], [ -75.670375760533432, 4.541629811757899, 0.0 ], [ -75.670612456940091, 4.541447684107392, 0.0 ], [ -75.670707720205456, 4.541450732082881, 0.0 ], [ -75.670925875505063, 4.541527779204527, 0.0 ], [ -75.671641830098793, 4.541691018691672, 0.0 ], [ -75.671709434408513, 4.541697162412276, 0.0 ], [ -75.671881581854905, 4.541555169070742, 0.0 ], [ -75.672001372289373, 4.541700132686906, 0.0 ] ] ] } },
{ "type": "Feature", "properties": { "barrio": "ALAMOS", "barrio_alt": "GRANADA", "barrio_alt2": "GRANADA", "vulnerabilidad": "Alta", "indice": 2.3333333333300001, "val_suelo": 1.0, "val_falla": 3.0, "val_antig": 3.0, "clas_antiguedad": "Alto", "clas_falla": "Alta", "clas_falla_alt": "Alta", "porcentaje_limitacion_suelo": 0.0, "area_m2": 213993.879717, "shape_area": 93226.254202399999 }, "geometry": { "type": "Polygon", "coordinates": [ [ [ -75.672976357009901, 4.541903419746311, 0.0 ], [ -75.672958002227901, 4.541747780182329, 0.0 ], [ -75.672423080450713, 4.54113355492165, 0.0 ], [ -75.672776421511728, 4.540726123533458, 0.0 ], [ -75.672798178720186, 4.540754083999485, 0.0 ], [ -75.673136946435008, 4.540318389818145, 0.0 ], [ -75.673467197638345, 4.539881650568862, 0.0 ], [ -75.674434493693809, 4.538514042187897, 0.0 ], [ -75.675423796230476, 4.539651180983769, 0.0 ], [ -75.67555394941607, 4.540247617007416, 0.0 ], [ -75.675575361053504, 4.54040665495481, 0.0 ], [ -75.6755614546408, 4.540406490513083, 0.0 ], [ -75.675573584258984, 4.540620403844884, 0.0 ], [ -75.675550210241937, 4.541395697676081, 0.0 ], [ -75.675516331664198, 4.542038600825839, 0.0 ], [ -75.675428934875555, 4.542038430872217, 0.0 ], [ -75.67467275524551, 4.542169825305517, 0.0 ], [ -75.674531396113082, 4.542215824156948, 0.0 ], [ -75.674446564898105, 4.542290185844458, 0.0 ], [ -75.674310549475294, 4.542460522352065, 0.0 ], [ -75.673864296924918, 4.54231969950715, 0.0 ], [ -75.673248863994999, 4.542149976662146, 0.0 ], [ -75.672976357009901, 4.541903419746311, 0.0 ] ] ] } },
{ "type": "Feature", "properties": { "barrio": "60 CASAS", "barrio_alt": "CONJUNTO TORRES DEL GRANADA", "barrio_alt2": "CONJUNTO TORRES DEL GRANADA", "vulnerabilidad": "Baja", "indice": 1.6666666666700001, "val_suelo": 1.0, "val_falla": 1.0, "val_antig": 3.0, "clas_antiguedad": "Alto", "clas_falla": "Baja", "clas_falla_alt": "Baja", "porcentaje_limitacion_suelo": 0.0, "area_m2": 1721.5527414799999, "shape_area": 24649.895972499999 }, "geometry": { "type": "Polygon", "coordinates": [ [ [ -75.669599945037703, 4.544801412889634, 0.0 ], [ -75.668631778390861, 4.543670281817104, 0.0 ], [ -75.669692153397477, 4.542727960995641, 0.0 ], [ -75.66991367924841, 4.542982173424842, 0.0 ], [ -75.669662931563394, 4.543207700285208, 0.0 ], [ -75.669921556391259, 4.54349879726676, 0.0 ], [ -75.670182070597221, 4.543269411733511, 0.0 ], [ -75.670696887059179, 4.543822378388477, 0.0 ], [ -75.669599945037703, 4.544801412889634, 0.0 ] ] ] } },
{ "type": "Feature", "properties": { "barrio": "ARBOLEDA", "barrio_alt": "GRANADA", "barrio_alt2": "GRANADA", "vulnerabilidad": "Media", "indice": 2.0, "val_suelo": 1.0, "val_falla": 2.0, "val_antig": 3.0, "clas_antiguedad": "Alto", "clas_falla": "Media", "clas_falla_alt": "Media", "porcentaje_limitacion_suelo": 0.0, "area_m2": 213993.879717, "shape_area": 121753.987803 }, "geometry": { "type": "Polygon", "coordinates": [ [ [ -75.670696887059179, 4.543822378388477, 0.0 ], [ -75.670182070597221, 4.543269411733511, 0.0 ], [ -75.670192911730453, 4.54325986535424, 0.0 ], [ -75.66992593999376, 4.542970867007664, 0.0 ], [ -75.66991367924841, 4.542982173424842, 0.0 ], [ -75.66969816419919, 4.542734858393882, 0.0 ], [ -75.670091369023638, 4.542377655270789, 0.0 ], [ -75.670562749651353, 4.541972277059069, 0.0 ], [ -75.671091456738495, 4.542440969276798, 0.0 ], [ -75.671580219904541, 4.542067452182042, 0.0 ], [ -75.672001372289373, 4.541700132686906, 0.0 ], [ -75.671981743082384, 4.54167637812033, 0.0 ], [ -75.67242318356486, 4.541133667546482, 0.0 ], [ -75.672958002227901, 4.541747780182329, 0.0 ], [ -75.672976357009901, 4.541903419746311, 0.0 ], [ -75.671093185089077, 4.543454692385817, 0.0 ], [ -75.6713437362326, 4.543765965360628, 0.0 ], [ -75.671831554582468, 4.543810854845393, 0.0 ], [ -75.671763948687186, 4.544566762063277, 0.0 ], [ -75.671716150799469, 4.544595835842734, 0.0 ], [ -75.671664978081239, 4.544653967737278, 0.0 ], [ -75.671556496564293, 4.544849646919555, 0.0 ], [ -75.671502149217858, 4.544795082507645, 0.0 ], [ -75.67149480518141, 4.544524860395531, 0.0 ], [ -75.6712594620369, 4.544367389418657, 0.0 ], [ -75.671250731002445, 4.544398030529764, 0.0 ], [ -75.671122132084591, 4.544391516498114, 0.0 ], [ -75.671011037170771, 4.544218677436566, 0.0 ], [ -75.670936938048698, 4.544192446176284, 0.0 ], [ -75.670729832917175, 4.544282251507267, 0.0 ], [ -75.670555394656049, 4.544439883855437, 0.0 ], [ -75.670483408797651, 4.544582156873266, 0.0 ], [ -75.670537225636238, 4.544777905819858, 0.0 ], [ -75.670633389165246, 4.544851841116963, 0.0 ], [ -75.670882799782234, 4.545118891733843, 0.0 ], [ -75.670796183620453, 4.545199009842721, 0.0 ], [ -75.671537873708331, 4.545864022813215, 0.0 ], [ -75.671180262212047, 4.546087313572144, 0.0 ], [ -75.671753048413876, 4.54666837415529, 0.0 ], [ -75.671662475432825, 4.546618409468346, 0.0 ], [ -75.67157656474545, 4.546670183771725, 0.0 ], [ -75.671486305389919, 4.546855621205518, 0.0 ], [ -75.670691862811665, 4.546739519642197, 0.0 ], [ -75.670481480248242, 4.546614563729212, 0.0 ], [ -75.670309791556519, 4.546381801512907, 0.0 ], [ -75.670142340537851, 4.546291322458994, 0.0 ], [ -75.669894339515224, 4.546224416246864, 0.0 ], [ -75.669258773330498, 4.546164302017599, 0.0 ], [ -75.66901824104356, 4.546259253321574, 0.0 ], [ -75.668721899310952, 4.546306797349643, 0.0 ], [ -75.668661789054426, 4.546272327794956, 0.0 ], [ -75.668554569625314, 4.54591450116497, 0.0 ], [ -75.668494678588743, 4.545336761597351, 0.0 ], [ -75.668374455796439, 4.54527644527499, 0.0 ], [ -75.66827002271873, 4.545196540873575, 0.0 ], [ -75.668124099456989, 4.544972391750432, 0.0 ], [ -75.667887985630088, 4.544761211897215, 0.0 ], [ -75.667660415674774, 4.544662132786823, 0.0 ], [ -75.667432824367125, 4.544614793095819, 0.0 ], [ -75.66752308080342, 4.544437979573116, 0.0 ], [ -75.667737900790996, 4.544205065945793, 0.0 ], [ -75.667789483262467, 4.544084319161185, 0.0 ], [ -75.668171500199577, 4.544571387933111, 0.0 ], [ -75.668201577358573, 4.54453257091071, 0.0 ], [ -75.668244622732999, 4.544282477387322, 0.0 ], [ -75.668223179721991, 4.544209187765034, 0.0 ], [ -75.668304840138973, 4.544049623977672, 0.0 ], [ -75.668416517971551, 4.543997840515204, 0.0 ], [ -75.668532426840699, 4.544105587316968, 0.0 ], [ -75.668819967955613, 4.544584069840353, 0.0 ], [ -75.669115796615898, 4.544235773397881, 0.0 ], [ -75.669599945037703, 4.544801412889634, 0.0 ], [ -75.670696887059179, 4.543822378388477, 0.0 ] ] ] } },
{ "type": "Feature", "properties": { "barrio": "CONJUNTO ALTO DE LAS PALMAS", "barrio_alt": "CONJUNTO ALTO DE LAS PALMAS", "barrio_alt2": "CONJUNTO ALTO DE LAS PALMAS", "vulnerabilidad": "Muy baja", "indice": 1.0, "val_suelo": 1.0, "val_falla": 1.0, "val_antig": 1.0, "clas_antiguedad": null, "clas_falla": null, "clas_falla_alt": null, "porcentaje_limitacion_suelo": 0.0, "area_m2": 1545.9094421499999, "shape_area": 1546.7804302100001 }, "geometry": { "type": "Polygon", "coordinates": [ [ [ -75.667847077592867, 4.543129706270419, 0.0 ], [ -75.66776542323332, 4.543047724654357, 0.0 ], [ -75.667645305651135, 4.543018825505817, 0.0 ], [ -75.667417059479348, 4.543021326140399, 0.0 ], [ -75.667417575043999, 4.542970685022628, 0.0 ], [ -75.66765769348558, 4.542703018957496, 0.0 ], [ -75.66772474107357, 4.542644907100898, 0.0 ], [ -75.667938474636998, 4.542883628494271, 0.0 ], [ -75.667902411848857, 4.542943947239061, 0.0 ], [ -75.667847077592867, 4.543129706270419, 0.0 ] ] ] } },
{ "type": "Feature", "properties": { "barrio": "LAS PALMAS", "barrio_alt": "60 CASAS", "barrio_alt2": "60 CASAS", "vulnerabilidad": "Baja", "indice": 1.6666666666700001, "val_suelo": 1.0, "val_falla": 1.0, "val_antig": 3.0, "clas_antiguedad": "Alto", "clas_falla": "Baja", "clas_falla_alt": "Baja", "porcentaje_limitacion_suelo": 0.0, "area_m2": 24635.947804799998, "shape_area": 79919.9421267 }, "geometry": { "type": "GeometryCollection", "geometries": [ { "type": "Polygon", "coordinates": [ [ [ -75.669015259024462, 4.541149946422016, 0.0 ], [ -75.669723821942853, 4.541906143457854, 0.0 ], [ -75.67010421627873, 4.542366607053377, 0.0 ], [ -75.66969816419919, 4.542734858393882, 0.0 ], [ -75.669692153397477, 4.542727960995641, 0.0 ], [ -75.668631778390861, 4.543670281817104, 0.0 ], [ -75.669115796615898, 4.544235773397881, 0.0 ], [ -75.668819967955613, 4.544584069840353, 0.0 ], [ -75.668532426840699, 4.544105587316968, 0.0 ], [ -75.668416517971551, 4.543997840515204, 0.0 ], [ -75.668304840138973, 4.544049623977672, 0.0 ], [ -75.668223179721991, 4.544209187765034, 0.0 ], [ -75.668244622732999, 4.544282477387322, 0.0 ], [ -75.668201577358573, 4.54453257091071, 0.0 ], [ -75.668171500199577, 4.544571387933111, 0.0 ], [ -75.667789483262467, 4.544084319161185, 0.0 ], [ -75.667737900790996, 4.544205065945793, 0.0 ], [ -75.66752308080342, 4.544437979573116, 0.0 ], [ -75.667438216016009, 4.544604230858848, 0.0 ], [ -75.667411424851025, 4.544615767393205, 0.0 ], [ -75.667226073648095, 4.544627117425158, 0.0 ], [ -75.666956474932562, 4.544638500111506, 0.0 ], [ -75.666726207502762, 4.54461039495949, 0.0 ], [ -75.666173108890959, 4.544286368628069, 0.0 ], [ -75.665833371396261, 4.544131428804604, 0.0 ], [ -75.666521663382227, 4.543474221761745, 0.0 ], [ -75.667585307632834, 4.542506678038264, 0.0 ], [ -75.669015259024462, 4.541149946422016, 0.0 ] ], [ [ -75.667902411848857, 4.542943947239061, 0.0 ], [ -75.667938474636998, 4.542883628494271, 0.0 ], [ -75.66772474107357, 4.542644907100898, 0.0 ], [ -75.66765769348558, 4.542703018957496, 0.0 ], [ -75.667417575043999, 4.542970685022628, 0.0 ], [ -75.667417059479348, 4.543021326140399, 0.0 ], [ -75.667645305651135, 4.543018825505817, 0.0 ], [ -75.66776542323332, 4.543047724654357, 0.0 ], [ -75.667847077592867, 4.543129706270419, 0.0 ], [ -75.667902411848857, 4.542943947239061, 0.0 ] ] ] }, { "type": "LineString", "coordinates": [ [ -75.667715998000617, 4.542652484777314, 0.0 ], [ -75.667585307632834, 4.542506678038264, 0.0 ] ] } ] } },
{ "type": "Feature", "properties": { "barrio": "BALCONES DE ARMENIA", "barrio_alt": "GRANADA", "barrio_alt2": "GRANADA", "vulnerabilidad": "Alta", "indice": 2.3333333333300001, "val_suelo": 1.0, "val_falla": 3.0, "val_antig": 3.0, "clas_antiguedad": "Alto", "clas_falla": "Alta", "clas_falla_alt": "Alta", "porcentaje_limitacion_suelo": 0.0, "area_m2": 213993.879717, "shape_area": 10542.533662100001 }, "geometry": { "type": "Polygon", "coordinates": [ [ [ -75.675560595727774, 4.546308702977252, 0.0 ], [ -75.675189331869959, 4.546098466978116, 0.0 ], [ -75.675385108702997, 4.545614249371666, 0.0 ], [ -75.675702304649576, 4.545617815840197, 0.0 ], [ -75.676040926847904, 4.545503238313281, 0.0 ], [ -75.676209278315781, 4.545715458723121, 0.0 ], [ -75.676498253412802, 4.545837396395269, 0.0 ], [ -75.676503195808067, 4.545859409838844, 0.0 ], [ -75.6761669525889, 4.546589050967811, 0.0 ], [ -75.67555805469523, 4.546328319582686, 0.0 ], [ -75.675560595727774, 4.546308702977252, 0.0 ] ] ] } },
{ "type": "Feature", "properties": { "barrio": "LA CABA?A", "barrio_alt": "ASENTAMIENTO VIEJA LIBERTAD", "barrio_alt2": "ASENTAMIENTO VIEJA LIBERTAD", "vulnerabilidad": "Muy baja", "indice": 1.3333333333299999, "val_suelo": 1.0, "val_falla": 2.0, "val_antig": 1.0, "clas_antiguedad": "Baja", "clas_falla": "Media", "clas_falla_alt": "Media", "porcentaje_limitacion_suelo": 0.0, "area_m2": 10200.0941186, "shape_area": 113805.247724 }, "geometry": { "type": "Polygon", "coordinates": [ [ [ -75.67010421627873, 4.542366607053377, 0.0 ], [ -75.669723821942853, 4.541906143457854, 0.0 ], [ -75.669023387991871, 4.54115862241558, 0.0 ], [ -75.669058708633457, 4.541115286533001, 0.0 ], [ -75.669165254439818, 4.540988010605547, 0.0 ], [ -75.671295374825092, 4.5390241641358, 0.0 ], [ -75.671863049517256, 4.539661246980969, 0.0 ], [ -75.673812389279519, 4.537834448191391, 0.0 ], [ -75.674434493693809, 4.538514042187897, 0.0 ], [ -75.673467197638345, 4.539881650568862, 0.0 ], [ -75.672798178720186, 4.540754083999485, 0.0 ], [ -75.672776421511728, 4.540726123533458, 0.0 ], [ -75.672423080450713, 4.54113355492165, 0.0 ], [ -75.671981743082384, 4.54167637812033, 0.0 ], [ -75.671881581854905, 4.541555169070742, 0.0 ], [ -75.671709434408513, 4.541697162412276, 0.0 ], [ -75.671641830098793, 4.541691018691672, 0.0 ], [ -75.670925875505063, 4.541527779204527, 0.0 ], [ -75.670707720205456, 4.541450732082881, 0.0 ], [ -75.670612456940091, 4.541447684107392, 0.0 ], [ -75.670375760533432, 4.541629811757899, 0.0 ], [ -75.670563930564455, 4.5419712619432, 0.0 ], [ -75.67010421627873, 4.542366607053377, 0.0 ] ] ] } },
{ "type": "Feature", "properties": { "barrio": "NISA BULEVAR", "barrio_alt": "ARBOLEDA", "barrio_alt2": "ARBOLEDA", "vulnerabilidad": "Muy baja", "indice": 1.0, "val_suelo": 1.0, "val_falla": 1.0, "val_antig": 1.0, "clas_antiguedad": "Baja", "clas_falla": "Baja", "clas_falla_alt": "Baja", "porcentaje_limitacion_suelo": 0.0, "area_m2": 121684.912126, "shape_area": 34288.270368500001 }, "geometry": { "type": "Polygon", "coordinates": [ [ [ -75.667173642910939, 4.545871283562144, 0.0 ], [ -75.666668919135901, 4.545749475094272, 0.0 ], [ -75.666477297831491, 4.545735472210571, 0.0 ], [ -75.666085104044882, 4.544731435432949, 0.0 ], [ -75.665833371396261, 4.544131428804604, 0.0 ], [ -75.666173108890959, 4.544286368628069, 0.0 ], [ -75.666726207502762, 4.54461039495949, 0.0 ], [ -75.666956474932562, 4.544638500111506, 0.0 ], [ -75.667411424851025, 4.544615767393205, 0.0 ], [ -75.667438216016009, 4.544604230858848, 0.0 ], [ -75.667432824367125, 4.544614793095819, 0.0 ], [ -75.667660415674774, 4.544662132786823, 0.0 ], [ -75.667887985630088, 4.544761211897215, 0.0 ], [ -75.668124099456989, 4.544972391750432, 0.0 ], [ -75.66827002271873, 4.545196540873575, 0.0 ], [ -75.668374455796439, 4.54527644527499, 0.0 ], [ -75.668494678588743, 4.545336761597351, 0.0 ], [ -75.668538200051344, 4.545759429531449, 0.0 ], [ -75.667734366062277, 4.54620892307254, 0.0 ], [ -75.667173642910939, 4.545871283562144, 0.0 ] ] ] } },
{ "type": "Feature", "properties": { "barrio": "LA FACHADA", "barrio_alt": "LA FACHADA", "barrio_alt2": "LA FACHADA", "vulnerabilidad": "Baja", "indice": 1.6666666666700001, "val_suelo": 1.0, "val_falla": 1.0, "val_antig": 3.0, "clas_antiguedad": "Alto", "clas_falla": null, "clas_falla_alt": null, "porcentaje_limitacion_suelo": 0.93896713615100003, "area_m2": 261897.66042900001, "shape_area": 262065.457887 }, "geometry": { "type": "Polygon", "coordinates": [ [ [ -75.711412396170601, 4.518644329073084, 0.0 ], [ -75.711831493235337, 4.518504089688771, 0.0 ], [ -75.712154372037162, 4.519163852384879, 0.0 ], [ -75.712573916831374, 4.519015670714476, 0.0 ], [ -75.712686703444604, 4.518985430585846, 0.0 ], [ -75.712800022770779, 4.518975141267338, 0.0 ], [ -75.713161573601667, 4.519071344167043, 0.0 ], [ -75.713212709791264, 4.519075038707434, 0.0 ], [ -75.713401525618835, 4.519048100757015, 0.0 ], [ -75.713665185013539, 4.518980355591301, 0.0 ], [ -75.713681380505392, 4.518939380390771, 0.0 ], [ -75.713694316886304, 4.518930126189733, 0.0 ], [ -75.713801133170989, 4.518899032295056, 0.0 ], [ -75.713926211982255, 4.518888849715837, 0.0 ], [ -75.714005987134811, 4.518906763249975, 0.0 ], [ -75.714048410468266, 4.518926724278761, 0.0 ], [ -75.714112256904741, 4.518933603274125, 0.0 ], [ -75.71430824543647, 4.518928617865301, 0.0 ], [ -75.714509214209528, 4.518907332199698, 0.0 ], [ -75.714738676016793, 4.518845007111147, 0.0 ], [ -75.714918444106587, 4.51877243672688, 0.0 ], [ -75.715036621117719, 4.51874614387578, 0.0 ], [ -75.715167633608019, 4.51868568761566, 0.0 ], [ -75.715275640242083, 4.518659351511942, 0.0 ], [ -75.715449415699183, 4.518716144442331, 0.0 ], [ -75.715622243675583, 4.518746372429258, 0.0 ], [ -75.715720523332749, 4.518776894427967, 0.0 ], [ -75.715800578071111, 4.518809434748776, 0.0 ], [ -75.715949185077022, 4.518895797691423, 0.0 ], [ -75.716136790415291, 4.5189745162972, 0.0 ], [ -75.716323284882833, 4.518992242547867, 0.0 ], [ -75.71645620326575, 4.519024644109209, 0.0 ], [ -75.716742050365951, 4.518930991256174, 0.0 ], [ -75.716894343502801, 4.518897180613796, 0.0 ], [ -75.717138585619182, 4.518937488588407, 0.0 ], [ -75.717241108515864, 4.518974657974371, 0.0 ], [ -75.717398495262287, 4.518990297287782, 0.0 ], [ -75.717759304904902, 4.519059832203366, 0.0 ], [ -75.717879483749613, 4.519059553764373, 0.0 ], [ -75.718151189795805, 4.519032220356737, 0.0 ], [ -75.718223800555876, 4.519010959929762, 0.0 ], [ -75.718392712449472, 4.518936778869871, 0.0 ], [ -75.718540276280748, 4.518903755005288, 0.0 ], [ -75.718687480820066, 4.518897595551026, 0.0 ], [ -75.719120180120044, 4.518936190792731, 0.0 ], [ -75.718965155640831, 4.520527456729439, 0.0 ], [ -75.718957769225057, 4.520689336433057, 0.0 ], [ -75.718972373587803, 4.520845455350051, 0.0 ], [ -75.718967781704109, 4.520893394917964, 0.0 ], [ -75.718991656196451, 4.520908679964959, 0.0 ], [ -75.719003279488618, 4.520933825121436, 0.0 ], [ -75.718951958978522, 4.521428056247359, 0.0 ], [ -75.718972327188098, 4.521555772565238, 0.0 ], [ -75.718968545585938, 4.521581370655449, 0.0 ], [ -75.718884230725251, 4.521721756948602, 0.0 ], [ -75.718840986663409, 4.521712443446935, 0.0 ], [ -75.718809996984817, 4.521716335086879, 0.0 ], [ -75.718771889837754, 4.521727191853063, 0.0 ], [ -75.71873738711345, 4.521753333878162, 0.0 ], [ -75.718710721219864, 4.521757677554747, 0.0 ], [ -75.718604233418134, 4.521719784967874, 0.0 ], [ -75.71856261168287, 4.521717707491723, 0.0 ], [ -75.718537116817629, 4.521727115627174, 0.0 ], [ -75.718416765669758, 4.52184769543439, 0.0 ], [ -75.718351996216313, 4.521931729173287, 0.0 ], [ -75.718321277013928, 4.521953077401563, 0.0 ], [ -75.718280017426423, 4.521965743197224, 0.0 ], [ -75.718215961835654, 4.521930832639925, 0.0 ], [ -75.718181358462431, 4.521782675462231, 0.0 ], [ -75.71809198215297, 4.521656771365916, 0.0 ], [ -75.71798765603701, 4.521605039864496, 0.0 ], [ -75.717850267465707, 4.521574837111581, 0.0 ], [ -75.717811349651669, 4.521587412715188, 0.0 ], [ -75.717756129292596, 4.52165082229963, 0.0 ], [ -75.71765937612264, 4.521691803513398, 0.0 ], [ -75.717613252125759, 4.521722106986799, 0.0 ], [ -75.717484974350924, 4.521882033458638, 0.0 ], [ -75.717387498711815, 4.521895968940856, 0.0 ], [ -75.717221830944112, 4.522002803200428, 0.0 ], [ -75.717197416105918, 4.521993125984999, 0.0 ], [ -75.71715029688913, 4.52194980212539, 0.0 ], [ -75.716946894274841, 4.521965164097391, 0.0 ], [ -75.716738782934414, 4.521879003525156, 0.0 ], [ -75.716645622687992, 4.521889464814604, 0.0 ], [ -75.716588546227882, 4.521956429653815, 0.0 ], [ -75.716568114604343, 4.521964101081668, 0.0 ], [ -75.716421960213921, 4.521921625369748, 0.0 ], [ -75.716374098396912, 4.521962068554783, 0.0 ], [ -75.716349749417915, 4.52200486253459, 0.0 ], [ -75.716348347366321, 4.522055027682149, 0.0 ], [ -75.716376597776261, 4.522185990934076, 0.0 ], [ -75.716368121962688, 4.522210630342076, 0.0 ], [ -75.716317665424171, 4.522260644257025, 0.0 ], [ -75.716241163683634, 4.522284826673411, 0.0 ], [ -75.71620107376792, 4.522283860701929, 0.0 ], [ -75.716045820211576, 4.522237296738348, 0.0 ], [ -75.715870751295043, 4.522112148675508, 0.0 ], [ -75.715810468686641, 4.522053413433341, 0.0 ], [ -75.715740385404104, 4.522005124828897, 0.0 ], [ -75.715434331700891, 4.521979847835795, 0.0 ], [ -75.715107418970419, 4.521743092196929, 0.0 ], [ -75.71498480139735, 4.521663465406893, 0.0 ], [ -75.714887663616935, 4.521612907807802, 0.0 ], [ -75.714607611900362, 4.52152013575011, 0.0 ], [ -75.714492935729169, 4.521472609973898, 0.0 ], [ -75.714127621861209, 4.521360029299074, 0.0 ], [ -75.714013482686084, 4.521311076650857, 0.0 ], [ -75.713903215873003, 4.521246571926956, 0.0 ], [ -75.713767448972035, 4.521146073998168, 0.0 ], [ -75.713551549884329, 4.520965216368802, 0.0 ], [ -75.713321707887829, 4.520791573495894, 0.0 ], [ -75.713212332524577, 4.520722829866985, 0.0 ], [ -75.713009511354969, 4.520642808862442, 0.0 ], [ -75.712816991965781, 4.520539072652266, 0.0 ], [ -75.712656287844425, 4.5205145519824, 0.0 ], [ -75.712138610053529, 4.52036296332874, 0.0 ], [ -75.711662371058054, 4.520314384986524, 0.0 ], [ -75.711335897105641, 4.520247100556435, 0.0 ], [ -75.711120392880375, 4.520178328157423, 0.0 ], [ -75.710957411804259, 4.520073483442382, 0.0 ], [ -75.710466150595678, 4.520021755618696, 0.0 ], [ -75.710139170769025, 4.520020749597446, 0.0 ], [ -75.709997875809435, 4.520008905998773, 0.0 ], [ -75.709834713388034, 4.519957046840845, 0.0 ], [ -75.709394887791717, 4.51968595683869, 0.0 ], [ -75.709164903231596, 4.519450453985264, 0.0 ], [ -75.708985109643521, 4.519195058002541, 0.0 ], [ -75.711147086235016, 4.5187148333236, 0.0 ], [ -75.711412396170601, 4.518644329073084, 0.0 ] ], [ [ -75.713161079409886, 4.519071351184812, 0.0 ], [ -75.713163063551207, 4.519071740618321, 0.0 ], [ -75.713161573601667, 4.519071344167043, 0.0 ], [ -75.713161079409886, 4.519071351184812, 0.0 ] ] ] } },
{ "type": "Feature", "properties": { "barrio": "SALVADOR ALLENDE", "barrio_alt": "SALVADOR ALLENDE", "barrio_alt2": "SALVADOR ALLENDE", "vulnerabilidad": "Muy baja", "indice": 1.3333333333299999, "val_suelo": 1.0, "val_falla": 1.0, "val_antig": 2.0, "clas_antiguedad": "Media", "clas_falla": null, "clas_falla_alt": null, "porcentaje_limitacion_suelo": 2.2222222222300001, "area_m2": 57030.792000300004, "shape_area": 57060.615216400001 }, "geometry": { "type": "Polygon", "coordinates": [ [ [ -75.64488724105648, 4.57200169906929, 0.0 ], [ -75.64497446364598, 4.572071648893477, 0.0 ], [ -75.644982108920345, 4.572753116034852, 0.0 ], [ -75.644914864563006, 4.573041362063651, 0.0 ], [ -75.644740269384229, 4.573383534428388, 0.0 ], [ -75.644603052447636, 4.57353854394139, 0.0 ], [ -75.644337332056267, 4.573719150005432, 0.0 ], [ -75.643905137059733, 4.574120713185126, 0.0 ], [ -75.643773548562336, 4.574328184569022, 0.0 ], [ -75.643708847753558, 4.574850768486084, 0.0 ], [ -75.643711713125555, 4.575362173304794, 0.0 ], [ -75.643727510325732, 4.575868555168008, 0.0 ], [ -75.643671303484979, 4.576056506562589, 0.0 ], [ -75.643394673813731, 4.576533408950199, 0.0 ], [ -75.64323896285336, 4.576700489620607, 0.0 ], [ -75.643155762859422, 4.576746322963221, 0.0 ], [ -75.643072438575089, 4.577002254718025, 0.0 ], [ -75.642851595567436, 4.577429139944688, 0.0 ], [ -75.642709030775805, 4.578046039076227, 0.0 ], [ -75.642617642826139, 4.578326215614889, 0.0 ], [ -75.642472659770618, 4.578498677633914, 0.0 ], [ -75.641687862729796, 4.579314187149189, 0.0 ], [ -75.641087619416751, 4.579617178730722, 0.0 ], [ -75.641036422533546, 4.579256837955736, 0.0 ], [ -75.640940522615068, 4.579182444811027, 0.0 ], [ -75.641457318492755, 4.578901458954466, 0.0 ], [ -75.642292350347418, 4.577942855389338, 0.0 ], [ -75.64236744731646, 4.577762470753494, 0.0 ], [ -75.642437711782961, 4.576911269992653, 0.0 ], [ -75.642542515811726, 4.576628391382825, 0.0 ], [ -75.642714367928249, 4.576391270890829, 0.0 ], [ -75.642387189158271, 4.576149017742956, 0.0 ], [ -75.642701312816513, 4.575785225457924, 0.0 ], [ -75.643031153319242, 4.576062493577229, 0.0 ], [ -75.643007438543947, 4.575599907135239, 0.0 ], [ -75.64302100545541, 4.575344011735716, 0.0 ], [ -75.643050651059369, 4.57512043108578, 0.0 ], [ -75.643155164473441, 4.574597811947616, 0.0 ], [ -75.643238466035513, 4.574379591360859, 0.0 ], [ -75.643340537413181, 4.574180215671429, 0.0 ], [ -75.643402294468032, 4.574096682979524, 0.0 ], [ -75.643847992734067, 4.573546966668294, 0.0 ], [ -75.643909737771395, 4.573484983649164, 0.0 ], [ -75.643882930936684, 4.573447286805665, 0.0 ], [ -75.644167497326592, 4.573156235992394, 0.0 ], [ -75.644562017644617, 4.57294324107398, 0.0 ], [ -75.644652151593988, 4.572567446324157, 0.0 ], [ -75.644681806198236, 4.572327703721038, 0.0 ], [ -75.644601349249839, 4.572273873884146, 0.0 ], [ -75.644588035214724, 4.572104187003298, 0.0 ], [ -75.644636544940369, 4.571737837305279, 0.0 ], [ -75.644663374588006, 4.571737823162564, 0.0 ], [ -75.644690308253786, 4.571759284095711, 0.0 ], [ -75.644690203336452, 4.572001768965175, 0.0 ], [ -75.64473468487688, 4.572027277701174, 0.0 ], [ -75.64488724105648, 4.57200169906929, 0.0 ] ] ] } },
{ "type": "Feature", "properties": { "barrio": "ASENTAMIENTO MIRAFLOREZ", "barrio_alt": "ASENTAMIENTO MIRAFLOREZ", "barrio_alt2": "ASENTAMIENTO MIRAFLOREZ", "vulnerabilidad": "Muy baja", "indice": 1.3333333333299999, "val_suelo": 1.0, "val_falla": 1.0, "val_antig": 2.0, "clas_antiguedad": "Media", "clas_falla": "Baja", "clas_falla_alt": "Baja", "porcentaje_limitacion_suelo": 0.0, "area_m2": 52248.273832500003, "shape_area": 52279.248357700002 }, "geometry": { "type": "Polygon", "coordinates": [ [ [ -75.684352798858583, 4.533420642983138, 0.0 ], [ -75.684299392886999, 4.533288233807676, 0.0 ], [ -75.684320871969362, 4.533123568100854, 0.0 ], [ -75.684313791764538, 4.533030506259756, 0.0 ], [ -75.684242531060946, 4.532951799808302, 0.0 ], [ -75.68417482214808, 4.532898146717629, 0.0 ], [ -75.684075013840712, 4.532869568354251, 0.0 ], [ -75.683914583372086, 4.532866080351099, 0.0 ], [ -75.683672165205806, 4.532844741983932, 0.0 ], [ -75.68345462010079, 4.532977306065134, 0.0 ], [ -75.68337974581425, 4.532988086751774, 0.0 ], [ -75.683233545668344, 4.533041861597019, 0.0 ], [ -75.683152223823825, 4.533040648690925, 0.0 ], [ -75.682956204826141, 4.532922639282714, 0.0 ], [ -75.682788671639642, 4.532869043302431, 0.0 ], [ -75.682400079803443, 4.532851367591314, 0.0 ], [ -75.682310941641106, 4.532869315148038, 0.0 ], [ -75.682175461839108, 4.532876551012492, 0.0 ], [ -75.682093473191259, 4.532858700486767, 0.0 ], [ -75.681836829513671, 4.532772940092012, 0.0 ], [ -75.681726354274275, 4.532690675901602, 0.0 ], [ -75.681958183966898, 4.532515151058773, 0.0 ], [ -75.682689604150852, 4.532460678388875, 0.0 ], [ -75.683659296861023, 4.532510237982714, 0.0 ], [ -75.684332819358929, 4.532504166586861, 0.0 ], [ -75.684749916376347, 4.53255046058944, 0.0 ], [ -75.685277546024082, 4.532571634627268, 0.0 ], [ -75.685651884786807, 4.532575000139583, 0.0 ], [ -75.686007728012726, 4.532544213330964, 0.0 ], [ -75.686264406119818, 4.532565543071351, 0.0 ], [ -75.686595940018236, 4.532611884880611, 0.0 ], [ -75.686706480909379, 4.532572447562283, 0.0 ], [ -75.686813503890946, 4.532443526221826, 0.0 ], [ -75.686970499708977, 4.53220003428276, 0.0 ], [ -75.687016918353336, 4.532067568633114, 0.0 ], [ -75.687024136476282, 4.531902910192223, 0.0 ], [ -75.687394945736756, 4.531838266710777, 0.0 ], [ -75.687851627357304, 4.531680527409911, 0.0 ], [ -75.687891752215123, 4.53181412726522, 0.0 ], [ -75.68792725843474, 4.532086144839801, 0.0 ], [ -75.688002071063138, 4.532189904927938, 0.0 ], [ -75.688190923393009, 4.53237950632692, 0.0 ], [ -75.688222958113414, 4.53247613269307, 0.0 ], [ -75.688265693949347, 4.532562014388162, 0.0 ], [ -75.688262070237172, 4.532672978811347, 0.0 ], [ -75.688197843732254, 4.532773240796779, 0.0 ], [ -75.688147904944771, 4.532823381667376, 0.0 ], [ -75.687919678445425, 4.53293089637639, 0.0 ], [ -75.687791264186345, 4.533059829653777, 0.0 ], [ -75.687773413850621, 4.53310637227002, 0.0 ], [ -75.68784110386305, 4.533195819757063, 0.0 ], [ -75.68757718806873, 4.533374944027193, 0.0 ], [ -75.687448823282594, 4.533410811809361, 0.0 ], [ -75.687295508490365, 4.533435956446637, 0.0 ], [ -75.687163603359068, 4.533425293396775, 0.0 ], [ -75.686999629614917, 4.533382435427813, 0.0 ], [ -75.686867743507719, 4.533335978286679, 0.0 ], [ -75.686710930645575, 4.533235843846041, 0.0 ], [ -75.686588663497645, 4.533141758129514, 0.0 ], [ -75.686478164827264, 4.533102448232905, 0.0 ], [ -75.686221508916219, 4.53303816546844, 0.0 ], [ -75.686114611903051, 4.532930844107204, 0.0 ], [ -75.686057580839545, 4.532909399846281, 0.0 ], [ -75.685957726054667, 4.532966728248356, 0.0 ], [ -75.685861396523848, 4.533099222384028, 0.0 ], [ -75.685744259182968, 4.533205897481146, 0.0 ], [ -75.685676497076756, 4.533252468531569, 0.0 ], [ -75.685583802277833, 4.533252521410083, 0.0 ], [ -75.685476867022473, 4.533216788056807, 0.0 ], [ -75.685377077839448, 4.533152415857892, 0.0 ], [ -75.685223855124931, 4.533005747046218, 0.0 ], [ -75.685124053416487, 4.532962850510254, 0.0 ], [ -75.684910133011542, 4.532984450181276, 0.0 ], [ -75.684806688830818, 4.533088312395139, 0.0 ], [ -75.684778106258904, 4.533202871329489, 0.0 ], [ -75.684721013508181, 4.533295969312685, 0.0 ], [ -75.684699584502638, 4.533367570158653, 0.0 ], [ -75.68464607764966, 4.533421292506286, 0.0 ], [ -75.684560503120238, 4.533442817979312, 0.0 ], [ -75.684352798858583, 4.533420642983138, 0.0 ] ] ] } },
{ "type": "Feature", "properties": { "barrio": "MIRAFLORES", "barrio_alt": "EL PLACER", "barrio_alt2": "EL PLACER", "vulnerabilidad": "Muy baja", "indice": 1.3333333333299999, "val_suelo": 1.0, "val_falla": 2.0, "val_antig": 1.0, "clas_antiguedad": "Baja", "clas_falla": "Media", "clas_falla_alt": "Media", "porcentaje_limitacion_suelo": 0.0, "area_m2": 143185.48136500001, "shape_area": 122548.971689 }, "geometry": { "type": "Polygon", "coordinates": [ [ [ -75.682444136907478, 4.531483632511134, 0.0 ], [ -75.682552248000249, 4.531490661285217, 0.0 ], [ -75.682823215430972, 4.53146187131657, 0.0 ], [ -75.683265295582842, 4.531454460873928, 0.0 ], [ -75.683767975093858, 4.531464912270518, 0.0 ], [ -75.683764235131619, 4.531790642710067, 0.0 ], [ -75.683921097712073, 4.531797712434502, 0.0 ], [ -75.684088668976372, 4.531779719123297, 0.0 ], [ -75.684291906341358, 4.531733070423195, 0.0 ], [ -75.684307868226327, 4.531561422479433, 0.0 ], [ -75.684550282534786, 4.531589920056287, 0.0 ], [ -75.684571592182394, 4.531740243905423, 0.0 ], [ -75.684838992414228, 4.53171503471463, 0.0 ], [ -75.684942424812931, 4.531632648341119, 0.0 ], [ -75.684935383040667, 4.531467998367559, 0.0 ], [ -75.685085110994663, 4.531482230059589, 0.0 ], [ -75.685113513498877, 4.531704139883862, 0.0 ], [ -75.685511542125624, 4.531686933703823, 0.0 ], [ -75.685654171576417, 4.531643899375781, 0.0 ], [ -75.685953654912666, 4.531622250865034, 0.0 ], [ -75.686106988701368, 4.531561311755627, 0.0 ], [ -75.686053597775029, 4.531400267932527, 0.0 ], [ -75.686067908133779, 4.531307194464046, 0.0 ], [ -75.686146344614471, 4.531299990348018, 0.0 ], [ -75.68643520722533, 4.531138750119519, 0.0 ], [ -75.686608528270853, 4.531055944559935, 0.0 ], [ -75.686560418867003, 4.530970946855288, 0.0 ], [ -75.686535558828069, 4.530882601752625, 0.0 ], [ -75.686660172190159, 4.53046210670819, 0.0 ], [ -75.686742164523679, 4.530472797639855, 0.0 ], [ -75.687533636738209, 4.530450866175249, 0.0 ], [ -75.687726188591256, 4.530386324841586, 0.0 ], [ -75.687965065898481, 4.53036113148653, 0.0 ], [ -75.688800620927324, 4.530500030840427, 0.0 ], [ -75.688950353339536, 4.530507103547615, 0.0 ], [ -75.689150004441103, 4.530499829383952, 0.0 ], [ -75.689246280179418, 4.530467558092139, 0.0 ], [ -75.689321184366506, 4.530399505581589, 0.0 ], [ -75.689371152642735, 4.530292093359375, 0.0 ], [ -75.689488906467275, 4.530095156937733, 0.0 ], [ -75.689581664991564, 4.529973401829679, 0.0 ], [ -75.689702897861721, 4.529937537137499, 0.0 ], [ -75.689784875140248, 4.529976864334003, 0.0 ], [ -75.689920290023267, 4.530091327528511, 0.0 ], [ -75.689991539880211, 4.530191509767229, 0.0 ], [ -75.690059206432153, 4.530323910139821, 0.0 ], [ -75.690137507421113, 4.530574425079272, 0.0 ], [ -75.690378634740142, 4.530752161694754, 0.0 ], [ -75.690521229454191, 4.530773555383974, 0.0 ], [ -75.690685255791109, 4.530716189264037, 0.0 ], [ -75.69083857780852, 4.530676726024327, 0.0 ], [ -75.690949087406381, 4.530694559709954, 0.0 ], [ -75.691088066012, 4.530812600081456, 0.0 ], [ -75.691194939793704, 4.530962874410539, 0.0 ], [ -75.6913302868561, 4.531206197124203, 0.0 ], [ -75.691305302463746, 4.531259903687472, 0.0 ], [ -75.691255254915902, 4.531517651564562, 0.0 ], [ -75.691404945396755, 4.531603471463481, 0.0 ], [ -75.691376345077671, 4.531753824811101, 0.0 ], [ -75.69134422314464, 4.531821852738542, 0.0 ], [ -75.690631251430744, 4.531714883644149, 0.0 ], [ -75.690189476880263, 4.531667841456096, 0.0 ], [ -75.689426590232543, 4.531568058773795, 0.0 ], [ -75.688881136445644, 4.531543318622847, 0.0 ], [ -75.68841054136341, 4.531536430890334, 0.0 ], [ -75.688075384541065, 4.531601054129998, 0.0 ], [ -75.687394945736756, 4.531838266710777, 0.0 ], [ -75.687024136476282, 4.531902910192223, 0.0 ], [ -75.687016918353336, 4.532067568633114, 0.0 ], [ -75.686970499708977, 4.53220003428276, 0.0 ], [ -75.686813503890946, 4.532443526221826, 0.0 ], [ -75.686706480909379, 4.532572447562283, 0.0 ], [ -75.686595940018236, 4.532611884880611, 0.0 ], [ -75.686264406119818, 4.532565543071351, 0.0 ], [ -75.686007728012726, 4.532544213330964, 0.0 ], [ -75.685651884786807, 4.532575000139583, 0.0 ], [ -75.685277546024082, 4.532571634627268, 0.0 ], [ -75.684749916376347, 4.53255046058944, 0.0 ], [ -75.684332819358929, 4.532504166586861, 0.0 ], [ -75.683659296861023, 4.532510237982714, 0.0 ], [ -75.682689604150852, 4.532460678388875, 0.0 ], [ -75.682679073104694, 4.532156433030086, 0.0 ], [ -75.682436658296211, 4.532127934893192, 0.0 ], [ -75.682444136907478, 4.531483632511134, 0.0 ] ] ] } },
{ "type": "Feature", "properties": { "barrio": "URIBE", "barrio_alt": "URIBE", "barrio_alt2": "URIBE", "vulnerabilidad": "Media", "indice": 2.0, "val_suelo": 1.0, "val_falla": 2.0, "val_antig": 3.0, "clas_antiguedad": "Alto", "clas_falla": "Media", "clas_falla_alt": "Media", "porcentaje_limitacion_suelo": 2.4844720496899999, "area_m2": 200135.453668, "shape_area": 200251.184695 }, "geometry": { "type": "Polygon", "coordinates": [ [ [ -75.678667764891316, 4.527374583891208, 0.0 ], [ -75.678760293728715, 4.527631067240334, 0.0 ], [ -75.677857647103664, 4.528438366240664, 0.0 ], [ -75.677795762926863, 4.528461827968932, 0.0 ], [ -75.677789544667547, 4.528455060660611, 0.0 ], [ -75.677656678285857, 4.528572167026145, 0.0 ], [ -75.677643819209038, 4.528557637704428, 0.0 ], [ -75.6775968275483, 4.528600590800005, 0.0 ], [ -75.67744288395771, 4.52842293411701, 0.0 ], [ -75.67715860084077, 4.528668963705212, 0.0 ], [ -75.67782342994964, 4.529435364864855, 0.0 ], [ -75.678218801138954, 4.529076171354455, 0.0 ], [ -75.678678722414816, 4.528719906352909, 0.0 ], [ -75.678845242675948, 4.528625349679028, 0.0 ], [ -75.678908948041396, 4.528602062835014, 0.0 ], [ -75.679095746594527, 4.528459847910142, 0.0 ], [ -75.679210333075289, 4.528569719365318, 0.0 ], [ -75.67924658613866, 4.528654896835814, 0.0 ], [ -75.679206019310854, 4.528776337769537, 0.0 ], [ -75.679114939395618, 4.528932377002628, 0.0 ], [ -75.679080849933158, 4.529030643834777, 0.0 ], [ -75.679079697870478, 4.529216377749187, 0.0 ], [ -75.679096743908048, 4.529351946960019, 0.0 ], [ -75.679150034632883, 4.52959778474812, 0.0 ], [ -75.679146694965766, 4.52966916039554, 0.0 ], [ -75.679137206532658, 4.529694424099554, 0.0 ], [ -75.679074432022091, 4.529770640795544, 0.0 ], [ -75.679024837761858, 4.529804260239493, 0.0 ], [ -75.678972803352764, 4.529821072433169, 0.0 ], [ -75.678814242922485, 4.529819249348553, 0.0 ], [ -75.678726477442709, 4.529836409198133, 0.0 ], [ -75.678590468096374, 4.529882802416434, 0.0 ], [ -75.678463107984001, 4.529899636244123, 0.0 ], [ -75.67822530479684, 4.529855479814183, 0.0 ], [ -75.678178617637485, 4.529868088175459, 0.0 ], [ -75.677788539718321, 4.530268662565157, 0.0 ], [ -75.677641648704025, 4.530451853252942, 0.0 ], [ -75.677312292678522, 4.530800388514553, 0.0 ], [ -75.677152084380182, 4.53093445977597, 0.0 ], [ -75.676764897779563, 4.53128749376113, 0.0 ], [ -75.67557181071794, 4.529946501874709, 0.0 ], [ -75.675013902028184, 4.529261277363473, 0.0 ], [ -75.674689368919886, 4.528926506171053, 0.0 ], [ -75.674791733620154, 4.528823730146594, 0.0 ], [ -75.675054242944256, 4.528703000641039, 0.0 ], [ -75.675032063410796, 4.528591362176269, 0.0 ], [ -75.675165591670833, 4.52843944200061, 0.0 ], [ -75.675227954885941, 4.528278629925822, 0.0 ], [ -75.67527699538627, 4.528077631256602, 0.0 ], [ -75.675285989548229, 4.527898984471351, 0.0 ], [ -75.675312792355882, 4.527693531587796, 0.0 ], [ -75.675272883485107, 4.527465786628996, 0.0 ], [ -75.675191217792346, 4.527203322235207, 0.0 ], [ -75.675048984659895, 4.527006896355011, 0.0 ], [ -75.675031246212114, 4.526908654000965, 0.0 ], [ -75.67497345142462, 4.526850627663149, 0.0 ], [ -75.67505515815968, 4.526840917676079, 0.0 ], [ -75.675234923118353, 4.526755349740994, 0.0 ], [ -75.675373372997612, 4.526594725358313, 0.0 ], [ -75.675426336786899, 4.52645279773778, 0.0 ], [ -75.675450047723388, 4.52631860319755, 0.0 ], [ -75.675427722759594, 4.526110446425072, 0.0 ], [ -75.675389056047635, 4.525960296502857, 0.0 ], [ -75.675375560496292, 4.525775947000734, 0.0 ], [ -75.675415154261856, 4.525600036594982, 0.0 ], [ -75.675469828902209, 4.525491974053296, 0.0 ], [ -75.675576900641531, 4.525378293295342, 0.0 ], [ -75.675823781482038, 4.525184437005928, 0.0 ], [ -75.675854132697893, 4.525191492045161, 0.0 ], [ -75.675960673340896, 4.525165965929626, 0.0 ], [ -75.67650249904932, 4.525149330268892, 0.0 ], [ -75.676683129163621, 4.525167718238202, 0.0 ], [ -75.676856740793752, 4.525203273928557, 0.0 ], [ -75.676986289617659, 4.525188456923105, 0.0 ], [ -75.677162550099396, 4.5251564815717, 0.0 ], [ -75.67735985536666, 4.52513972848933, 0.0 ], [ -75.677703168898375, 4.525067048697906, 0.0 ], [ -75.67786455476913, 4.524999643251465, 0.0 ], [ -75.677973862675103, 4.524924908916047, 0.0 ], [ -75.677972431914, 4.525023580896189, 0.0 ], [ -75.678003020257208, 4.525346229467615, 0.0 ], [ -75.678167830261017, 4.525489243423086, 0.0 ], [ -75.678120301356529, 4.525536964584137, 0.0 ], [ -75.678114691130233, 4.525581858999353, 0.0 ], [ -75.678131434437347, 4.52563235530898, 0.0 ], [ -75.678055870220319, 4.525870882426574, 0.0 ], [ -75.677983159436351, 4.525983148715098, 0.0 ], [ -75.677999783861736, 4.526286163199325, 0.0 ], [ -75.678022119745535, 4.526331044500534, 0.0 ], [ -75.678016482630355, 4.526432055477756, 0.0 ], [ -75.678047200422569, 4.526479738125074, 0.0 ], [ -75.678016398157894, 4.526611624473962, 0.0 ], [ -75.678128718315094, 4.526771405848783, 0.0 ], [ -75.67817319756378, 4.527171455877541, 0.0 ], [ -75.678373739433852, 4.52713375955838, 0.0 ], [ -75.678500565190134, 4.527072199943606, 0.0 ], [ -75.678585391213005, 4.527082293966004, 0.0 ], [ -75.678667764891316, 4.527374583891208, 0.0 ] ] ] } },
{ "type": "Feature", "properties": { "barrio": "MILAGRO DE DIOS", "barrio_alt": "MIRAFLORES", "barrio_alt2": "MIRAFLORES", "vulnerabilidad": "Muy baja", "indice": 1.3333333333299999, "val_suelo": 1.0, "val_falla": 1.0, "val_antig": 2.0, "clas_antiguedad": "Media", "clas_falla": "Baja", "clas_falla_alt": "Baja", "porcentaje_limitacion_suelo": 0.0, "area_m2": 122476.095305, "shape_area": 4509.0450507400001 }, "geometry": { "type": "Polygon", "coordinates": [ [ [ -75.685511542125624, 4.531686933703823, 0.0 ], [ -75.685113513498877, 4.531704139883862, 0.0 ], [ -75.685085110994663, 4.531482230059589, 0.0 ], [ -75.685175918135528, 4.53143284231269, 0.0 ], [ -75.6851861528108, 4.531445560384498, 0.0 ], [ -75.685327477530336, 4.531411710700858, 0.0 ], [ -75.68537350397375, 4.531370536406837, 0.0 ], [ -75.685519593490184, 4.531297719851561, 0.0 ], [ -75.685598358922817, 4.531271759176951, 0.0 ], [ -75.685624907975992, 4.531249833091257, 0.0 ], [ -75.685612186899434, 4.531238319427711, 0.0 ], [ -75.685627466102289, 4.531211698944631, 0.0 ], [ -75.685601042219673, 4.531197018731999, 0.0 ], [ -75.685685697678451, 4.531060869699744, 0.0 ], [ -75.685685287407097, 4.531020512690332, 0.0 ], [ -75.685782019795766, 4.531091523050294, 0.0 ], [ -75.685851823129354, 4.5311793710954, 0.0 ], [ -75.685968173752471, 4.53128683380156, 0.0 ], [ -75.686067908133779, 4.531307194464046, 0.0 ], [ -75.686053597775029, 4.531400267932527, 0.0 ], [ -75.686106988701368, 4.531561311755627, 0.0 ], [ -75.685953654912666, 4.531622250865034, 0.0 ], [ -75.685654171576417, 4.531643899375781, 0.0 ], [ -75.685511542125624, 4.531686933703823, 0.0 ] ] ] } },
{ "type": "Feature", "properties": { "barrio": "ASENTAMIENTO REGIVIT BAJO", "barrio_alt": "SALVADOR ALLENDE", "barrio_alt2": "SALVADOR ALLENDE", "vulnerabilidad": "Baja", "indice": 1.6666666666700001, "val_suelo": 1.0, "val_falla": 1.0, "val_antig": 3.0, "clas_antiguedad": "Alto", "clas_falla": null, "clas_falla_alt": null, "porcentaje_limitacion_suelo": 2.2222222222300001, "area_m2": 57030.792000300004, "shape_area": 169292.085636 }, "geometry": { "type": "Polygon", "coordinates": [ [ [ -75.646247279461008, 4.569634824578494, 0.0 ], [ -75.646383553224481, 4.569759199285364, 0.0 ], [ -75.646234063276822, 4.570043215883767, 0.0 ], [ -75.646030576323597, 4.570260250119897, 0.0 ], [ -75.645782601511627, 4.570464536735111, 0.0 ], [ -75.645636354804253, 4.570598593938572, 0.0 ], [ -75.645436018863577, 4.570876247583634, 0.0 ], [ -75.64488724105648, 4.57200169906929, 0.0 ], [ -75.64473468487688, 4.572027277701174, 0.0 ], [ -75.644690203336452, 4.572001768965175, 0.0 ], [ -75.644690308253786, 4.571759284095711, 0.0 ], [ -75.644664894898611, 4.571733769085584, 0.0 ], [ -75.644680847012808, 4.571590186006633, 0.0 ], [ -75.644547381671572, 4.571564708552765, 0.0 ], [ -75.644409254370473, 4.571304786538808, 0.0 ], [ -75.644351335380293, 4.571223486108185, 0.0 ], [ -75.644263199014759, 4.571129847219369, 0.0 ], [ -75.644033446382849, 4.570934000937961, 0.0 ], [ -75.643866282423545, 4.570731545115767, 0.0 ], [ -75.643945459438854, 4.570481124116239, 0.0 ], [ -75.643904394635555, 4.570238250471767, 0.0 ], [ -75.643916361774288, 4.570193314277679, 0.0 ], [ -75.643958096687271, 4.570114768455021, 0.0 ], [ -75.644123538657325, 4.569892155753889, 0.0 ], [ -75.644132199995937, 4.569818148484266, 0.0 ], [ -75.644095055781463, 4.569753076285223, 0.0 ], [ -75.644031226324813, 4.569692000087468, 0.0 ], [ -75.643871176982586, 4.569566817427346, 0.0 ], [ -75.643850123575874, 4.569523915268473, 0.0 ], [ -75.643847045146174, 4.569456836788201, 0.0 ], [ -75.643890756160218, 4.569319406497848, 0.0 ], [ -75.643889272306453, 4.569251079024943, 0.0 ], [ -75.643928955469178, 4.569112472941107, 0.0 ], [ -75.643921922512675, 4.569047012896708, 0.0 ], [ -75.643944666921684, 4.568919349930366, 0.0 ], [ -75.643933193824921, 4.568815935891729, 0.0 ], [ -75.643898238872879, 4.568752555226917, 0.0 ], [ -75.643894826524985, 4.568714311748674, 0.0 ], [ -75.643909948808783, 4.568600081688585, 0.0 ], [ -75.643903486667767, 4.568436191622387, 0.0 ], [ -75.643922444718768, 4.568391907699455, 0.0 ], [ -75.643965701932672, 4.568331722665326, 0.0 ], [ -75.644019480841706, 4.568290650790612, 0.0 ], [ -75.644251542065007, 4.568202840890319, 0.0 ], [ -75.644303194327421, 4.568194340845555, 0.0 ], [ -75.64448527452349, 4.568232780923949, 0.0 ], [ -75.644634938332914, 4.568277072474884, 0.0 ], [ -75.644732555718036, 4.568291891544232, 0.0 ], [ -75.644859653670281, 4.568281286673101, 0.0 ], [ -75.644920666323117, 4.568257989341621, 0.0 ], [ -75.644977933447208, 4.568203629979499, 0.0 ], [ -75.645026271507419, 4.568130600935113, 0.0 ], [ -75.645110537543943, 4.567902277847417, 0.0 ], [ -75.645198387828799, 4.56771583287589, 0.0 ], [ -75.645269331092564, 4.567651687927476, 0.0 ], [ -75.645356399384198, 4.567627920105297, 0.0 ], [ -75.645397466001612, 4.567606728786498, 0.0 ], [ -75.645450867538017, 4.567546816401891, 0.0 ], [ -75.645618490979103, 4.567251046112133, 0.0 ], [ -75.645724488591398, 4.566994131000167, 0.0 ], [ -75.645760718175794, 4.56694126331985, 0.0 ], [ -75.645892125467654, 4.566826883401149, 0.0 ], [ -75.645986016713934, 4.566730502048491, 0.0 ], [ -75.646013424386879, 4.566711282332625, 0.0 ], [ -75.646049472064377, 4.56670610990077, 0.0 ], [ -75.646101464675112, 4.566728073217545, 0.0 ], [ -75.646152573729168, 4.566778357282423, 0.0 ], [ -75.646226465330997, 4.566880724237403, 0.0 ], [ -75.646282610342695, 4.566924314886013, 0.0 ], [ -75.646375551593579, 4.56696663320581, 0.0 ], [ -75.646411364415584, 4.566950976137665, 0.0 ], [ -75.646448070233731, 4.56690515487435, 0.0 ], [ -75.646489643937272, 4.566801416767777, 0.0 ], [ -75.646547557448514, 4.566723903436712, 0.0 ], [ -75.646574637946301, 4.566619413333108, 0.0 ], [ -75.646621110470065, 4.566561508284041, 0.0 ], [ -75.646672447926818, 4.566517839840395, 0.0 ], [ -75.646907893874427, 4.566479244037029, 0.0 ], [ -75.646948645249836, 4.566442639358717, 0.0 ], [ -75.647120170839685, 4.566254497708929, 0.0 ], [ -75.647164885521349, 4.566107903876098, 0.0 ], [ -75.647194798334809, 4.565959909160114, 0.0 ], [ -75.647124893745186, 4.565816123632587, 0.0 ], [ -75.647070290321579, 4.565744529003338, 0.0 ], [ -75.647028865975216, 4.565713575445082, 0.0 ], [ -75.646998685254076, 4.565676515816222, 0.0 ], [ -75.646954334618741, 4.565598119907009, 0.0 ], [ -75.646940670303223, 4.565511629485175, 0.0 ], [ -75.646975393899893, 4.565473144016363, 0.0 ], [ -75.646994719820384, 4.565466830906286, 0.0 ], [ -75.647236309017345, 4.56546564578104, 0.0 ], [ -75.647490241811894, 4.565436005305374, 0.0 ], [ -75.647631094840023, 4.565462168835283, 0.0 ], [ -75.647661835506213, 4.565433533506703, 0.0 ], [ -75.647655683887223, 4.565400092773258, 0.0 ], [ -75.647707868759284, 4.565256158317736, 0.0 ], [ -75.647697458580424, 4.565209476853744, 0.0 ], [ -75.647669540190606, 4.565142233571293, 0.0 ], [ -75.647566512266579, 4.565031055681447, 0.0 ], [ -75.647444510414701, 4.564917995931024, 0.0 ], [ -75.647445220648024, 4.56486599990778, 0.0 ], [ -75.647400555976986, 4.564824295294161, 0.0 ], [ -75.647410162711182, 4.564754096298709, 0.0 ], [ -75.647490357108509, 4.564716498880947, 0.0 ], [ -75.647620039166256, 4.564717027999436, 0.0 ], [ -75.647721803609883, 4.564657641334975, 0.0 ], [ -75.648028919605906, 4.564592780542186, 0.0 ], [ -75.648079778760831, 4.564575966739016, 0.0 ], [ -75.648130396015006, 4.564521942086613, 0.0 ], [ -75.648144839701033, 4.56447630073753, 0.0 ], [ -75.648051279795723, 4.564385058957351, 0.0 ], [ -75.647800963513646, 4.564065050190782, 0.0 ], [ -75.647760255908466, 4.56389367025368, 0.0 ], [ -75.647776789821094, 4.563848290601149, 0.0 ], [ -75.647844741953733, 4.563768551541239, 0.0 ], [ -75.647882942647101, 4.563751592862801, 0.0 ], [ -75.647963955361178, 4.563746539164726, 0.0 ], [ -75.648013904229941, 4.563733570177633, 0.0 ], [ -75.648091701337933, 4.563732632843936, 0.0 ], [ -75.648144063338094, 4.563752959265019, 0.0 ], [ -75.648171127458625, 4.56380641763891, 0.0 ], [ -75.648309029283979, 4.563912087438767, 0.0 ], [ -75.648414215324152, 4.563901607641289, 0.0 ], [ -75.64848416588255, 4.563875985440339, 0.0 ], [ -75.648588560358391, 4.563801745943215, 0.0 ], [ -75.648687478814168, 4.563686921049013, 0.0 ], [ -75.64876273724164, 4.563625606245155, 0.0 ], [ -75.648849898009388, 4.563790087172935, 0.0 ], [ -75.648972278754144, 4.563892291852134, 0.0 ], [ -75.649101940357738, 4.563960750318207, 0.0 ], [ -75.649285856620196, 4.564246888426277, 0.0 ], [ -75.648655730204965, 4.565299746199776, 0.0 ], [ -75.648708871183601, 4.565349167275727, 0.0 ], [ -75.648494188105275, 4.56580674174342, 0.0 ], [ -75.648053051246563, 4.566537337626086, 0.0 ], [ -75.648021277998239, 4.566545805075065, 0.0 ], [ -75.647914190515124, 4.566787295095074, 0.0 ], [ -75.647823409498301, 4.567140440587519, 0.0 ], [ -75.64776121330415, 4.567321341784967, 0.0 ], [ -75.647748620343066, 4.567419823163279, 0.0 ], [ -75.647681132334782, 4.567561257528531, 0.0 ], [ -75.647639448649855, 4.567547320648173, 0.0 ], [ -75.647587277258808, 4.567683367989425, 0.0 ], [ -75.647430948376254, 4.567665984412766, 0.0 ], [ -75.647364850612377, 4.567871795610473, 0.0 ], [ -75.647291840987208, 4.567993897762389, 0.0 ], [ -75.647227500049539, 4.568070585084398, 0.0 ], [ -75.646936529362122, 4.568333976130748, 0.0 ], [ -75.646715926153846, 4.568509978631533, 0.0 ], [ -75.646616948267862, 4.568602165048706, 0.0 ], [ -75.646435029978818, 4.568803042215576, 0.0 ], [ -75.646380054825315, 4.568888302661502, 0.0 ], [ -75.646331495224388, 4.568990034283091, 0.0 ], [ -75.646302915414608, 4.569083163933059, 0.0 ], [ -75.646247279461008, 4.569634824578494, 0.0 ] ] ] } },
{ "type": "Feature", "properties": { "barrio": "LA MARIELA", "barrio_alt": "SALVADOR ALLENDE", "barrio_alt2": "SALVADOR ALLENDE", "vulnerabilidad": "Baja", "indice": 1.6666666666700001, "val_suelo": 1.0, "val_falla": 1.0, "val_antig": 3.0, "clas_antiguedad": "Alto", "clas_falla": null, "clas_falla_alt": null, "porcentaje_limitacion_suelo": 2.2222222222300001, "area_m2": 57030.792000300004, "shape_area": 67891.899059300005 }, "geometry": { "type": "Polygon", "coordinates": [ [ [ -75.642282927180162, 4.573829781260835, 0.0 ], [ -75.642222427612538, 4.573844026051466, 0.0 ], [ -75.642191526655779, 4.573864716110156, 0.0 ], [ -75.641994895642867, 4.573598076053556, 0.0 ], [ -75.641935455135567, 4.573488363966743, 0.0 ], [ -75.64193354233602, 4.573361542216679, 0.0 ], [ -75.642064285223512, 4.573038979334598, 0.0 ], [ -75.642064792461483, 4.572976567946064, 0.0 ], [ -75.642006723134742, 4.572832168476313, 0.0 ], [ -75.642008165935408, 4.572796892292304, 0.0 ], [ -75.642071543640611, 4.57268132488296, 0.0 ], [ -75.642138867159503, 4.572594684305568, 0.0 ], [ -75.642222604565461, 4.572534284612694, 0.0 ], [ -75.642366301424801, 4.572452423107673, 0.0 ], [ -75.642458897400076, 4.57233396237298, 0.0 ], [ -75.642591809068165, 4.572270516088942, 0.0 ], [ -75.642767516190588, 4.572212806372939, 0.0 ], [ -75.642787103377472, 4.572198561705934, 0.0 ], [ -75.642796648015263, 4.572180669998025, 0.0 ], [ -75.642786411476337, 4.57207988942011, 0.0 ], [ -75.642749195436096, 4.571897718381764, 0.0 ], [ -75.642782761715878, 4.571724555526647, 0.0 ], [ -75.642843296329218, 4.571650872896504, 0.0 ], [ -75.642923117544214, 4.571609483279109, 0.0 ], [ -75.643029959719897, 4.571579709848874, 0.0 ], [ -75.64309172576499, 4.571600352450436, 0.0 ], [ -75.643157362771774, 4.571604194720281, 0.0 ], [ -75.643352010266199, 4.571498674266242, 0.0 ], [ -75.643412532306755, 4.571445665243979, 0.0 ], [ -75.6434705000039, 4.571361646718397, 0.0 ], [ -75.643510472275267, 4.57123628965823, 0.0 ], [ -75.64351828951061, 4.57107606169094, 0.0 ], [ -75.643536335711843, 4.571029535363016, 0.0 ], [ -75.643578835143586, 4.570984289324787, 0.0 ], [ -75.643688258681152, 4.570941592476794, 0.0 ], [ -75.643799011729271, 4.570827828343996, 0.0 ], [ -75.643868094129232, 4.570733738952173, 0.0 ], [ -75.644033446382849, 4.570934000937961, 0.0 ], [ -75.644263199014759, 4.571129847219369, 0.0 ], [ -75.644351335380293, 4.571223486108185, 0.0 ], [ -75.644409254370473, 4.571304786538808, 0.0 ], [ -75.644547381671572, 4.571564708552765, 0.0 ], [ -75.644680847012808, 4.571590186006633, 0.0 ], [ -75.644664444891745, 4.571737822824456, 0.0 ], [ -75.644636544940369, 4.571737837305279, 0.0 ], [ -75.644588035214724, 4.572104187003298, 0.0 ], [ -75.644601349249839, 4.572273873884146, 0.0 ], [ -75.644681806198236, 4.572327703721038, 0.0 ], [ -75.644652151593988, 4.572567446324157, 0.0 ], [ -75.644562017644617, 4.57294324107398, 0.0 ], [ -75.644167497326592, 4.573156235992394, 0.0 ], [ -75.643882930936684, 4.573447286805665, 0.0 ], [ -75.643909737771395, 4.573484983649164, 0.0 ], [ -75.643847992734067, 4.573546966668294, 0.0 ], [ -75.643340537413181, 4.574180215671429, 0.0 ], [ -75.643225857920555, 4.574412620543722, 0.0 ], [ -75.643146782691076, 4.574233800241212, 0.0 ], [ -75.643095330469848, 4.574184725270516, 0.0 ], [ -75.643051582815232, 4.574164074093327, 0.0 ], [ -75.642876570436172, 4.574120231808387, 0.0 ], [ -75.642783936992473, 4.574063425354375, 0.0 ], [ -75.64274106373631, 4.574027924132677, 0.0 ], [ -75.642683233350141, 4.573881942731532, 0.0 ], [ -75.642654935297756, 4.573853529885537, 0.0 ], [ -75.64246190032172, 4.573817449530125, 0.0 ], [ -75.642282927180162, 4.573829781260835, 0.0 ] ] ] } },
{ "type": "Feature", "properties": { "barrio": "VILLA ANGELA", "barrio_alt": "VILLA ANGELA", "barrio_alt2": "VILLA ANGELA", "vulnerabilidad": "Baja", "indice": 1.6666666666700001, "val_suelo": 1.0, "val_falla": 1.0, "val_antig": 3.0, "clas_antiguedad": "Alto", "clas_falla": null, "clas_falla_alt": null, "porcentaje_limitacion_suelo": 0.0, "area_m2": 12678.514834199999, "shape_area": 12686.3229068 }, "geometry": { "type": "Polygon", "coordinates": [ [ [ -75.700601395979561, 4.527409132615817, 0.0 ], [ -75.700600959344868, 4.527841365475547, 0.0 ], [ -75.700500728977474, 4.527845273913502, 0.0 ], [ -75.700064347616546, 4.527929320203049, 0.0 ], [ -75.699696790916548, 4.52812755318184, 0.0 ], [ -75.699607791971303, 4.528209151489021, 0.0 ], [ -75.699542661403385, 4.528314751441932, 0.0 ], [ -75.699300342157827, 4.528177347829769, 0.0 ], [ -75.699167304605126, 4.528115573689869, 0.0 ], [ -75.699175193565509, 4.528039883419716, 0.0 ], [ -75.69914923419897, 4.527905808386793, 0.0 ], [ -75.69910646503611, 4.527820739881259, 0.0 ], [ -75.699024118971806, 4.527707840985543, 0.0 ], [ -75.698981116607555, 4.527630324763632, 0.0 ], [ -75.698962573536789, 4.527552754256316, 0.0 ], [ -75.698978434891856, 4.527452270774837, 0.0 ], [ -75.699042629633382, 4.527371459489777, 0.0 ], [ -75.699214156117904, 4.527241084845238, 0.0 ], [ -75.699330506176651, 4.527196641718774, 0.0 ], [ -75.699364749461296, 4.527203162128258, 0.0 ], [ -75.699405317772559, 4.52722991660753, 0.0 ], [ -75.699471566877875, 4.527392157428541, 0.0 ], [ -75.699535172852634, 4.527458908194005, 0.0 ], [ -75.699596696591016, 4.527491785175358, 0.0 ], [ -75.699660894511169, 4.527506581337205, 0.0 ], [ -75.699752119229771, 4.527495135362129, 0.0 ], [ -75.699823040398513, 4.527429630513611, 0.0 ], [ -75.699972428291645, 4.527326362871961, 0.0 ], [ -75.700014220715062, 4.527308153106388, 0.0 ], [ -75.700075976751748, 4.52729777637967, 0.0 ], [ -75.700154193167407, 4.527321489995354, 0.0 ], [ -75.700242825759375, 4.527375269144953, 0.0 ], [ -75.70028286371253, 4.527413980527724, 0.0 ], [ -75.700404224409468, 4.527448302708046, 0.0 ], [ -75.700513485774209, 4.527443957370119, 0.0 ], [ -75.700565800442561, 4.527430260993225, 0.0 ], [ -75.700601395979561, 4.527409132615817, 0.0 ] ] ] } },
{ "type": "Feature", "properties": { "barrio": "CIUDADELA NUEVO ARMENIA", "barrio_alt": "CIUDADELA NUEVO ARMENIA", "barrio_alt2": "CIUDADELA NUEVO ARMENIA", "vulnerabilidad": "Muy baja", "indice": 1.3333333333299999, "val_suelo": 1.0, "val_falla": 1.0, "val_antig": 2.0, "clas_antiguedad": "Media", "clas_falla": null, "clas_falla_alt": null, "porcentaje_limitacion_suelo": 0.0, "area_m2": 59049.506616400002, "shape_area": 59085.837036999998 }, "geometry": { "type": "GeometryCollection", "geometries": [ { "type": "MultiPolygon", "coordinates": [ [ [ [ -75.700529953758803, 4.529551567365814, 0.0 ], [ -75.700999188331693, 4.52961442734758, 0.0 ], [ -75.701109029198705, 4.529683600385715, 0.0 ], [ -75.701221817169028, 4.529789044999248, 0.0 ], [ -75.701315444761576, 4.52995742615652, 0.0 ], [ -75.701222468861246, 4.530173192335496, 0.0 ], [ -75.701151970644531, 4.530278826029537, 0.0 ], [ -75.701104818846673, 4.53032001943568, 0.0 ], [ -75.701023405805202, 4.530368088701887, 0.0 ], [ -75.700751526965902, 4.530480964650107, 0.0 ], [ -75.700559374419342, 4.53051802094584, 0.0 ], [ -75.700468330687073, 4.530548931398447, 0.0 ], [ -75.700345414418294, 4.530646578649747, 0.0 ], [ -75.700157465694559, 4.53082721743831, 0.0 ], [ -75.700085665699092, 4.530870773027087, 0.0 ], [ -75.699984684123734, 4.530897396598295, 0.0 ], [ -75.699838260438966, 4.530903344734563, 0.0 ], [ -75.699764495466368, 4.530931070712616, 0.0 ], [ -75.699681550455765, 4.530948232059933, 0.0 ], [ -75.699514730421782, 4.530956984772639, 0.0 ], [ -75.69939226258478, 4.530998099873805, 0.0 ], [ -75.699240634360109, 4.531030183223058, 0.0 ], [ -75.699160893400702, 4.531030548167731, 0.0 ], [ -75.69888357415401, 4.530943810596265, 0.0 ], [ -75.698830141846756, 4.530944807641878, 0.0 ], [ -75.698804627704632, 4.53093591684372, 0.0 ], [ -75.698773284383293, 4.530903518407639, 0.0 ], [ -75.698716045780273, 4.530767761232294, 0.0 ], [ -75.698604536702575, 4.530657893285016, 0.0 ], [ -75.698544713070206, 4.530636342131144, 0.0 ], [ -75.698375615000913, 4.530602191932732, 0.0 ], [ -75.698113633563167, 4.530504526437304, 0.0 ], [ -75.698170909332319, 4.530303544312974, 0.0 ], [ -75.697837986499252, 4.529194959063386, 0.0 ], [ -75.698205249120434, 4.529112105536307, 0.0 ], [ -75.698867588076027, 4.529001573621263, 0.0 ], [ -75.699056812071845, 4.528934908978886, 0.0 ], [ -75.699208915829914, 4.528818623797125, 0.0 ], [ -75.69935620890945, 4.528617058743271, 0.0 ], [ -75.699975242334602, 4.529440400148866, 0.0 ], [ -75.700122875121025, 4.529463224976519, 0.0 ], [ -75.700251111501956, 4.529497085536604, 0.0 ], [ -75.700304527635581, 4.529505368458246, 0.0 ], [ -75.700413923207336, 4.529531514737546, 0.0 ], [ -75.700444085672117, 4.529535330029405, 0.0 ], [ -75.700525904307867, 4.529550657694966, 0.0 ], [ -75.700528246934624, 4.529551183943912, 0.0 ], [ -75.700546492104522, 4.529555288959141, 0.0 ], [ -75.700529953758803, 4.529551567365814, 0.0 ] ] ], [ [ [ -75.700525915121119, 4.529550658558581, 0.0 ], [ -75.700525915124459, 4.529550659462604, 0.0 ], [ -75.700525904307867, 4.529550657694966, 0.0 ], [ -75.700525915121119, 4.529550658558581, 0.0 ] ] ], [ [ [ -75.700529953758803, 4.529551567365814, 0.0 ], [ -75.700528246934624, 4.529551183943912, 0.0 ], [ -75.700525915121119, 4.529550658558581, 0.0 ], [ -75.700529953758803, 4.529551567365814, 0.0 ] ] ] ] }, { "type": "LineString", "coordinates": [ [ -75.700551464341132, 4.529556399514195, 0.0 ], [ -75.700546492104522, 4.529555288959141, 0.0 ] ] } ] } },
{ "type": "Feature", "properties": { "barrio": "LOMA VERDE", "barrio_alt": "LOMA VERDE", "barrio_alt2": "LOMA VERDE", "vulnerabilidad": "Baja", "indice": 1.6666666666700001, "val_suelo": 1.0, "val_falla": 1.0, "val_antig": 3.0, "clas_antiguedad": "Alto", "clas_falla": null, "clas_falla_alt": null, "porcentaje_limitacion_suelo": 0.0, "area_m2": 21659.545018500001, "shape_area": 21672.8748127 }, "geometry": { "type": "Polygon", "coordinates": [ [ [ -75.699441518771152, 4.532597307919305, 0.0 ], [ -75.698898373344804, 4.532362347641983, 0.0 ], [ -75.69872608866784, 4.531546403167437, 0.0 ], [ -75.699099328284532, 4.531493446266788, 0.0 ], [ -75.700136246866919, 4.53122527232923, 0.0 ], [ -75.700179728898746, 4.531352014055665, 0.0 ], [ -75.700442941867578, 4.53238524341389, 0.0 ], [ -75.700386016093447, 4.532412928239706, 0.0 ], [ -75.70048690704958, 4.532980315392449, 0.0 ], [ -75.700387131203044, 4.532950351860662, 0.0 ], [ -75.700256307361997, 4.532866408640112, 0.0 ], [ -75.700118360091281, 4.532598712876477, 0.0 ], [ -75.700065662748131, 4.532521586708566, 0.0 ], [ -75.700005975835154, 4.532460724096376, 0.0 ], [ -75.699923216980721, 4.532416460012308, 0.0 ], [ -75.699864063752273, 4.532411251579226, 0.0 ], [ -75.699780712541084, 4.532426288257921, 0.0 ], [ -75.699712632434796, 4.53246705731915, 0.0 ], [ -75.69960228410261, 4.532561483614801, 0.0 ], [ -75.699535509230131, 4.53258622461687, 0.0 ], [ -75.699441518771152, 4.532597307919305, 0.0 ] ] ] } },
{ "type": "Feature", "properties": { "barrio": "JARDIN DE LA FACHADA", "barrio_alt": "LA FACHADA", "barrio_alt2": "LA FACHADA", "vulnerabilidad": "Muy baja", "indice": 1.0, "val_suelo": 1.0, "val_falla": 1.0, "val_antig": 1.0, "clas_antiguedad": "Baja", "clas_falla": null, "clas_falla_alt": null, "porcentaje_limitacion_suelo": 0.93896713615100003, "area_m2": 261897.66042900001, "shape_area": 38417.191630499998 }, "geometry": { "type": "Polygon", "coordinates": [ [ [ -75.718833525113908, 4.521712896373066, 0.0 ], [ -75.718971806123008, 4.521890322194635, 0.0 ], [ -75.719148052004911, 4.521934483233373, 0.0 ], [ -75.719439974075343, 4.521962000335967, 0.0 ], [ -75.719517014572986, 4.522183176703021, 0.0 ], [ -75.719500389317162, 4.522487350946266, 0.0 ], [ -75.719301986012368, 4.522819260487675, 0.0 ], [ -75.718756691994969, 4.522780799696585, 0.0 ], [ -75.718123276047947, 4.522720257869641, 0.0 ], [ -75.717732176828108, 4.522781271661895, 0.0 ], [ -75.717429190541949, 4.522897546441778, 0.0 ], [ -75.717148265663724, 4.522925327316966, 0.0 ], [ -75.716867399656749, 4.52277613762585, 0.0 ], [ -75.716652609978837, 4.522693281144294, 0.0 ], [ -75.716101847444335, 4.522538684931723, 0.0 ], [ -75.715925620208822, 4.522439219244605, 0.0 ], [ -75.715749427387252, 4.52224020919358, 0.0 ], [ -75.715434331700891, 4.521979847835795, 0.0 ], [ -75.715740385404104, 4.522005124828897, 0.0 ], [ -75.715810468686641, 4.522053413433341, 0.0 ], [ -75.715870751295043, 4.522112148675508, 0.0 ], [ -75.716045820211576, 4.522237296738348, 0.0 ], [ -75.71620107376792, 4.522283860701929, 0.0 ], [ -75.716233668210563, 4.522286093327949, 0.0 ], [ -75.71632838640609, 4.522255668930141, 0.0 ], [ -75.716374175146484, 4.522198708826743, 0.0 ], [ -75.716348347366321, 4.522055027682149, 0.0 ], [ -75.716349749417915, 4.52200486253459, 0.0 ], [ -75.716374098396912, 4.521962068554783, 0.0 ], [ -75.716415374749829, 4.521924148819756, 0.0 ], [ -75.716444842684467, 4.521922338626151, 0.0 ], [ -75.716533700209638, 4.521959363911346, 0.0 ], [ -75.716568114604343, 4.521964101081668, 0.0 ], [ -75.716588546227882, 4.521956429653815, 0.0 ], [ -75.716645622687992, 4.521889464814604, 0.0 ], [ -75.716738782934414, 4.521879003525156, 0.0 ], [ -75.716946894274841, 4.521965164097391, 0.0 ], [ -75.71715029688913, 4.52194980212539, 0.0 ], [ -75.717197416105918, 4.521993125984999, 0.0 ], [ -75.717221830944112, 4.522002803200428, 0.0 ], [ -75.717387498711815, 4.521895968940856, 0.0 ], [ -75.717484974350924, 4.521882033458638, 0.0 ], [ -75.717613252125759, 4.521722106986799, 0.0 ], [ -75.71765937612264, 4.521691803513398, 0.0 ], [ -75.717756129292596, 4.52165082229963, 0.0 ], [ -75.717811349651669, 4.521587412715188, 0.0 ], [ -75.717842610206986, 4.521575470662976, 0.0 ], [ -75.717914321808436, 4.52158333574498, 0.0 ], [ -75.71798765603701, 4.521605039864496, 0.0 ], [ -75.71809198215297, 4.521656771365916, 0.0 ], [ -75.718181358462431, 4.521782675462231, 0.0 ], [ -75.718215961835654, 4.521930832639925, 0.0 ], [ -75.718274251430543, 4.521965291149241, 0.0 ], [ -75.718321277013928, 4.521953077401563, 0.0 ], [ -75.718351996216313, 4.521931729173287, 0.0 ], [ -75.718416765669758, 4.52184769543439, 0.0 ], [ -75.718537116817629, 4.521727115627174, 0.0 ], [ -75.71856261168287, 4.521717707491723, 0.0 ], [ -75.718604233418134, 4.521719784967874, 0.0 ], [ -75.718690360706461, 4.521755417148025, 0.0 ], [ -75.718719639723233, 4.521757314982215, 0.0 ], [ -75.718777114226313, 4.521724930244141, 0.0 ], [ -75.718833525113908, 4.521712896373066, 0.0 ] ] ] } },
{ "type": "Feature", "properties": { "barrio": "GUADUALES DE LA VILLA", "barrio_alt": "GUADUALES DE LA VILLA", "barrio_alt2": "GUADUALES DE LA VILLA", "vulnerabilidad": "Baja", "indice": 1.6666666666700001, "val_suelo": 1.0, "val_falla": 1.0, "val_antig": 3.0, "clas_antiguedad": "Alto", "clas_falla": null, "clas_falla_alt": null, "porcentaje_limitacion_suelo": 0.0, "area_m2": 41563.768662900002, "shape_area": 41589.594942600001 }, "geometry": { "type": "Polygon", "coordinates": [ [ [ -75.702646119948966, 4.516122312309244, 0.0 ], [ -75.701941508275311, 4.514091590586441, 0.0 ], [ -75.701863920938408, 4.51388931856944, 0.0 ], [ -75.702616852898714, 4.513616096387254, 0.0 ], [ -75.702643213960414, 4.513576564946521, 0.0 ], [ -75.703587114425602, 4.513414169193489, 0.0 ], [ -75.703687410577899, 4.513411352445403, 0.0 ], [ -75.704738640313721, 4.513210638151475, 0.0 ], [ -75.704741735786683, 4.513314309452267, 0.0 ], [ -75.704714537802815, 4.513505035708422, 0.0 ], [ -75.704671859261964, 4.513617925374404, 0.0 ], [ -75.704602043741204, 4.513734718664564, 0.0 ], [ -75.704470186585723, 4.513906027121121, 0.0 ], [ -75.704287946849263, 4.514042327664934, 0.0 ], [ -75.704121223512729, 4.5141474841599, 0.0 ], [ -75.703624958116279, 4.514373434068849, 0.0 ], [ -75.703361294322676, 4.514560366849189, 0.0 ], [ -75.703202292455373, 4.514758931113655, 0.0 ], [ -75.703039392700546, 4.515023663674161, 0.0 ], [ -75.702992799881571, 4.515249426101232, 0.0 ], [ -75.702957806933071, 4.515564703608193, 0.0 ], [ -75.702886360037994, 4.515919706668009, 0.0 ], [ -75.702771576034962, 4.516047405070011, 0.0 ], [ -75.702646119948966, 4.516122312309244, 0.0 ] ] ] } },
{ "type": "Feature", "properties": { "barrio": "CIUDADELA SIMON BOLIVAR", "barrio_alt": "CIUDADELA SIMON BOLIVAR", "barrio_alt2": "CIUDADELA SIMON BOLIVAR", "vulnerabilidad": "Muy baja", "indice": 1.0, "val_suelo": 1.0, "val_falla": 1.0, "val_antig": 1.0, "clas_antiguedad": "Baja", "clas_falla": null, "clas_falla_alt": null, "porcentaje_limitacion_suelo": 0.0, "area_m2": 210285.465478, "shape_area": 210414.082135 }, "geometry": { "type": "Polygon", "coordinates": [ [ [ -75.695443919605026, 4.507716225035159, 0.0 ], [ -75.695821886114857, 4.507263692008407, 0.0 ], [ -75.695960267048278, 4.506881320949836, 0.0 ], [ -75.696199135227587, 4.506638205972845, 0.0 ], [ -75.69683592589908, 4.506050972626509, 0.0 ], [ -75.696656088091842, 4.505587739139616, 0.0 ], [ -75.696713327196221, 4.505533212714616, 0.0 ], [ -75.696826397033817, 4.505338054303179, 0.0 ], [ -75.697076364909421, 4.505092899452748, 0.0 ], [ -75.697146123569439, 4.505075802642473, 0.0 ], [ -75.697271656086073, 4.505086146065014, 0.0 ], [ -75.69734532021549, 4.505082127048395, 0.0 ], [ -75.697390345308904, 4.505074790788214, 0.0 ], [ -75.697458531178995, 4.505037187118548, 0.0 ], [ -75.69754966892252, 4.504945891323572, 0.0 ], [ -75.697678468469263, 4.504734880963023, 0.0 ], [ -75.697708202474985, 4.50470658074719, 0.0 ], [ -75.697753677536525, 4.504683258475126, 0.0 ], [ -75.697985951851351, 4.504661794478345, 0.0 ], [ -75.69802397721503, 4.50464751043369, 0.0 ], [ -75.698218111441847, 4.504547691169428, 0.0 ], [ -75.698381377933472, 4.504408386901877, 0.0 ], [ -75.698500011040039, 4.504253902368157, 0.0 ], [ -75.698544151250331, 4.504180815849819, 0.0 ], [ -75.698619458380307, 4.504009769356072, 0.0 ], [ -75.698771894095259, 4.503606147045397, 0.0 ], [ -75.698915635988953, 4.503387395165224, 0.0 ], [ -75.698956898817926, 4.503283248438391, 0.0 ], [ -75.699096640581686, 4.503036280114206, 0.0 ], [ -75.701061203026285, 4.504860434599948, 0.0 ], [ -75.700375390277571, 4.505380341357435, 0.0 ], [ -75.700261055778782, 4.505229651055596, 0.0 ], [ -75.697743801176827, 4.506662496684098, 0.0 ], [ -75.698559705362271, 4.507867930319128, 0.0 ], [ -75.697264638953399, 4.508994549726761, 0.0 ], [ -75.695536096169207, 4.510565508088185, 0.0 ], [ -75.695469422917498, 4.510608673407668, 0.0 ], [ -75.694874331205881, 4.510526318504132, 0.0 ], [ -75.694871050685734, 4.510479984969018, 0.0 ], [ -75.694356860947778, 4.510387522845808, 0.0 ], [ -75.693632313397373, 4.51019961141075, 0.0 ], [ -75.69462951104066, 4.50897591656537, 0.0 ], [ -75.695443919605026, 4.507716225035159, 0.0 ] ] ] } },
{ "type": "Feature", "properties": { "barrio": "BLOQUES BOSQUES DE PINARES", "barrio_alt": "BLOQUES BOSQUES DE PINARES", "barrio_alt2": "BLOQUES BOSQUES DE PINARES", "vulnerabilidad": "Muy baja", "indice": 1.3333333333299999, "val_suelo": 1.0, "val_falla": 1.0, "val_antig": 2.0, "clas_antiguedad": "Media", "clas_falla": null, "clas_falla_alt": null, "porcentaje_limitacion_suelo": 0.0, "area_m2": 24759.361580100001, "shape_area": 24774.553329499999 }, "geometry": { "type": "Polygon", "coordinates": [ [ [ -75.697531533504957, 4.511949393941394, 0.0 ], [ -75.697562691762286, 4.511936438861118, 0.0 ], [ -75.697595626754662, 4.511906986574933, 0.0 ], [ -75.69763138031584, 4.51183214551097, 0.0 ], [ -75.697664180417206, 4.511803733373919, 0.0 ], [ -75.697714503143786, 4.511783841723519, 0.0 ], [ -75.697762843972995, 4.511785386808202, 0.0 ], [ -75.697840291935336, 4.511763992080886, 0.0 ], [ -75.697986061091584, 4.511687637017956, 0.0 ], [ -75.698071896589781, 4.511678209488905, 0.0 ], [ -75.698184305521622, 4.511600815018162, 0.0 ], [ -75.698255715349205, 4.511516040620435, 0.0 ], [ -75.698298665873594, 4.511402784564926, 0.0 ], [ -75.698349634484686, 4.511333161988463, 0.0 ], [ -75.698381982779338, 4.511260003379145, 0.0 ], [ -75.698468986588594, 4.511164745595288, 0.0 ], [ -75.698573098850588, 4.511098802732103, 0.0 ], [ -75.698661348560023, 4.511096728693269, 0.0 ], [ -75.698928250898774, 4.511046943702964, 0.0 ], [ -75.699041611348406, 4.511137183444372, 0.0 ], [ -75.699071160803186, 4.51114133422092, 0.0 ], [ -75.69909734883008, 4.51112609230688, 0.0 ], [ -75.699133554867601, 4.511129637013015, 0.0 ], [ -75.699181887903109, 4.511148846977437, 0.0 ], [ -75.699259815429187, 4.511202436790231, 0.0 ], [ -75.699325169800275, 4.511201042727054, 0.0 ], [ -75.699168220855583, 4.511790030529084, 0.0 ], [ -75.699092848372587, 4.51178165216758, 0.0 ], [ -75.698983864479828, 4.51210963815178, 0.0 ], [ -75.698715883791522, 4.512059295107336, 0.0 ], [ -75.698595819037266, 4.51212941713673, 0.0 ], [ -75.698509204072806, 4.512350883781209, 0.0 ], [ -75.698566156022167, 4.512750577281926, 0.0 ], [ -75.698414682976676, 4.512796000370042, 0.0 ], [ -75.698373234995117, 4.512830490950539, 0.0 ], [ -75.698349057041824, 4.512873881714602, 0.0 ], [ -75.698361790543146, 4.513000522810863, 0.0 ], [ -75.698384882284074, 4.513066389264074, 0.0 ], [ -75.698405273262466, 4.513178294937733, 0.0 ], [ -75.698419831740495, 4.513201305511064, 0.0 ], [ -75.698472850580401, 4.513239655510837, 0.0 ], [ -75.698488364761914, 4.513290678705965, 0.0 ], [ -75.698444539857121, 4.513364018400366, 0.0 ], [ -75.698370516379541, 4.513431634021907, 0.0 ], [ -75.698325682921251, 4.513535057583381, 0.0 ], [ -75.698239689245497, 4.51366919179725, 0.0 ], [ -75.698199725688852, 4.513709265649507, 0.0 ], [ -75.697531533504957, 4.511949393941394, 0.0 ] ] ] } },
{ "type": "Feature", "properties": { "barrio": "PORTAL DE PINARES", "barrio_alt": "BLOQUES BOSQUES DE PINARES", "barrio_alt2": "BLOQUES BOSQUES DE PINARES", "vulnerabilidad": "Muy baja", "indice": 1.3333333333299999, "val_suelo": 1.0, "val_falla": 1.0, "val_antig": 2.0, "clas_antiguedad": "Media", "clas_falla": null, "clas_falla_alt": null, "porcentaje_limitacion_suelo": 0.0, "area_m2": 24759.361580100001, "shape_area": 71590.162193099997 }, "geometry": { "type": "Polygon", "coordinates": [ [ [ -75.704600483619984, 4.509587265248154, 0.0 ], [ -75.704527064558562, 4.50964045389987, 0.0 ], [ -75.704453193339802, 4.509671753025914, 0.0 ], [ -75.704365273835009, 4.5098011028272, 0.0 ], [ -75.704320412306217, 4.509847506924541, 0.0 ], [ -75.704229423820564, 4.509863701945176, 0.0 ], [ -75.704125730783474, 4.509806269044823, 0.0 ], [ -75.704061047243314, 4.509793608635721, 0.0 ], [ -75.704009246463897, 4.509802203801311, 0.0 ], [ -75.703880424056536, 4.509864440378941, 0.0 ], [ -75.703759262473923, 4.510027077712914, 0.0 ], [ -75.703726381338925, 4.510049782159237, 0.0 ], [ -75.703644582516631, 4.510055664899497, 0.0 ], [ -75.703571972931584, 4.510091757903016, 0.0 ], [ -75.703487704216428, 4.510089645500285, 0.0 ], [ -75.703394165394783, 4.510067605614795, 0.0 ], [ -75.703255223147806, 4.510068244485134, 0.0 ], [ -75.703174261970204, 4.510088961093987, 0.0 ], [ -75.703040310641597, 4.510085583681416, 0.0 ], [ -75.70297188100659, 4.510120528312964, 0.0 ], [ -75.702945558781906, 4.510154476211008, 0.0 ], [ -75.702624722971294, 4.510217723657679, 0.0 ], [ -75.702503396229176, 4.510319260480506, 0.0 ], [ -75.702470696657372, 4.510369399021802, 0.0 ], [ -75.702449765615256, 4.510500482743183, 0.0 ], [ -75.702450633593756, 4.510593404524391, 0.0 ], [ -75.702423565430962, 4.510657056424732, 0.0 ], [ -75.702386433220951, 4.510707023448346, 0.0 ], [ -75.702302823502905, 4.510733338638174, 0.0 ], [ -75.70213917922699, 4.510742824990104, 0.0 ], [ -75.701984230157422, 4.51079241634918, 0.0 ], [ -75.701944691710423, 4.510833338405377, 0.0 ], [ -75.701901495907407, 4.510858657750783, 0.0 ], [ -75.701863084525854, 4.510905468122238, 0.0 ], [ -75.701802440721835, 4.510996998136029, 0.0 ], [ -75.701785506907044, 4.511064132625115, 0.0 ], [ -75.70173910533326, 4.511134578076008, 0.0 ], [ -75.701672558487999, 4.511179345262235, 0.0 ], [ -75.701544086321135, 4.511225869118502, 0.0 ], [ -75.701448394079875, 4.511212052041403, 0.0 ], [ -75.701349058680066, 4.511336526457989, 0.0 ], [ -75.701232433818859, 4.511402506249185, 0.0 ], [ -75.701164885618454, 4.511406705756042, 0.0 ], [ -75.701030565386816, 4.51143499520908, 0.0 ], [ -75.700940761257115, 4.511556267288567, 0.0 ], [ -75.700875981395214, 4.511608506072664, 0.0 ], [ -75.700772454020921, 4.511666869363219, 0.0 ], [ -75.700646635508463, 4.511845706383023, 0.0 ], [ -75.700612114943823, 4.511877501575748, 0.0 ], [ -75.700543025978348, 4.511878942242507, 0.0 ], [ -75.700417199152966, 4.511852597929044, 0.0 ], [ -75.699996137062342, 4.511864173406948, 0.0 ], [ -75.699872204486539, 4.511897256132677, 0.0 ], [ -75.699816378580067, 4.511953881393739, 0.0 ], [ -75.699792435714755, 4.512017949335918, 0.0 ], [ -75.699756879544125, 4.512049608244298, 0.0 ], [ -75.699751375759647, 4.512070376418817, 0.0 ], [ -75.699778432863482, 4.512164010920142, 0.0 ], [ -75.699893066410922, 4.512326367997177, 0.0 ], [ -75.699909275148485, 4.512389819057163, 0.0 ], [ -75.699913558083466, 4.512471813858362, 0.0 ], [ -75.699884895469353, 4.512568425780663, 0.0 ], [ -75.699827728082099, 4.512643286002673, 0.0 ], [ -75.699706077076826, 4.512753107736694, 0.0 ], [ -75.699569036760678, 4.512795507518002, 0.0 ], [ -75.699534010043791, 4.512791049934695, 0.0 ], [ -75.69947505533689, 4.512762332961844, 0.0 ], [ -75.69936394146653, 4.512789888599783, 0.0 ], [ -75.699300266377634, 4.512764799913565, 0.0 ], [ -75.699266203940965, 4.512770689066689, 0.0 ], [ -75.699219105657235, 4.512759728452659, 0.0 ], [ -75.699182845406668, 4.512762985990307, 0.0 ], [ -75.699126233303886, 4.512735861311639, 0.0 ], [ -75.699079405180356, 4.512740476272525, 0.0 ], [ -75.698878705491552, 4.512704790580219, 0.0 ], [ -75.698828364367145, 4.512708727010838, 0.0 ], [ -75.698698655306771, 4.512695698027508, 0.0 ], [ -75.698566156022167, 4.512750577281926, 0.0 ], [ -75.698509204072806, 4.512350883781209, 0.0 ], [ -75.698595819037266, 4.51212941713673, 0.0 ], [ -75.698715883791522, 4.512059295107336, 0.0 ], [ -75.698983864479828, 4.51210963815178, 0.0 ], [ -75.699092848372587, 4.51178165216758, 0.0 ], [ -75.699168220855583, 4.511790030529084, 0.0 ], [ -75.699325169800275, 4.511201042727054, 0.0 ], [ -75.699439640137186, 4.51118915168229, 0.0 ], [ -75.699505384437984, 4.511147261545422, 0.0 ], [ -75.699613291321668, 4.51113120197663, 0.0 ], [ -75.699655964576181, 4.511088996310445, 0.0 ], [ -75.699711626779177, 4.511001481607662, 0.0 ], [ -75.699761056282782, 4.51096273044094, 0.0 ], [ -75.69987288203329, 4.510961885698865, 0.0 ], [ -75.699927458939044, 4.510983628084159, 0.0 ], [ -75.700021591621734, 4.510996387150023, 0.0 ], [ -75.700225575911603, 4.510943113130577, 0.0 ], [ -75.700267789058231, 4.510893181450293, 0.0 ], [ -75.700305199348549, 4.510805795269143, 0.0 ], [ -75.700354511541136, 4.510748726904821, 0.0 ], [ -75.700595932970117, 4.510604655642166, 0.0 ], [ -75.70074398170506, 4.510570323275806, 0.0 ], [ -75.700846022873378, 4.510520064887178, 0.0 ], [ -75.700871210481949, 4.510497884563025, 0.0 ], [ -75.70094604255813, 4.510392062257997, 0.0 ], [ -75.701147183681471, 4.510214317255745, 0.0 ], [ -75.701224485518409, 4.510160341357036, 0.0 ], [ -75.701431360333146, 4.510069140196214, 0.0 ], [ -75.701467781836499, 4.510043767470484, 0.0 ], [ -75.701534137849137, 4.509973221540575, 0.0 ], [ -75.701713453525088, 4.509872387396245, 0.0 ], [ -75.701747694333918, 4.509842681602372, 0.0 ], [ -75.701820195892452, 4.509820202134969, 0.0 ], [ -75.701944598319045, 4.509810807875882, 0.0 ], [ -75.701994308603929, 4.509821262358344, 0.0 ], [ -75.702057368991277, 4.509790081421007, 0.0 ], [ -75.702122628519206, 4.509777487424558, 0.0 ], [ -75.702226407198594, 4.509720444928679, 0.0 ], [ -75.70225494527287, 4.509687419950922, 0.0 ], [ -75.702299600957588, 4.509659106449908, 0.0 ], [ -75.702345518154459, 4.509653306898935, 0.0 ], [ -75.702438208063882, 4.509616064317111, 0.0 ], [ -75.702538745708765, 4.50960923954434, 0.0 ], [ -75.702609913977554, 4.50959041368337, 0.0 ], [ -75.702721080636465, 4.509540091363737, 0.0 ], [ -75.702835011995447, 4.509467155117725, 0.0 ], [ -75.702953592496016, 4.509436134364395, 0.0 ], [ -75.703106333317038, 4.509350271361185, 0.0 ], [ -75.703213229700168, 4.509313010155819, 0.0 ], [ -75.703279244060127, 4.509269020630827, 0.0 ], [ -75.703360312469229, 4.509234699734018, 0.0 ], [ -75.70345143398788, 4.509180434508502, 0.0 ], [ -75.703562384420124, 4.509137944598574, 0.0 ], [ -75.703660578847376, 4.509120393021754, 0.0 ], [ -75.703707785381496, 4.509133687264395, 0.0 ], [ -75.703848952837802, 4.509139741737773, 0.0 ], [ -75.703898412891462, 4.509164884898008, 0.0 ], [ -75.704047599356031, 4.50919626583215, 0.0 ], [ -75.704097058459482, 4.509219690404665, 0.0 ], [ -75.704189939066808, 4.509241847517383, 0.0 ], [ -75.704347236186535, 4.509319177375803, 0.0 ], [ -75.704438586765121, 4.509377967129687, 0.0 ], [ -75.704479759083426, 4.509432235679506, 0.0 ], [ -75.704561290408364, 4.509478001408555, 0.0 ], [ -75.704587958614781, 4.509518341297619, 0.0 ], [ -75.704600483619984, 4.509587265248154, 0.0 ] ] ] } },
{ "type": "Feature", "properties": { "barrio": "CA?AS GORDAS", "barrio_alt": "CIUDADELA SIMON BOLIVAR", "barrio_alt2": "CIUDADELA SIMON BOLIVAR", "vulnerabilidad": "Muy baja", "indice": 1.3333333333299999, "val_suelo": 1.0, "val_falla": 1.0, "val_antig": 2.0, "clas_antiguedad": "Media", "clas_falla": null, "clas_falla_alt": null, "porcentaje_limitacion_suelo": 0.0, "area_m2": 210285.465478, "shape_area": 45064.401727600001 }, "geometry": { "type": "Polygon", "coordinates": [ [ [ -75.696656088091842, 4.505587739139616, 0.0 ], [ -75.69683592589908, 4.506050972626509, 0.0 ], [ -75.696199135227587, 4.506638205972845, 0.0 ], [ -75.695960267048278, 4.506881320949836, 0.0 ], [ -75.695821886114857, 4.507263692008407, 0.0 ], [ -75.695443919605026, 4.507716225035159, 0.0 ], [ -75.69462951104066, 4.50897591656537, 0.0 ], [ -75.693703147429375, 4.507995540933096, 0.0 ], [ -75.693795235041421, 4.507960094273017, 0.0 ], [ -75.693960824029801, 4.50793426593991, 0.0 ], [ -75.694065108046459, 4.507879837909243, 0.0 ], [ -75.694196498723244, 4.507791997092789, 0.0 ], [ -75.694263313397101, 4.507693836747625, 0.0 ], [ -75.694311443994991, 4.507568713074711, 0.0 ], [ -75.69436220574471, 4.507490977691929, 0.0 ], [ -75.694486071902176, 4.507363807322673, 0.0 ], [ -75.694607985750338, 4.50730428737105, 0.0 ], [ -75.694645533459436, 4.507268846947862, 0.0 ], [ -75.694724760714038, 4.507115302309368, 0.0 ], [ -75.694769593253923, 4.506960574489884, 0.0 ], [ -75.694892049111004, 4.506658045980588, 0.0 ], [ -75.694926302884411, 4.506437423846079, 0.0 ], [ -75.694974286687255, 4.506244380098792, 0.0 ], [ -75.695024327912606, 4.506176974311979, 0.0 ], [ -75.695069199274272, 4.506137408707506, 0.0 ], [ -75.695241786935739, 4.506081015839, 0.0 ], [ -75.695365152428238, 4.506089153550052, 0.0 ], [ -75.695454013434087, 4.506082436638565, 0.0 ], [ -75.695586008926895, 4.506026852534913, 0.0 ], [ -75.695755558579179, 4.505908535874243, 0.0 ], [ -75.695792898802225, 4.505864982463534, 0.0 ], [ -75.69594268362026, 4.505774263620316, 0.0 ], [ -75.696084975736412, 4.505761089613072, 0.0 ], [ -75.696276896469882, 4.505699612815095, 0.0 ], [ -75.696560200911378, 4.505634768122063, 0.0 ], [ -75.696656088091842, 4.505587739139616, 0.0 ] ] ] } },
{ "type": "Feature", "properties": { "barrio": "GENESIS", "barrio_alt": "CIUDADELA SIMON BOLIVAR", "barrio_alt2": "CIUDADELA SIMON BOLIVAR", "vulnerabilidad": "Muy baja", "indice": 1.3333333333299999, "val_suelo": 1.0, "val_falla": 1.0, "val_antig": 2.0, "clas_antiguedad": "Media", "clas_falla": null, "clas_falla_alt": null, "porcentaje_limitacion_suelo": 0.0, "area_m2": 210285.465478, "shape_area": 48097.871944899998 }, "geometry": { "type": "Polygon", "coordinates": [ [ [ -75.696749318456952, 4.505456822311714, 0.0 ], [ -75.695723533642465, 4.504749153550937, 0.0 ], [ -75.69570600683187, 4.503974697166874, 0.0 ], [ -75.696157720109767, 4.503525898261862, 0.0 ], [ -75.69787065600471, 4.503307452668422, 0.0 ], [ -75.697843426638158, 4.503365416862613, 0.0 ], [ -75.697858834380156, 4.503484504904017, 0.0 ], [ -75.697949082076391, 4.503717942782147, 0.0 ], [ -75.698184688468189, 4.503644777151096, 0.0 ], [ -75.698603594461716, 4.504045966363305, 0.0 ], [ -75.698510575847337, 4.50423269322644, 0.0 ], [ -75.698381983563138, 4.504407487844733, 0.0 ], [ -75.698264532086441, 4.504515271632162, 0.0 ], [ -75.698178424619059, 4.504568954249936, 0.0 ], [ -75.698017066157348, 4.504648470881897, 0.0 ], [ -75.697748537869572, 4.504683595786622, 0.0 ], [ -75.697711609816125, 4.504702559577831, 0.0 ], [ -75.697641751258118, 4.504781709202441, 0.0 ], [ -75.697589793446681, 4.504883549751007, 0.0 ], [ -75.697516904265342, 4.504979479681589, 0.0 ], [ -75.697447505205531, 4.505043029296128, 0.0 ], [ -75.697381753724542, 4.505075612828169, 0.0 ], [ -75.697277474158469, 4.5050855892659, 0.0 ], [ -75.697149441794522, 4.505073507617372, 0.0 ], [ -75.697076364909421, 4.505092899452748, 0.0 ], [ -75.697043249713417, 4.505112537952239, 0.0 ], [ -75.696844145469811, 4.505313319834447, 0.0 ], [ -75.696749318456952, 4.505456822311714, 0.0 ] ] ] } },
{ "type": "Feature", "properties": { "barrio": "NUESTRA SE?ORA DE LA PAZ", "barrio_alt": "NUESTRA SE?ORA DE LA PAZ", "barrio_alt2": "NUESTRA SE?ORA DE LA PAZ", "vulnerabilidad": "Baja", "indice": 1.6666666666700001, "val_suelo": 2.0, "val_falla": 1.0, "val_antig": 2.0, "clas_antiguedad": "Media", "clas_falla": null, "clas_falla_alt": null, "porcentaje_limitacion_suelo": 28.5714285715, "area_m2": 37974.373857300001, "shape_area": 37997.6966235 }, "geometry": { "type": "Polygon", "coordinates": [ [ [ -75.697815026017253, 4.501451545458034, 0.0 ], [ -75.697721829382317, 4.501246587434705, 0.0 ], [ -75.697716421911096, 4.501171060475724, 0.0 ], [ -75.69773362735252, 4.501128547413192, 0.0 ], [ -75.697792720254853, 4.501032033359991, 0.0 ], [ -75.698084409527482, 4.500685683450401, 0.0 ], [ -75.698252233243664, 4.50044480475746, 0.0 ], [ -75.698286103458841, 4.500384924730871, 0.0 ], [ -75.698333935504152, 4.500260099102897, 0.0 ], [ -75.698386720329765, 4.50008887243529, 0.0 ], [ -75.69840085573837, 4.499865184945647, 0.0 ], [ -75.698384546802387, 4.499746874116119, 0.0 ], [ -75.698331478701974, 4.499540736614114, 0.0 ], [ -75.698315075677627, 4.49932229557131, 0.0 ], [ -75.699672970445206, 4.500050626577778, 0.0 ], [ -75.69971639814797, 4.500088283080933, 0.0 ], [ -75.699583438052912, 4.500319663771602, 0.0 ], [ -75.699488134347718, 4.500545977652364, 0.0 ], [ -75.699467327866941, 4.500634982510452, 0.0 ], [ -75.699474807532042, 4.50070372588484, 0.0 ], [ -75.69951985453055, 4.500815794141472, 0.0 ], [ -75.699537243931829, 4.500884536873022, 0.0 ], [ -75.69952833193544, 4.501083802063552, 0.0 ], [ -75.699561045498768, 4.501408975464743, 0.0 ], [ -75.699504478824622, 4.501642795533566, 0.0 ], [ -75.699464848857829, 4.501871187241363, 0.0 ], [ -75.699484850554043, 4.50205690289522, 0.0 ], [ -75.697815026017253, 4.501451545458034, 0.0 ] ] ] } },
{ "type": "Feature", "properties": { "barrio": "BAMBUSA", "barrio_alt": "NUESTRA SE?ORA DE LA PAZ", "barrio_alt2": "NUESTRA SE?ORA DE LA PAZ", "vulnerabilidad": "Baja", "indice": 1.6666666666700001, "val_suelo": 2.0, "val_falla": 1.0, "val_antig": 2.0, "clas_antiguedad": "Media", "clas_falla": null, "clas_falla_alt": null, "porcentaje_limitacion_suelo": 28.5714285715, "area_m2": 37974.373857300001, "shape_area": 15081.061017 }, "geometry": { "type": "Polygon", "coordinates": [ [ [ -75.699484850554043, 4.50205690289522, 0.0 ], [ -75.699487559330649, 4.502114321002435, 0.0 ], [ -75.699442183321921, 4.502374256099564, 0.0 ], [ -75.699369895349363, 4.502590346749776, 0.0 ], [ -75.699321961896146, 4.502692723704761, 0.0 ], [ -75.699283869740867, 4.502745767761087, 0.0 ], [ -75.697776326736587, 4.502243787412995, 0.0 ], [ -75.697839121556754, 4.502143747370011, 0.0 ], [ -75.697851430853717, 4.502057416469205, 0.0 ], [ -75.697842029777235, 4.501872804783977, 0.0 ], [ -75.697859263448791, 4.50174947403701, 0.0 ], [ -75.697855625409417, 4.501595320672071, 0.0 ], [ -75.697815026017253, 4.501451545458034, 0.0 ], [ -75.699484850554043, 4.50205690289522, 0.0 ] ] ] } },
{ "type": "Feature", "properties": { "barrio": "EL PALMAR", "barrio_alt": "CIUDADELA SIMON BOLIVAR", "barrio_alt2": "CIUDADELA SIMON BOLIVAR", "vulnerabilidad": "Muy baja", "indice": 1.3333333333299999, "val_suelo": 1.0, "val_falla": 1.0, "val_antig": 2.0, "clas_antiguedad": "Media", "clas_falla": null, "clas_falla_alt": null, "porcentaje_limitacion_suelo": 0.0, "area_m2": 210285.465478, "shape_area": 19749.087523599999 }, "geometry": { "type": "Polygon", "coordinates": [ [ [ -75.697858834380156, 4.503484504904017, 0.0 ], [ -75.697843426638158, 4.503365416862613, 0.0 ], [ -75.69787065600471, 4.503307452668422, 0.0 ], [ -75.697884052083353, 4.503243486388286, 0.0 ], [ -75.697872606891366, 4.503133406857452, 0.0 ], [ -75.697845036860826, 4.503006594648917, 0.0 ], [ -75.697704042660959, 4.502781012245149, 0.0 ], [ -75.697657192590981, 4.502620914300295, 0.0 ], [ -75.69761601995657, 4.502535258351653, 0.0 ], [ -75.697599801656793, 4.502454303888237, 0.0 ], [ -75.697643943584481, 4.502429066470777, 0.0 ], [ -75.697776815308771, 4.502246078245259, 0.0 ], [ -75.699283869740867, 4.502745767761087, 0.0 ], [ -75.6990173426898, 4.503158151679103, 0.0 ], [ -75.698914021615323, 4.503389802290527, 0.0 ], [ -75.698784122287435, 4.503574328252551, 0.0 ], [ -75.698604144095114, 4.504046493184664, 0.0 ], [ -75.698184688468189, 4.503644777151096, 0.0 ], [ -75.697949082076391, 4.503717942782147, 0.0 ], [ -75.697858834380156, 4.503484504904017, 0.0 ] ] ] } },
{ "type": "Feature", "properties": { "barrio": "VISTA HERMOSA", "barrio_alt": "GENESIS", "barrio_alt2": "GENESIS", "vulnerabilidad": "Muy baja", "indice": 1.3333333333299999, "val_suelo": 1.0, "val_falla": 1.0, "val_antig": 2.0, "clas_antiguedad": "Media", "clas_falla": "Baja", "clas_falla_alt": "Baja", "porcentaje_limitacion_suelo": 0.0, "area_m2": 48068.485416700001, "shape_area": 8337.4348831499992 }, "geometry": { "type": "Polygon", "coordinates": [ [ [ -75.69570600683187, 4.503974697166874, 0.0 ], [ -75.695094534879701, 4.504115982281211, 0.0 ], [ -75.695017709628033, 4.503776348338657, 0.0 ], [ -75.695724488809461, 4.502971173059054, 0.0 ], [ -75.696157720109767, 4.503525898261862, 0.0 ], [ -75.69570600683187, 4.503974697166874, 0.0 ] ] ] } },
{ "type": "Feature", "properties": { "barrio": "PORTAL DEL EDEN", "barrio_alt": "CIUDADELA SIMON BOLIVAR", "barrio_alt2": "CIUDADELA SIMON BOLIVAR", "vulnerabilidad": "Muy baja", "indice": 1.3333333333299999, "val_suelo": 1.0, "val_falla": 1.0, "val_antig": 2.0, "clas_antiguedad": "Media", "clas_falla": "Baja", "clas_falla_alt": "Baja", "porcentaje_limitacion_suelo": 0.0, "area_m2": 210285.465478, "shape_area": 44663.874654400002 }, "geometry": { "type": "Polygon", "coordinates": [ [ [ -75.696749099003256, 4.505456671247766, 0.0 ], [ -75.696713327196221, 4.505533212714616, 0.0 ], [ -75.696675482847866, 4.505574143571416, 0.0 ], [ -75.696635007852734, 4.505601316557389, 0.0 ], [ -75.69655522796937, 4.5056370837561, 0.0 ], [ -75.696229744700204, 4.505713118876876, 0.0 ], [ -75.696107173085778, 4.505755110138721, 0.0 ], [ -75.69594268362026, 4.505774263620316, 0.0 ], [ -75.695792898802225, 4.505864982463534, 0.0 ], [ -75.695755558579179, 4.505908535874243, 0.0 ], [ -75.695560091449011, 4.506041696379348, 0.0 ], [ -75.695443942646165, 4.506080069270997, 0.0 ], [ -75.695352251975592, 4.506088927511512, 0.0 ], [ -75.695241786935739, 4.506081015839, 0.0 ], [ -75.695086352067705, 4.506126283183631, 0.0 ], [ -75.695010004752035, 4.506192305785877, 0.0 ], [ -75.694977601299271, 4.506236944706066, 0.0 ], [ -75.694926302884411, 4.506437423846079, 0.0 ], [ -75.69418179894987, 4.505669229083476, 0.0 ], [ -75.694032693442765, 4.505894350119248, 0.0 ], [ -75.693731890980885, 4.505737673442386, 0.0 ], [ -75.693702258145791, 4.505789114027855, 0.0 ], [ -75.693473208088662, 4.505667406106551, 0.0 ], [ -75.693707924007285, 4.505198084759631, 0.0 ], [ -75.694114746497149, 4.504532731671275, 0.0 ], [ -75.694487259235288, 4.504079184899741, 0.0 ], [ -75.694870983659712, 4.504405767043667, 0.0 ], [ -75.694967758173973, 4.504388548527527, 0.0 ], [ -75.695111398364944, 4.504676303782396, 0.0 ], [ -75.695723533642465, 4.504749153550937, 0.0 ], [ -75.696749099003256, 4.505456671247766, 0.0 ] ] ] } },
{ "type": "Feature", "properties": { "barrio": "GUADUALES DEL EDEN", "barrio_alt": "CA?AS GORDAS", "barrio_alt2": "CA?AS GORDAS", "vulnerabilidad": "Muy baja", "indice": 1.3333333333299999, "val_suelo": 1.0, "val_falla": 1.0, "val_antig": 2.0, "clas_antiguedad": "Media", "clas_falla": "Baja", "clas_falla_alt": "Baja", "porcentaje_limitacion_suelo": 0.0, "area_m2": 45036.999410700002, "shape_area": 9511.1072016800008 }, "geometry": { "type": "Polygon", "coordinates": [ [ [ -75.694926302884411, 4.506437423846079, 0.0 ], [ -75.694885536065129, 4.506691242177449, 0.0 ], [ -75.694830541265603, 4.506794584872869, 0.0 ], [ -75.694769593253923, 4.506960574489884, 0.0 ], [ -75.693947495563506, 4.506595214493713, 0.0 ], [ -75.693857889220112, 4.506259282749085, 0.0 ], [ -75.694032693442765, 4.505894350119248, 0.0 ], [ -75.69418179894987, 4.505669229083476, 0.0 ], [ -75.694926302884411, 4.506437423846079, 0.0 ] ] ] } },
{ "type": "Feature", "properties": { "barrio": "VILLA CENTENARIO", "barrio_alt": "GUADUALES DE LA VILLA", "barrio_alt2": "GUADUALES DE LA VILLA", "vulnerabilidad": "Baja", "indice": 1.6666666666700001, "val_suelo": 1.0, "val_falla": 1.0, "val_antig": 3.0, "clas_antiguedad": "Alto", "clas_falla": null, "clas_falla_alt": null, "porcentaje_limitacion_suelo": 0.0, "area_m2": 41563.768662900002, "shape_area": 21189.542539900001 }, "geometry": { "type": "MultiPolygon", "coordinates": [ [ [ [ -75.702419193144891, 4.51300661312288, 0.0 ], [ -75.703244752151718, 4.512594734048666, 0.0 ], [ -75.703360496094035, 4.51282936631118, 0.0 ], [ -75.703784487872511, 4.512685438596425, 0.0 ], [ -75.704385306401619, 4.51271621687271, 0.0 ], [ -75.704515703157256, 4.513247537219621, 0.0 ], [ -75.703687410577899, 4.513411352445403, 0.0 ], [ -75.703587114425602, 4.513414169193489, 0.0 ], [ -75.702643213960414, 4.513576564946521, 0.0 ], [ -75.702616852898714, 4.513616096387254, 0.0 ], [ -75.701863920938408, 4.51388931856944, 0.0 ], [ -75.701733219071912, 4.51355243911024, 0.0 ], [ -75.701934045520929, 4.513462758592974, 0.0 ], [ -75.702419193144891, 4.51300661312288, 0.0 ] ] ], [ [ [ -75.701732160251595, 4.513549710035648, 0.0 ], [ -75.701733219071912, 4.51355243911024, 0.0 ], [ -75.701731869905416, 4.513553041590193, 0.0 ], [ -75.701732160251595, 4.513549710035648, 0.0 ] ] ] ] } },
{ "type": "Feature", "properties": { "barrio": "LA LINDA", "barrio_alt": "LA LINDA", "barrio_alt2": "LA LINDA", "vulnerabilidad": "Muy baja", "indice": 1.0, "val_suelo": 1.0, "val_falla": 1.0, "val_antig": 1.0, "clas_antiguedad": "Baja", "clas_falla": null, "clas_falla_alt": null, "porcentaje_limitacion_suelo": 0.0, "area_m2": 7793.2907652499998, "shape_area": 7798.1655361700005 }, "geometry": { "type": "Polygon", "coordinates": [ [ [ -75.705582986487357, 4.512585971335134, 0.0 ], [ -75.705889694855344, 4.512663514839281, 0.0 ], [ -75.706057727575541, 4.512671484198034, 0.0 ], [ -75.706159094629072, 4.512628598207709, 0.0 ], [ -75.706297784390998, 4.512649968131161, 0.0 ], [ -75.706433800652945, 4.512690085002206, 0.0 ], [ -75.706273535125234, 4.513482833678718, 0.0 ], [ -75.70603348158302, 4.513493637992185, 0.0 ], [ -75.705964139691531, 4.513472240693956, 0.0 ], [ -75.705910805156819, 4.513440125078038, 0.0 ], [ -75.705820124845502, 4.513418735988235, 0.0 ], [ -75.705756124649852, 4.51337591300608, 0.0 ], [ -75.705657468975843, 4.513266152676314, 0.0 ], [ -75.705564139971344, 4.513183170722853, 0.0 ], [ -75.705478790766122, 4.513177848055849, 0.0 ], [ -75.705582986487357, 4.512585971335134, 0.0 ] ] ] } },
{ "type": "Feature", "properties": { "barrio": "LOS NARANJOS", "barrio_alt": "LOS NARANJOS", "barrio_alt2": "LOS NARANJOS", "vulnerabilidad": "Baja", "indice": 1.6666666666700001, "val_suelo": 1.0, "val_falla": 1.0, "val_antig": 3.0, "clas_antiguedad": "Alto", "clas_falla": null, "clas_falla_alt": null, "porcentaje_limitacion_suelo": 0.0, "area_m2": 37870.550933500002, "shape_area": 37893.811872500002 }, "geometry": { "type": "Polygon", "coordinates": [ [ [ -75.697877826387895, 4.520248637056409, 0.0 ], [ -75.697795090291152, 4.52004911554396, 0.0 ], [ -75.697662567791895, 4.520086596395313, 0.0 ], [ -75.697495676570028, 4.519617054201522, 0.0 ], [ -75.697436433414893, 4.51949790096254, 0.0 ], [ -75.697417781076652, 4.519415154054056, 0.0 ], [ -75.697478794735304, 4.519407791144104, 0.0 ], [ -75.697556241472498, 4.519447724234355, 0.0 ], [ -75.697709143817548, 4.5194853818427, 0.0 ], [ -75.697736396298879, 4.519478019046504, 0.0 ], [ -75.697767198654617, 4.519441606165669, 0.0 ], [ -75.69778061254415, 4.519395503488483, 0.0 ], [ -75.697776702889456, 4.519365779665575, 0.0 ], [ -75.697753261484593, 4.519335070893443, 0.0 ], [ -75.69775136347522, 4.519286137766994, 0.0 ], [ -75.697772599428433, 4.519254208411851, 0.0 ], [ -75.697825310375634, 4.519217690397467, 0.0 ], [ -75.697855503977351, 4.519136533436154, 0.0 ], [ -75.697908701641964, 4.519070143231789, 0.0 ], [ -75.697997858940482, 4.519088860941359, 0.0 ], [ -75.6980794485887, 4.519053334625561, 0.0 ], [ -75.698153516705474, 4.519060516042235, 0.0 ], [ -75.698205800838409, 4.51907640226229, 0.0 ], [ -75.698261190560999, 4.519125518436374, 0.0 ], [ -75.698314486956221, 4.519247717720703, 0.0 ], [ -75.698347849013572, 4.519292506064949, 0.0 ], [ -75.698458465746782, 4.519363549070031, 0.0 ], [ -75.698524411560101, 4.519387154548948, 0.0 ], [ -75.698559667504455, 4.519387731908359, 0.0 ], [ -75.698656980548478, 4.519356215999341, 0.0 ], [ -75.698885924267159, 4.519184831912679, 0.0 ], [ -75.698937245253276, 4.519174388807031, 0.0 ], [ -75.698923715950386, 4.519169815079376, 0.0 ], [ -75.698966460154949, 4.51914695261432, 0.0 ], [ -75.699093665010722, 4.519128043269457, 0.0 ], [ -75.699188709499367, 4.519136633517237, 0.0 ], [ -75.699235554996321, 4.51912225010148, 0.0 ], [ -75.699350775179894, 4.519026909146799, 0.0 ], [ -75.699448067448571, 4.518925328455685, 0.0 ], [ -75.699663636022308, 4.518857554493272, 0.0 ], [ -75.699952068938515, 4.518882344493109, 0.0 ], [ -75.700020250402176, 4.518912003072521, 0.0 ], [ -75.699929796004255, 4.51910787570339, 0.0 ], [ -75.699979018462415, 4.519104124819685, 0.0 ], [ -75.699958792780976, 4.519232484171956, 0.0 ], [ -75.699962295068772, 4.519388158249103, 0.0 ], [ -75.700093920619281, 4.519736941608913, 0.0 ], [ -75.700217485650427, 4.520109521189727, 0.0 ], [ -75.699987494858235, 4.520173930226857, 0.0 ], [ -75.699820103885486, 4.520201776054446, 0.0 ], [ -75.699517327391604, 4.520298369007865, 0.0 ], [ -75.698161758467407, 4.520687583867606, 0.0 ], [ -75.698000457311849, 4.520213702636402, 0.0 ], [ -75.697877826387895, 4.520248637056409, 0.0 ] ] ] } },
{ "type": "Feature", "properties": { "barrio": "CONJUNTO VILLA MARAVELEZ", "barrio_alt": "CONJUNTO VILLA MARAVELEZ", "barrio_alt2": "CONJUNTO VILLA MARAVELEZ", "vulnerabilidad": "Muy baja", "indice": 1.0, "val_suelo": 1.0, "val_falla": 1.0, "val_antig": 1.0, "clas_antiguedad": "Baja", "clas_falla": null, "clas_falla_alt": null, "porcentaje_limitacion_suelo": 0.0, "area_m2": 5349.8814946399998, "shape_area": 5353.1764369499997 }, "geometry": { "type": "Polygon", "coordinates": [ [ [ -75.699380944329306, 4.518142848441165, 0.0 ], [ -75.699397514391961, 4.518074537181818, 0.0 ], [ -75.699678763312022, 4.517314691347333, 0.0 ], [ -75.699734969462526, 4.517303319695548, 0.0 ], [ -75.699836436612884, 4.517306337069671, 0.0 ], [ -75.699888374423281, 4.517296849060445, 0.0 ], [ -75.699859021211225, 4.517342385494075, 0.0 ], [ -75.69988034098435, 4.51740129362421, 0.0 ], [ -75.699861664282167, 4.517420047001363, 0.0 ], [ -75.700023940539097, 4.517667419791683, 0.0 ], [ -75.700069374453392, 4.517931478179946, 0.0 ], [ -75.700109311557284, 4.518084796092198, 0.0 ], [ -75.700037973952661, 4.518098762758749, 0.0 ], [ -75.699975812501279, 4.518179753151, 0.0 ], [ -75.699961249320438, 4.518239488435744, 0.0 ], [ -75.699941409124946, 4.518270023974676, 0.0 ], [ -75.699893815765805, 4.518278008688479, 0.0 ], [ -75.699380944329306, 4.518142848441165, 0.0 ] ] ] } },
{ "type": "Feature", "properties": { "barrio": "ASENTAMIENTO EL MILAGRO", "barrio_alt": "LOS NARANJOS", "barrio_alt2": "LOS NARANJOS", "vulnerabilidad": "Baja", "indice": 1.6666666666700001, "val_suelo": 1.0, "val_falla": 1.0, "val_antig": 3.0, "clas_antiguedad": "Alto", "clas_falla": null, "clas_falla_alt": null, "porcentaje_limitacion_suelo": 0.0, "area_m2": 37870.550933500002, "shape_area": -26949.780639299999 }, "geometry": { "type": "Polygon", "coordinates": [ [ [ -75.703098879376441, 4.517061136183345, 0.0 ], [ -75.703264271853072, 4.517406170753213, 0.0 ], [ -75.703343685913552, 4.517642339384333, 0.0 ], [ -75.703354300425417, 4.517824438562687, 0.0 ], [ -75.703330242432216, 4.518003873690512, 0.0 ], [ -75.703298200112968, 4.51812171774038, 0.0 ], [ -75.703188801874319, 4.518263692685523, 0.0 ], [ -75.703092756981178, 4.518344069219855, 0.0 ], [ -75.702970045870273, 4.51840303194267, 0.0 ], [ -75.702767317592375, 4.518462024812341, 0.0 ], [ -75.702569939834319, 4.518467456124486, 0.0 ], [ -75.702073810653431, 4.518537272112463, 0.0 ], [ -75.701482596785695, 4.518574286989945, 0.0 ], [ -75.701409611912709, 4.51856765513477, 0.0 ], [ -75.701057938485249, 4.518601109127085, 0.0 ], [ -75.700692999633233, 4.518621245340444, 0.0 ], [ -75.700414310877534, 4.518661330983052, 0.0 ], [ -75.700089155300049, 4.518761392832285, 0.0 ], [ -75.699929796004255, 4.51910787570339, 0.0 ], [ -75.70039533063914, 4.51907930595346, 0.0 ], [ -75.700533438403795, 4.519106002398646, 0.0 ], [ -75.700873144717136, 4.519102199468963, 0.0 ], [ -75.701040080370632, 4.519109864052353, 0.0 ], [ -75.701124025474343, 4.519124477454155, 0.0 ], [ -75.701190240513014, 4.519122294885585, 0.0 ], [ -75.701323796314355, 4.51909499191435, 0.0 ], [ -75.701484844244121, 4.518986696725146, 0.0 ], [ -75.701565994566664, 4.518949653884004, 0.0 ], [ -75.701634741488689, 4.518950311362917, 0.0 ], [ -75.701744056474723, 4.518979287395164, 0.0 ], [ -75.701903828910929, 4.518966599720649, 0.0 ], [ -75.702058738349422, 4.518995881984388, 0.0 ], [ -75.702125295380057, 4.518988281978833, 0.0 ], [ -75.702161393565376, 4.518972596026264, 0.0 ], [ -75.702356006974838, 4.518829348370415, 0.0 ], [ -75.702607125593545, 4.518738217244477, 0.0 ], [ -75.702705817472491, 4.51871333052055, 0.0 ], [ -75.702762357083017, 4.518721957344878, 0.0 ], [ -75.702854952780797, 4.518774768141649, 0.0 ], [ -75.702924249598738, 4.518789409796101, 0.0 ], [ -75.703064076291525, 4.518780005682532, 0.0 ], [ -75.70310517480651, 4.518789818352703, 0.0 ], [ -75.703168065339696, 4.518778554337938, 0.0 ], [ -75.703252182207109, 4.518790454740853, 0.0 ], [ -75.703310216651587, 4.518769051098091, 0.0 ], [ -75.703377051797432, 4.518717185657755, 0.0 ], [ -75.703746871988983, 4.518351441531065, 0.0 ], [ -75.703816635150375, 4.518152675677963, 0.0 ], [ -75.703855724202015, 4.517973517170824, 0.0 ], [ -75.703942176577172, 4.517886708958635, 0.0 ], [ -75.704042604017843, 4.517690729709076, 0.0 ], [ -75.704151390649187, 4.517508742662037, 0.0 ], [ -75.704148644664599, 4.517382784652528, 0.0 ], [ -75.704084523135919, 4.517385610482789, 0.0 ], [ -75.703936751892698, 4.517427658263102, 0.0 ], [ -75.703833603256527, 4.51741930400931, 0.0 ], [ -75.703752765050865, 4.517388547630988, 0.0 ], [ -75.70358276761057, 4.517201077684174, 0.0 ], [ -75.703098879376441, 4.517061136183345, 0.0 ] ] ] } },
{ "type": "Feature", "properties": { "barrio": "SANTA MARIA DEL PARQUE", "barrio_alt": "SANTA MARIA DEL PARQUE", "barrio_alt2": "SANTA MARIA DEL PARQUE", "vulnerabilidad": "Muy baja", "indice": 1.0, "val_suelo": 1.0, "val_falla": 1.0, "val_antig": 1.0, "clas_antiguedad": "Baja", "clas_falla": null, "clas_falla_alt": null, "porcentaje_limitacion_suelo": 0.0, "area_m2": 5581.6366738200004, "shape_area": 5585.0358551899999 }, "geometry": { "type": "Polygon", "coordinates": [ [ [ -75.695558082708686, 4.517288680705344, 0.0 ], [ -75.69551836316991, 4.516833140035594, 0.0 ], [ -75.69627184496818, 4.516792161923887, 0.0 ], [ -75.696494563653445, 4.51678920482314, 0.0 ], [ -75.696532734189915, 4.517247874305149, 0.0 ], [ -75.696409442098556, 4.517260586646127, 0.0 ], [ -75.696171650590969, 4.517304231133578, 0.0 ], [ -75.696086628165617, 4.517295000025575, 0.0 ], [ -75.696000284325308, 4.517253375699823, 0.0 ], [ -75.695930972827909, 4.517237710793867, 0.0 ], [ -75.695815578590967, 4.517244191016009, 0.0 ], [ -75.695626379757201, 4.517301626451306, 0.0 ], [ -75.695558082708686, 4.517288680705344, 0.0 ] ] ] } },
{ "type": "Feature", "properties": { "barrio": "HOSPITAL DEL SUR", "barrio_alt": "HOSPITAL DEL SUR", "barrio_alt2": "HOSPITAL DEL SUR", "vulnerabilidad": "Muy baja", "indice": 1.0, "val_suelo": 1.0, "val_falla": 1.0, "val_antig": 1.0, "clas_antiguedad": "Baja", "clas_falla": null, "clas_falla_alt": null, "porcentaje_limitacion_suelo": 0.0, "area_m2": 3484.7543405800002, "shape_area": 3486.88191426 }, "geometry": { "type": "Polygon", "coordinates": [ [ [ -75.696335700212515, 4.515606965193373, 0.0 ], [ -75.695932697143164, 4.514996245217726, 0.0 ], [ -75.696026554050377, 4.514818037699491, 0.0 ], [ -75.696087062348127, 4.514736608008356, 0.0 ], [ -75.696668399846644, 4.515303876038636, 0.0 ], [ -75.696335700212515, 4.515606965193373, 0.0 ] ] ] } },
{ "type": "Feature", "properties": { "barrio": "BALCONES DEL EDEN", "barrio_alt": "HOSPITAL DEL SUR", "barrio_alt2": "HOSPITAL DEL SUR", "vulnerabilidad": "Muy baja", "indice": 1.0, "val_suelo": 1.0, "val_falla": 1.0, "val_antig": 1.0, "clas_antiguedad": "Baja", "clas_falla": null, "clas_falla_alt": null, "porcentaje_limitacion_suelo": 0.0, "area_m2": 3484.7543405800002, "shape_area": 8449.5060015800009 }, "geometry": { "type": "Polygon", "coordinates": [ [ [ -75.696668399846644, 4.515303876038636, 0.0 ], [ -75.696087062348127, 4.514736608008356, 0.0 ], [ -75.696208282781228, 4.514590166166851, 0.0 ], [ -75.696270447694658, 4.514448263534181, 0.0 ], [ -75.696287553078633, 4.514354283596213, 0.0 ], [ -75.696294944687295, 4.514214146009543, 0.0 ], [ -75.696287430294902, 4.51418372766766, 0.0 ], [ -75.696273835550073, 4.514171652335378, 0.0 ], [ -75.69634400343223, 4.514115868735646, 0.0 ], [ -75.696374705479585, 4.514105700686809, 0.0 ], [ -75.696530076159092, 4.51408785823401, 0.0 ], [ -75.697169166174788, 4.514835471467865, 0.0 ], [ -75.696668399846644, 4.515303876038636, 0.0 ] ] ] } },
{ "type": "Feature", "properties": { "barrio": "ARRAYANES", "barrio_alt": "ARRAYANES", "barrio_alt2": "ARRAYANES", "vulnerabilidad": "Baja", "indice": 1.6666666666700001, "val_suelo": 1.0, "val_falla": 1.0, "val_antig": 3.0, "clas_antiguedad": "Alto", "clas_falla": null, "clas_falla_alt": null, "porcentaje_limitacion_suelo": 0.0, "area_m2": 47867.236265300002, "shape_area": 47896.2080986 }, "geometry": { "type": "Polygon", "coordinates": [ [ [ -75.695345829815892, 4.516175638740209, 0.0 ], [ -75.695318961231806, 4.516843654668033, 0.0 ], [ -75.694876959690603, 4.517040442893872, 0.0 ], [ -75.694682566972759, 4.517103610059891, 0.0 ], [ -75.694582885090171, 4.517150891626056, 0.0 ], [ -75.694489333247049, 4.517209619968324, 0.0 ], [ -75.694303701154254, 4.51729626321031, 0.0 ], [ -75.694085932480377, 4.517333026980278, 0.0 ], [ -75.693952921708643, 4.5173932364219, 0.0 ], [ -75.693917837542145, 4.517422596418312, 0.0 ], [ -75.693745195966017, 4.517434559822036, 0.0 ], [ -75.693675029584156, 4.517393793492273, 0.0 ], [ -75.693431258120285, 4.517356805233471, 0.0 ], [ -75.692899379702965, 4.517312515697214, 0.0 ], [ -75.692814435640884, 4.517279172142505, 0.0 ], [ -75.692415490343905, 4.517353503908383, 0.0 ], [ -75.692230797681319, 4.517375829604009, 0.0 ], [ -75.692109003123647, 4.517520109372602, 0.0 ], [ -75.691540003841411, 4.518020543284062, 0.0 ], [ -75.691138237461601, 4.517587820890147, 0.0 ], [ -75.691477149874387, 4.517283341415098, 0.0 ], [ -75.692294108285608, 4.516610905092957, 0.0 ], [ -75.692714076812507, 4.516360591194178, 0.0 ], [ -75.693069882335124, 4.516220732168095, 0.0 ], [ -75.693234972439797, 4.516172733067069, 0.0 ], [ -75.693663816756043, 4.516110782187945, 0.0 ], [ -75.693796530289248, 4.516104054491529, 0.0 ], [ -75.694378008666817, 4.516137126473917, 0.0 ], [ -75.695345829815892, 4.516175638740209, 0.0 ] ] ] } },
{ "type": "Feature", "properties": { "barrio": "CASTILLA", "barrio_alt": "CASTILLA", "barrio_alt2": "CASTILLA", "vulnerabilidad": "Alta", "indice": 2.3333333333300001, "val_suelo": 1.0, "val_falla": 3.0, "val_antig": 3.0, "clas_antiguedad": "Alto", "clas_falla": "Alta", "clas_falla_alt": "Alta", "porcentaje_limitacion_suelo": 0.0, "area_m2": 56669.7954943, "shape_area": 56703.735384500003 }, "geometry": { "type": "Polygon", "coordinates": [ [ [ -75.688637571082324, 4.514336188053682, 0.0 ], [ -75.688584757329508, 4.513343988342813, 0.0 ], [ -75.68868665808192, 4.513045845480534, 0.0 ], [ -75.688805407583274, 4.51307986735168, 0.0 ], [ -75.688818163645806, 4.512990432437531, 0.0 ], [ -75.68906851113708, 4.512705006885093, 0.0 ], [ -75.689522482110576, 4.512325810639258, 0.0 ], [ -75.689898524232774, 4.512659337647304, 0.0 ], [ -75.68976993626012, 4.512858442594615, 0.0 ], [ -75.689720226758027, 4.512999736820925, 0.0 ], [ -75.689854022970039, 4.513159781808929, 0.0 ], [ -75.689901660723478, 4.513232508220683, 0.0 ], [ -75.689904518917913, 4.513277713465905, 0.0 ], [ -75.690034516211682, 4.513212248319673, 0.0 ], [ -75.690392839497932, 4.513918223941064, 0.0 ], [ -75.690423345571418, 4.5139037047536, 0.0 ], [ -75.690445286205176, 4.51390423355037, 0.0 ], [ -75.690475246993131, 4.513921414927679, 0.0 ], [ -75.690534337518372, 4.514040950868882, 0.0 ], [ -75.690560059356372, 4.514052353945989, 0.0 ], [ -75.690767647885465, 4.514086510258645, 0.0 ], [ -75.690778413918864, 4.5140961173588, 0.0 ], [ -75.690781045547226, 4.514102802947879, 0.0 ], [ -75.690726823012241, 4.514131129075464, 0.0 ], [ -75.690623963739611, 4.514819737929158, 0.0 ], [ -75.689964452418877, 4.515069921751774, 0.0 ], [ -75.689067464761962, 4.515654218902165, 0.0 ], [ -75.688336819081584, 4.514711111638468, 0.0 ], [ -75.688142401049205, 4.51436701656549, 0.0 ], [ -75.688165639895161, 4.514354598271974, 0.0 ], [ -75.688637571082324, 4.514336188053682, 0.0 ] ] ] } },
{ "type": "Feature", "properties": { "barrio": "CASTILLA GRANDE", "barrio_alt": "CASTILLA", "barrio_alt2": "CASTILLA", "vulnerabilidad": "Media", "indice": 2.0, "val_suelo": 1.0, "val_falla": 2.0, "val_antig": 3.0, "clas_antiguedad": "Alto", "clas_falla": "Media", "clas_falla_alt": "Media", "porcentaje_limitacion_suelo": 0.0, "area_m2": 56669.7954943, "shape_area": 18369.682824700001 }, "geometry": { "type": "Polygon", "coordinates": [ [ [ -75.690392839497932, 4.513918223941064, 0.0 ], [ -75.690034516211682, 4.513212248319673, 0.0 ], [ -75.690115794904017, 4.513151617962605, 0.0 ], [ -75.690468508408159, 4.512830466920419, 0.0 ], [ -75.690836282944929, 4.512335131868358, 0.0 ], [ -75.69093628663957, 4.512642383786118, 0.0 ], [ -75.691111279461367, 4.513099950390933, 0.0 ], [ -75.691223166720405, 4.513080292481491, 0.0 ], [ -75.691395866270298, 4.513450076482086, 0.0 ], [ -75.691324809476441, 4.513510728657896, 0.0 ], [ -75.69143404612889, 4.513781269814051, 0.0 ], [ -75.691385820664976, 4.513829692306039, 0.0 ], [ -75.691384994251379, 4.513988673439409, 0.0 ], [ -75.691421937872434, 4.514078817784104, 0.0 ], [ -75.69131363453377, 4.514134546546313, 0.0 ], [ -75.691307325707442, 4.514306473172295, 0.0 ], [ -75.69123281351969, 4.514302433024976, 0.0 ], [ -75.691079994984818, 4.514248689924193, 0.0 ], [ -75.69091312224144, 4.514162077249775, 0.0 ], [ -75.690785935071617, 4.514115226265903, 0.0 ], [ -75.690767647885465, 4.514086510258645, 0.0 ], [ -75.690560059356372, 4.514052353945989, 0.0 ], [ -75.690534337518372, 4.514040950868882, 0.0 ], [ -75.690475246993131, 4.513921414927679, 0.0 ], [ -75.690445286205176, 4.51390423355037, 0.0 ], [ -75.690423345571418, 4.5139037047536, 0.0 ], [ -75.690392839497932, 4.513918223941064, 0.0 ] ] ] } },
{ "type": "Feature", "properties": { "barrio": "PINARES", "barrio_alt": "CIUDADELA SIMON BOLIVAR", "barrio_alt2": "CIUDADELA SIMON BOLIVAR", "vulnerabilidad": "Media", "indice": 2.0, "val_suelo": 1.0, "val_falla": 2.0, "val_antig": 3.0, "clas_antiguedad": "Alto", "clas_falla": "Media", "clas_falla_alt": "Media", "porcentaje_limitacion_suelo": 0.0, "area_m2": 210285.465478, "shape_area": 80751.410522499995 }, "geometry": { "type": "Polygon", "coordinates": [ [ [ -75.689854022970039, 4.513159781808929, 0.0 ], [ -75.689720226758027, 4.512999736820925, 0.0 ], [ -75.68976993626012, 4.512858442594615, 0.0 ], [ -75.689889076132758, 4.512671739140382, 0.0 ], [ -75.690364386376672, 4.512047865835893, 0.0 ], [ -75.690481547651245, 4.511909781214548, 0.0 ], [ -75.690720516099276, 4.511575296496349, 0.0 ], [ -75.690940641654564, 4.511196238182894, 0.0 ], [ -75.691052684410465, 4.511030805352382, 0.0 ], [ -75.691702178721854, 4.51055331277499, 0.0 ], [ -75.69179004802875, 4.510444930811667, 0.0 ], [ -75.691876413258797, 4.510364752482498, 0.0 ], [ -75.691925661349913, 4.51024722749333, 0.0 ], [ -75.691950143600025, 4.510111711710915, 0.0 ], [ -75.691973123181853, 4.510037295919542, 0.0 ], [ -75.69206884759987, 4.50992574870664, 0.0 ], [ -75.692125870301268, 4.509813514287451, 0.0 ], [ -75.692128120471935, 4.509740384130076, 0.0 ], [ -75.692076262916302, 4.509600230907761, 0.0 ], [ -75.692078406040039, 4.509576043388538, 0.0 ], [ -75.692183731440409, 4.509383830691158, 0.0 ], [ -75.692389893203185, 4.509264917133446, 0.0 ], [ -75.692519934539277, 4.509218765923902, 0.0 ], [ -75.692635533402807, 4.509150951351689, 0.0 ], [ -75.692769464318076, 4.509053431480177, 0.0 ], [ -75.692905278354431, 4.508983418281381, 0.0 ], [ -75.693021315511146, 4.508892049921153, 0.0 ], [ -75.693172228375374, 4.508721643601066, 0.0 ], [ -75.693224718445833, 4.508675059622697, 0.0 ], [ -75.693250989819759, 4.508629335054779, 0.0 ], [ -75.693295029970997, 4.508493448486509, 0.0 ], [ -75.693301891367312, 4.508378999157707, 0.0 ], [ -75.693290708271292, 4.508272791151607, 0.0 ], [ -75.693314435507745, 4.508202310669033, 0.0 ], [ -75.693366693985851, 4.508151801306742, 0.0 ], [ -75.693420394667839, 4.508115962831749, 0.0 ], [ -75.693535082890548, 4.508064627834778, 0.0 ], [ -75.693628853330708, 4.508004754927567, 0.0 ], [ -75.693703147429375, 4.507995540933096, 0.0 ], [ -75.69462951104066, 4.50897591656537, 0.0 ], [ -75.693632313397373, 4.51019961141075, 0.0 ], [ -75.693449072202895, 4.51034489346702, 0.0 ], [ -75.691698257663049, 4.511838590215215, 0.0 ], [ -75.690904293214103, 4.512222903564691, 0.0 ], [ -75.690836282944929, 4.512335131868358, 0.0 ], [ -75.690468508408159, 4.512830466920419, 0.0 ], [ -75.690115794904017, 4.513151617962605, 0.0 ], [ -75.690024470800196, 4.513219741257336, 0.0 ], [ -75.689904518917913, 4.513277713465905, 0.0 ], [ -75.689901660723478, 4.513232508220683, 0.0 ], [ -75.689854022970039, 4.513159781808929, 0.0 ] ] ] } },
{ "type": "Feature", "properties": { "barrio": "BOSQUES DE PINARES", "barrio_alt": "CIUDADELA SIMON BOLIVAR", "barrio_alt2": "CIUDADELA SIMON BOLIVAR", "vulnerabilidad": "Baja", "indice": 1.6666666666700001, "val_suelo": 1.0, "val_falla": 1.0, "val_antig": 3.0, "clas_antiguedad": "Alto", "clas_falla": "Baja", "clas_falla_alt": "Baja", "porcentaje_limitacion_suelo": 0.0, "area_m2": 210285.465478, "shape_area": 303382.86618399998 }, "geometry": { "type": "Polygon", "coordinates": [ [ [ -75.69671966093297, 4.514050768002278, 0.0 ], [ -75.696557890587059, 4.514086827214374, 0.0 ], [ -75.696362453335851, 4.514108848932497, 0.0 ], [ -75.696273835550073, 4.514171652335378, 0.0 ], [ -75.696287430294902, 4.51418372766766, 0.0 ], [ -75.696294944687295, 4.514214146009543, 0.0 ], [ -75.696287553078633, 4.514354283596213, 0.0 ], [ -75.696270447694658, 4.514448263534181, 0.0 ], [ -75.696208282781228, 4.514590166166851, 0.0 ], [ -75.696048111248174, 4.5147852574308, 0.0 ], [ -75.695958506096986, 4.514955381465162, 0.0 ], [ -75.695888824724548, 4.515042914118023, 0.0 ], [ -75.695846079192805, 4.515084939286641, 0.0 ], [ -75.695736308360225, 4.515136581462192, 0.0 ], [ -75.695628834158896, 4.515172493805194, 0.0 ], [ -75.69558489830473, 4.515183946905969, 0.0 ], [ -75.69548198051973, 4.515150120788244, 0.0 ], [ -75.695396682629053, 4.515086725714152, 0.0 ], [ -75.695289230623743, 4.514983025854076, 0.0 ], [ -75.695235753767221, 4.514958026382612, 0.0 ], [ -75.695204699779438, 4.514956580592997, 0.0 ], [ -75.695134125354585, 4.514976237466909, 0.0 ], [ -75.694948236207651, 4.514936743178294, 0.0 ], [ -75.694792256781909, 4.514941333522919, 0.0 ], [ -75.694616033490021, 4.514886479674334, 0.0 ], [ -75.694504034105123, 4.514834238339075, 0.0 ], [ -75.694437593772093, 4.514818338255499, 0.0 ], [ -75.694188661343489, 4.514832763769747, 0.0 ], [ -75.693978736571978, 4.514789415999968, 0.0 ], [ -75.693869072538817, 4.514793914425803, 0.0 ], [ -75.693782516354972, 4.514819388433651, 0.0 ], [ -75.693673204333777, 4.51488681414801, 0.0 ], [ -75.693521147795934, 4.51500881036763, 0.0 ], [ -75.693341423983043, 4.515102677047643, 0.0 ], [ -75.693276902883454, 4.515114754383088, 0.0 ], [ -75.693212912980826, 4.515114060128142, 0.0 ], [ -75.693053546011129, 4.515084911158362, 0.0 ], [ -75.692984771919996, 4.515081313695729, 0.0 ], [ -75.692762588845383, 4.515126933760987, 0.0 ], [ -75.692643115319967, 4.515212187837347, 0.0 ], [ -75.692537190306695, 4.515254259639859, 0.0 ], [ -75.692265069768851, 4.515253217585428, 0.0 ], [ -75.692161071594455, 4.515268678885439, 0.0 ], [ -75.69204720943587, 4.515299055575822, 0.0 ], [ -75.69200937091874, 4.515222543138817, 0.0 ], [ -75.691812386236251, 4.514992366578372, 0.0 ], [ -75.691766149473821, 4.514843086219656, 0.0 ], [ -75.691746281842541, 4.514702397586238, 0.0 ], [ -75.69171828074758, 4.514634523770248, 0.0 ], [ -75.69168360416171, 4.514583889555929, 0.0 ], [ -75.691532089377461, 4.51441295770007, 0.0 ], [ -75.691341072314245, 4.514315491375501, 0.0 ], [ -75.691307325707442, 4.514306473172295, 0.0 ], [ -75.69131363453377, 4.514134546546313, 0.0 ], [ -75.691421937872434, 4.514078817784104, 0.0 ], [ -75.691384994251379, 4.513988673439409, 0.0 ], [ -75.691385820664976, 4.513829692306039, 0.0 ], [ -75.69143404612889, 4.513781269814051, 0.0 ], [ -75.691324809476441, 4.513510728657896, 0.0 ], [ -75.691395866270298, 4.513450076482086, 0.0 ], [ -75.691223166720405, 4.513080292481491, 0.0 ], [ -75.691111279461367, 4.513099950390933, 0.0 ], [ -75.69093628663957, 4.512642383786118, 0.0 ], [ -75.690836282944929, 4.512335131868358, 0.0 ], [ -75.690904293214103, 4.512222903564691, 0.0 ], [ -75.691698257663049, 4.511838590215215, 0.0 ], [ -75.693449072202895, 4.51034489346702, 0.0 ], [ -75.693632313397373, 4.51019961141075, 0.0 ], [ -75.694356860947778, 4.510387522845808, 0.0 ], [ -75.694871050685734, 4.510479984969018, 0.0 ], [ -75.694874331205881, 4.510526318504132, 0.0 ], [ -75.695469422917498, 4.510608673407668, 0.0 ], [ -75.695581469132861, 4.51053613351699, 0.0 ], [ -75.696037376373994, 4.510621672015708, 0.0 ], [ -75.696249941523391, 4.510685242459749, 0.0 ], [ -75.696329255956428, 4.51073485885158, 0.0 ], [ -75.696460063703483, 4.51084132518293, 0.0 ], [ -75.696786454241234, 4.511312162997504, 0.0 ], [ -75.697038369969121, 4.511714375929854, 0.0 ], [ -75.697224697549188, 4.511960233778719, 0.0 ], [ -75.697419301592603, 4.512025249048381, 0.0 ], [ -75.697473820717079, 4.511968869193868, 0.0 ], [ -75.697531533504957, 4.511949393941394, 0.0 ], [ -75.698199725688852, 4.513709265649507, 0.0 ], [ -75.698128335039414, 4.51376268619333, 0.0 ], [ -75.698050652391487, 4.51378106878111, 0.0 ], [ -75.697983273864921, 4.513745487037334, 0.0 ], [ -75.697911615644031, 4.513673363647116, 0.0 ], [ -75.697826553381219, 4.513667341994118, 0.0 ], [ -75.697777751980382, 4.513640407835799, 0.0 ], [ -75.69771951018835, 4.513638392504598, 0.0 ], [ -75.697656546681358, 4.513622339628785, 0.0 ], [ -75.697631889786692, 4.513626084610071, 0.0 ], [ -75.697601828667203, 4.513654641192578, 0.0 ], [ -75.697583920281488, 4.513713127809799, 0.0 ], [ -75.697575698890532, 4.513801002173455, 0.0 ], [ -75.697539305352237, 4.513874269028038, 0.0 ], [ -75.697507694942388, 4.513917732674181, 0.0 ], [ -75.697436292195761, 4.513967175459833, 0.0 ], [ -75.697405464839292, 4.513975842397019, 0.0 ], [ -75.697371338704485, 4.513972569292491, 0.0 ], [ -75.697310618571777, 4.513936381401952, 0.0 ], [ -75.697260933180829, 4.513888895332353, 0.0 ], [ -75.697200618047006, 4.513867234751174, 0.0 ], [ -75.696971820455957, 4.513842069562657, 0.0 ], [ -75.696928444221157, 4.513873538773825, 0.0 ], [ -75.696877032881233, 4.513949692061551, 0.0 ], [ -75.69671966093297, 4.514050768002278, 0.0 ] ] ] } },
{ "type": "Feature", "properties": { "barrio": "EMPERADOR", "barrio_alt": "PINARES", "barrio_alt2": "PINARES", "vulnerabilidad": "Media", "indice": 2.0, "val_suelo": 1.0, "val_falla": 2.0, "val_antig": 3.0, "clas_antiguedad": "Alto", "clas_falla": "Media", "clas_falla_alt": "Media", "porcentaje_limitacion_suelo": 0.0, "area_m2": 80702.695229899997, "shape_area": 9847.0154600099995 }, "geometry": { "type": "Polygon", "coordinates": [ [ [ -75.689217572387719, 4.511180525774406, 0.0 ], [ -75.689112481248046, 4.511110207226576, 0.0 ], [ -75.689454488457983, 4.510641658502949, 0.0 ], [ -75.690728319064746, 4.511561859652418, 0.0 ], [ -75.690481547651245, 4.511909781214548, 0.0 ], [ -75.68997707951668, 4.511618597139286, 0.0 ], [ -75.689676481087162, 4.5114582674824, 0.0 ], [ -75.689406743266346, 4.511285991938053, 0.0 ], [ -75.689217572387719, 4.511180525774406, 0.0 ] ] ] } },
{ "type": "Feature", "properties": { "barrio": "TRES ESQUINAS", "barrio_alt": "TRES ESQUINAS", "barrio_alt2": "TRES ESQUINAS", "vulnerabilidad": "Baja", "indice": 1.6666666666700001, "val_suelo": 1.0, "val_falla": 1.0, "val_antig": 3.0, "clas_antiguedad": "Alto", "clas_falla": "Baja", "clas_falla_alt": "Baja", "porcentaje_limitacion_suelo": 0.0, "area_m2": 114547.156248, "shape_area": 114615.71288000001 }, "geometry": { "type": "Polygon", "coordinates": [ [ [ -75.68762038089119, 4.520178118665354, 0.0 ], [ -75.687373467823221, 4.519518551798243, 0.0 ], [ -75.687568951383639, 4.519138462559862, 0.0 ], [ -75.688203581025348, 4.517991975563478, 0.0 ], [ -75.68884638482028, 4.518279452833009, 0.0 ], [ -75.688864098284526, 4.517764439489111, 0.0 ], [ -75.689096406156111, 4.517420580029128, 0.0 ], [ -75.689297231410364, 4.517068829463232, 0.0 ], [ -75.689340586807873, 4.516867290419238, 0.0 ], [ -75.689301351140529, 4.516487967222545, 0.0 ], [ -75.689604403129266, 4.516444391820136, 0.0 ], [ -75.690502276313637, 4.517712572287671, 0.0 ], [ -75.69048984913789, 4.517935735014572, 0.0 ], [ -75.69075502304122, 4.518165360009979, 0.0 ], [ -75.690938109162502, 4.518848171144999, 0.0 ], [ -75.690856117609215, 4.519196123625567, 0.0 ], [ -75.690318384700547, 4.519553152250582, 0.0 ], [ -75.68999902234448, 4.519677350606199, 0.0 ], [ -75.689995419399906, 4.519706023142845, 0.0 ], [ -75.690109604371955, 4.519847876637055, 0.0 ], [ -75.690253399302676, 4.519953719501741, 0.0 ], [ -75.68976173711178, 4.520567683080086, 0.0 ], [ -75.689466760180565, 4.520878296483068, 0.0 ], [ -75.689253202989534, 4.520973269013248, 0.0 ], [ -75.688951175199193, 4.521357483535953, 0.0 ], [ -75.688910406680577, 4.521398417448769, 0.0 ], [ -75.688441520980263, 4.520985652244164, 0.0 ], [ -75.687805803870944, 4.520364963045354, 0.0 ], [ -75.687676586082716, 4.52047631520269, 0.0 ], [ -75.687525493859383, 4.520319765425888, 0.0 ], [ -75.68759483566393, 4.520229364507752, 0.0 ], [ -75.68762038089119, 4.520178118665354, 0.0 ] ] ] } },
{ "type": "Feature", "properties": { "barrio": "LA ISABELA", "barrio_alt": "LOS NARANJOS", "barrio_alt2": "LOS NARANJOS", "vulnerabilidad": "Baja", "indice": 1.6666666666700001, "val_suelo": 1.0, "val_falla": 1.0, "val_antig": 3.0, "clas_antiguedad": "Alto", "clas_falla": null, "clas_falla_alt": null, "porcentaje_limitacion_suelo": 0.0, "area_m2": 37870.550933500002, "shape_area": 176075.36372699999 }, "geometry": { "type": "Polygon", "coordinates": [ [ [ -75.695182328143247, 4.516904487025012, 0.0 ], [ -75.695273409045271, 4.51703136490211, 0.0 ], [ -75.695433472121394, 4.517202035489229, 0.0 ], [ -75.695526620846678, 4.517273905510185, 0.0 ], [ -75.695595528379968, 4.517300429499931, 0.0 ], [ -75.695673262004831, 4.51729155181943, 0.0 ], [ -75.695815578590967, 4.517244191016009, 0.0 ], [ -75.695882892903967, 4.517236925127533, 0.0 ], [ -75.69597464443909, 4.517246141164252, 0.0 ], [ -75.696092024987308, 4.517297188510367, 0.0 ], [ -75.696171830938482, 4.517304524275618, 0.0 ], [ -75.696526039996868, 4.517248072801502, 0.0 ], [ -75.696604198752482, 4.517250653972924, 0.0 ], [ -75.696659484634452, 4.51726833369341, 0.0 ], [ -75.69675241960357, 4.517334273768134, 0.0 ], [ -75.696816903067244, 4.517415109857093, 0.0 ], [ -75.696908216544813, 4.517494685244288, 0.0 ], [ -75.696974297947946, 4.517588392502865, 0.0 ], [ -75.697052017571309, 4.517747516165875, 0.0 ], [ -75.697091265154711, 4.517802213623558, 0.0 ], [ -75.69712491966132, 4.517809440855777, 0.0 ], [ -75.697160587653798, 4.51778649728176, 0.0 ], [ -75.69720105680689, 4.517778839421916, 0.0 ], [ -75.697272373917613, 4.517783640070057, 0.0 ], [ -75.697438552786508, 4.517846538127984, 0.0 ], [ -75.697502245494533, 4.517890362010365, 0.0 ], [ -75.697537087939224, 4.517940636989668, 0.0 ], [ -75.697579503412072, 4.517973074168123, 0.0 ], [ -75.697600121897125, 4.517981224133186, 0.0 ], [ -75.697688232560068, 4.517979308440137, 0.0 ], [ -75.697783833949913, 4.517997467064107, 0.0 ], [ -75.697942519136149, 4.518119122903834, 0.0 ], [ -75.697993756219702, 4.518127888346219, 0.0 ], [ -75.698034981234329, 4.518183084593111, 0.0 ], [ -75.698070781191717, 4.518194609713003, 0.0 ], [ -75.698127457223407, 4.518240083295882, 0.0 ], [ -75.698183272767622, 4.518260906916841, 0.0 ], [ -75.698263661929161, 4.518318749794038, 0.0 ], [ -75.698327505375218, 4.518348027896309, 0.0 ], [ -75.698386043555288, 4.518405221702859, 0.0 ], [ -75.698439020073579, 4.518422003966394, 0.0 ], [ -75.698485722175008, 4.518452129721282, 0.0 ], [ -75.698562472366859, 4.518540980181506, 0.0 ], [ -75.698746109877021, 4.518593062776348, 0.0 ], [ -75.698782222823255, 4.518633661477995, 0.0 ], [ -75.698797291898984, 4.518676528189165, 0.0 ], [ -75.698790546178998, 4.518815187729218, 0.0 ], [ -75.698796474498948, 4.518837337192859, 0.0 ], [ -75.698837116234188, 4.518894575019086, 0.0 ], [ -75.698813803635801, 4.518914249725612, 0.0 ], [ -75.698809577514766, 4.518959186276145, 0.0 ], [ -75.698843394038875, 4.519084665613144, 0.0 ], [ -75.698886630666706, 4.519147390310852, 0.0 ], [ -75.698937245253276, 4.519174388807031, 0.0 ], [ -75.698885924267159, 4.519184831912679, 0.0 ], [ -75.698656980548478, 4.519356215999341, 0.0 ], [ -75.698589931816556, 4.519383885422505, 0.0 ], [ -75.698529112997463, 4.519388135989088, 0.0 ], [ -75.698434082906516, 4.519352055586548, 0.0 ], [ -75.698346074107988, 4.519290483111312, 0.0 ], [ -75.698314486956221, 4.519247717720703, 0.0 ], [ -75.698261190560999, 4.519125518436374, 0.0 ], [ -75.698205800838409, 4.51907640226229, 0.0 ], [ -75.698153516705474, 4.519060516042235, 0.0 ], [ -75.6980794485887, 4.519053334625561, 0.0 ], [ -75.697997858940482, 4.519088860941359, 0.0 ], [ -75.697908701641964, 4.519070143231789, 0.0 ], [ -75.697855503977351, 4.519136533436154, 0.0 ], [ -75.697825310375634, 4.519217690397467, 0.0 ], [ -75.697772599428433, 4.519254208411851, 0.0 ], [ -75.69775136347522, 4.519286137766994, 0.0 ], [ -75.697753261484593, 4.519335070893443, 0.0 ], [ -75.697776702889456, 4.519365779665575, 0.0 ], [ -75.69778061254415, 4.519395503488483, 0.0 ], [ -75.697767198654617, 4.519441606165669, 0.0 ], [ -75.697736396298879, 4.519478019046504, 0.0 ], [ -75.697709143817548, 4.5194853818427, 0.0 ], [ -75.697556241472498, 4.519447724234355, 0.0 ], [ -75.697478794735304, 4.519407791144104, 0.0 ], [ -75.697421252039419, 4.519413957733732, 0.0 ], [ -75.697387167432893, 4.519429045682656, 0.0 ], [ -75.697328517434485, 4.51949750476054, 0.0 ], [ -75.697111768519306, 4.519509407546238, 0.0 ], [ -75.697079596829937, 4.519541185986332, 0.0 ], [ -75.697047935493913, 4.519611819085375, 0.0 ], [ -75.697026750360052, 4.51963046699716, 0.0 ], [ -75.696993802461193, 4.519633104779115, 0.0 ], [ -75.696923753451799, 4.519612944358858, 0.0 ], [ -75.696903618765106, 4.519618464399937, 0.0 ], [ -75.696869353202572, 4.519652344396766, 0.0 ], [ -75.696834551468967, 4.519736105020129, 0.0 ], [ -75.696780936375305, 4.519774192179951, 0.0 ], [ -75.696694382418443, 4.519788139395295, 0.0 ], [ -75.696578473747536, 4.519790303289255, 0.0 ], [ -75.696347087994766, 4.519872370604421, 0.0 ], [ -75.696296404313514, 4.519832554663498, 0.0 ], [ -75.696257063354722, 4.519767754884472, 0.0 ], [ -75.69624370114397, 4.519698995379245, 0.0 ], [ -75.696217731160559, 4.51967292282434, 0.0 ], [ -75.696202774998483, 4.519667395167512, 0.0 ], [ -75.696058705904036, 4.519690370000686, 0.0 ], [ -75.695945330245735, 4.519740998136895, 0.0 ], [ -75.695898886605889, 4.51973232052491, 0.0 ], [ -75.695825472274663, 4.51966860586378, 0.0 ], [ -75.695797817215933, 4.519621921992711, 0.0 ], [ -75.695776041086845, 4.519605971713866, 0.0 ], [ -75.695695389156953, 4.519610138609359, 0.0 ], [ -75.695654187618956, 4.519590057766429, 0.0 ], [ -75.695560979175923, 4.519462188225547, 0.0 ], [ -75.695493062939505, 4.519404644806811, 0.0 ], [ -75.695448328240644, 4.519385747829675, 0.0 ], [ -75.695401837611087, 4.519333161042563, 0.0 ], [ -75.695055503475544, 4.519172285088443, 0.0 ], [ -75.694988385581098, 4.519195952312203, 0.0 ], [ -75.694930084982005, 4.519262762853431, 0.0 ], [ -75.694834084841787, 4.519407608690662, 0.0 ], [ -75.694774638102729, 4.519557223812831, 0.0 ], [ -75.694691091540335, 4.519708804535707, 0.0 ], [ -75.694657355384479, 4.519755572353604, 0.0 ], [ -75.694620413742371, 4.5197829938486, 0.0 ], [ -75.694461436750814, 4.519807236216086, 0.0 ], [ -75.69425589296182, 4.519820210301551, 0.0 ], [ -75.694161154820648, 4.519815408028535, 0.0 ], [ -75.694066407902497, 4.51984285116599, 0.0 ], [ -75.693900165854103, 4.519806448350587, 0.0 ], [ -75.693860902897057, 4.519813193061286, 0.0 ], [ -75.693824507204496, 4.519838204133577, 0.0 ], [ -75.693801524371381, 4.519838212810612, 0.0 ], [ -75.693743118743612, 4.519812275275577, 0.0 ], [ -75.693689496442133, 4.519804603298214, 0.0 ], [ -75.693655975846255, 4.519819037214027, 0.0 ], [ -75.693618611960545, 4.519873853657555, 0.0 ], [ -75.693592753808844, 4.51988828527963, 0.0 ], [ -75.693530982764827, 4.519950886848204, 0.0 ], [ -75.69342946762832, 4.519981691028466, 0.0 ], [ -75.693310532981656, 4.519985388992645, 0.0 ], [ -75.693155414799804, 4.519950833162935, 0.0 ], [ -75.692872631789726, 4.519966994409403, 0.0 ], [ -75.692701252306563, 4.519873795789965, 0.0 ], [ -75.692638068704937, 4.519814209330516, 0.0 ], [ -75.692527000585144, 4.519771946143175, 0.0 ], [ -75.692456139553641, 4.519771971924934, 0.0 ], [ -75.69236420202823, 4.519800849991173, 0.0 ], [ -75.692231454031074, 4.519795051527232, 0.0 ], [ -75.692186883523561, 4.518843198390752, 0.0 ], [ -75.691836110466483, 4.518913758599917, 0.0 ], [ -75.691833938939041, 4.518844061244679, 0.0 ], [ -75.691879479304362, 4.51809716135913, 0.0 ], [ -75.691911705601939, 4.517853569811059, 0.0 ], [ -75.692104583257972, 4.517560032114163, 0.0 ], [ -75.692101293639269, 4.517526890332556, 0.0 ], [ -75.692230797681319, 4.517375829604009, 0.0 ], [ -75.692415490343905, 4.517353503908383, 0.0 ], [ -75.692814435640884, 4.517279172142505, 0.0 ], [ -75.692899379702965, 4.517312515697214, 0.0 ], [ -75.693431258120285, 4.517356805233471, 0.0 ], [ -75.693675029584156, 4.517393793492273, 0.0 ], [ -75.693745195966017, 4.517434559822036, 0.0 ], [ -75.693917837542145, 4.517422596418312, 0.0 ], [ -75.693952921708643, 4.5173932364219, 0.0 ], [ -75.694085932480377, 4.517333026980278, 0.0 ], [ -75.694303701154254, 4.51729626321031, 0.0 ], [ -75.694489333247049, 4.517209619968324, 0.0 ], [ -75.694582885090171, 4.517150891626056, 0.0 ], [ -75.694682566972759, 4.517103610059891, 0.0 ], [ -75.69486234477678, 4.51704631658361, 0.0 ], [ -75.695182328143247, 4.516904487025012, 0.0 ] ] ] } },
{ "type": "Feature", "properties": { "barrio": "PARQUE DE LA VILLA", "barrio_alt": "SANTA MARIA DEL PARQUE", "barrio_alt2": "SANTA MARIA DEL PARQUE", "vulnerabilidad": "Muy baja", "indice": 1.0, "val_suelo": 1.0, "val_falla": 1.0, "val_antig": 1.0, "clas_antiguedad": "Baja", "clas_falla": null, "clas_falla_alt": null, "porcentaje_limitacion_suelo": 0.0, "area_m2": 5581.6366738200004, "shape_area": 6097.2194733400001 }, "geometry": { "type": "Polygon", "coordinates": [ [ [ -75.696249641847416, 4.516471221399102, 0.0 ], [ -75.696271930628242, 4.516793402853391, 0.0 ], [ -75.695318961231806, 4.516843654668033, 0.0 ], [ -75.695345829815892, 4.516175638740209, 0.0 ], [ -75.695749711553759, 4.516246623957273, 0.0 ], [ -75.696063111487291, 4.516351406893522, 0.0 ], [ -75.696249641847416, 4.516471221399102, 0.0 ] ] ] } },
{ "type": "Feature", "properties": { "barrio": "LA ARCADIA", "barrio_alt": "CONJUNTO VILLA MARAVELEZ", "barrio_alt2": "CONJUNTO VILLA MARAVELEZ", "vulnerabilidad": "Muy baja", "indice": 1.3333333333299999, "val_suelo": 1.0, "val_falla": 1.0, "val_antig": 2.0, "clas_antiguedad": "Media", "clas_falla": null, "clas_falla_alt": null, "porcentaje_limitacion_suelo": 0.0, "area_m2": 5349.8814946399998, "shape_area": 50473.128055300003 }, "geometry": { "type": "Polygon", "coordinates": [ [ [ -75.700300708909154, 4.517366321485757, 0.0 ], [ -75.700452745755896, 4.517352873941312, 0.0 ], [ -75.700535427565455, 4.517360877404765, 0.0 ], [ -75.700599447923338, 4.517339429081333, 0.0 ], [ -75.700714135869859, 4.517352775387272, 0.0 ], [ -75.700815500589627, 4.517320601525648, 0.0 ], [ -75.700890176813999, 4.51734199737831, 0.0 ], [ -75.70095686178594, 4.517328582316596, 0.0 ], [ -75.701031543372295, 4.517333909769357, 0.0 ], [ -75.701082745326346, 4.517363883852854, 0.0 ], [ -75.701152094046819, 4.517363858482979, 0.0 ], [ -75.701218778997941, 4.517350442494773, 0.0 ], [ -75.701450858692596, 4.517251269253681, 0.0 ], [ -75.701533542217021, 4.517253916176825, 0.0 ], [ -75.701605561784334, 4.517240498347688, 0.0 ], [ -75.701653577208788, 4.51722441273046, 0.0 ], [ -75.701693597779382, 4.517184227279119, 0.0 ], [ -75.701690947395434, 4.517127990694324, 0.0 ], [ -75.70170963204275, 4.517082456984887, 0.0 ], [ -75.701816329469381, 4.517055636737097, 0.0 ], [ -75.701869683971822, 4.517023480930874, 0.0 ], [ -75.701963046540598, 4.516993987448558, 0.0 ], [ -75.702000398864925, 4.516956481570838, 0.0 ], [ -75.702309832335274, 4.516843888530137, 0.0 ], [ -75.702363176113565, 4.516849224047707, 0.0 ], [ -75.702499237973825, 4.516739374163421, 0.0 ], [ -75.70257659028708, 4.516731310880311, 0.0 ], [ -75.702640612214623, 4.516704506927427, 0.0 ], [ -75.702741986388133, 4.516640196184023, 0.0 ], [ -75.702892882120452, 4.516606758836953, 0.0 ], [ -75.703264271853072, 4.517406170753213, 0.0 ], [ -75.703343685913552, 4.517642339384333, 0.0 ], [ -75.703354300425417, 4.517824438562687, 0.0 ], [ -75.703330242432216, 4.518003873690512, 0.0 ], [ -75.703298200112968, 4.51812171774038, 0.0 ], [ -75.703188801874319, 4.518263692685523, 0.0 ], [ -75.703092756981178, 4.518344069219855, 0.0 ], [ -75.702970045870273, 4.51840303194267, 0.0 ], [ -75.702767317592375, 4.518462024812341, 0.0 ], [ -75.702569939834319, 4.518467456124486, 0.0 ], [ -75.702073810653431, 4.518537272112463, 0.0 ], [ -75.701492456960651, 4.518573982610104, 0.0 ], [ -75.701454864604386, 4.518322961443556, 0.0 ], [ -75.701427499187574, 4.518216368155389, 0.0 ], [ -75.701371018677364, 4.518118383222149, 0.0 ], [ -75.701066164532818, 4.518187286945938, 0.0 ], [ -75.701069578977112, 4.518221673739617, 0.0 ], [ -75.700608874640352, 4.518319870832245, 0.0 ], [ -75.700583199055544, 4.518283773428498, 0.0 ], [ -75.70039250950947, 4.518239062937055, 0.0 ], [ -75.700412759009694, 4.518186239528228, 0.0 ], [ -75.700109311557284, 4.518084796092198, 0.0 ], [ -75.700069374453392, 4.517931478179946, 0.0 ], [ -75.700023940539097, 4.517667419791683, 0.0 ], [ -75.699861664282167, 4.517420047001363, 0.0 ], [ -75.69988034098435, 4.51740129362421, 0.0 ], [ -75.699859021211225, 4.517342385494075, 0.0 ], [ -75.699888374423281, 4.517296849060445, 0.0 ], [ -75.699941727307788, 4.517270048864528, 0.0 ], [ -75.699992401181021, 4.517283419648546, 0.0 ], [ -75.700059084419209, 4.517275361095953, 0.0 ], [ -75.700093757902678, 4.51727802532386, 0.0 ], [ -75.70011242292351, 4.517296764260832, 0.0 ], [ -75.700195901712277, 4.517314675768092, 0.0 ], [ -75.700255369696222, 4.517352948923683, 0.0 ], [ -75.700300708909154, 4.517366321485757, 0.0 ] ] ] } },
{ "type": "Feature", "properties": { "barrio": "BLOQUES DE LA VILLA", "barrio_alt": "BLOQUES DE LA VILLA", "barrio_alt2": "BLOQUES DE LA VILLA", "vulnerabilidad": "Muy baja", "indice": 1.0, "val_suelo": 1.0, "val_falla": 1.0, "val_antig": 1.0, "clas_antiguedad": "Baja", "clas_falla": null, "clas_falla_alt": null, "porcentaje_limitacion_suelo": 0.0, "area_m2": 4005.1635541400001, "shape_area": 4007.6214920299999 }, "geometry": { "type": "Polygon", "coordinates": [ [ [ -75.6985577795041, 4.517293443316638, 0.0 ], [ -75.698327415968492, 4.517746750671503, 0.0 ], [ -75.697835475402385, 4.517511280052182, 0.0 ], [ -75.698122302437071, 4.516942380727646, 0.0 ], [ -75.698564569329804, 4.517236788998177, 0.0 ], [ -75.6985577795041, 4.517293443316638, 0.0 ] ] ] } },
{ "type": "Feature", "properties": { "barrio": "ASENTAMIENTO GAITAN BAJO", "barrio_alt": "ASENTAMIENTO GAITAN BAJO", "barrio_alt2": "ASENTAMIENTO GAITAN BAJO", "vulnerabilidad": "Baja", "indice": 1.6666666666700001, "val_suelo": 1.0, "val_falla": 1.0, "val_antig": 3.0, "clas_antiguedad": "Alto", "clas_falla": "Baja", "clas_falla_alt": "Baja", "porcentaje_limitacion_suelo": 0.0, "area_m2": 16303.9651536, "shape_area": 16313.610535100001 }, "geometry": { "type": "Polygon", "coordinates": [ [ [ -75.685430822865669, 4.529671160922705, 0.0 ], [ -75.685195709772003, 4.52966851273639, 0.0 ], [ -75.684677843404785, 4.529467051752431, 0.0 ], [ -75.684305612677704, 4.529301944286697, 0.0 ], [ -75.684268593086927, 4.529142457410332, 0.0 ], [ -75.684110122147416, 4.528962224479526, 0.0 ], [ -75.684091995584907, 4.528958643075836, 0.0 ], [ -75.683993417956714, 4.52888059291029, 0.0 ], [ -75.683899273151226, 4.528825672641947, 0.0 ], [ -75.683824812569569, 4.528799026626248, 0.0 ], [ -75.68363907346118, 4.528775945443993, 0.0 ], [ -75.683436064322237, 4.528708932742042, 0.0 ], [ -75.683353666916062, 4.528672418594239, 0.0 ], [ -75.683234612187775, 4.528595346542664, 0.0 ], [ -75.683172655953257, 4.528548574131258, 0.0 ], [ -75.683181064011251, 4.528390861143219, 0.0 ], [ -75.683175683902704, 4.528273027297151, 0.0 ], [ -75.683131029169218, 4.528115750908922, 0.0 ], [ -75.683156317763633, 4.528081297669513, 0.0 ], [ -75.683100378294682, 4.527970732063594, 0.0 ], [ -75.682879864434398, 4.527913581229917, 0.0 ], [ -75.683016141075015, 4.527754989389865, 0.0 ], [ -75.683124808579805, 4.527700766012279, 0.0 ], [ -75.683226534779664, 4.527778427769173, 0.0 ], [ -75.683341084853566, 4.527964900391007, 0.0 ], [ -75.683364282849425, 4.528338545937934, 0.0 ], [ -75.683397519482455, 4.528402515156797, 0.0 ], [ -75.684095352040885, 4.528655780265457, 0.0 ], [ -75.684252486436975, 4.528870073757899, 0.0 ], [ -75.684688318867472, 4.529169553477266, 0.0 ], [ -75.684748887008695, 4.529254659803931, 0.0 ], [ -75.684772102966221, 4.529165361044273, 0.0 ], [ -75.684886323631758, 4.529151303512845, 0.0 ], [ -75.684958876683879, 4.529125095807412, 0.0 ], [ -75.685267288187831, 4.529395318827932, 0.0 ], [ -75.685530162373468, 4.529227061925028, 0.0 ], [ -75.685785765300693, 4.529348387916743, 0.0 ], [ -75.685742214136084, 4.529497819991584, 0.0 ], [ -75.686102773879028, 4.529618378582105, 0.0 ], [ -75.686325107147155, 4.529732949956457, 0.0 ], [ -75.686559467701599, 4.529823379995381, 0.0 ], [ -75.686751772131728, 4.529871587304428, 0.0 ], [ -75.687040260450459, 4.52983528349007, 0.0 ], [ -75.687262608248204, 4.529901581878157, 0.0 ], [ -75.687174170650806, 4.53014481939307, 0.0 ], [ -75.687020169246111, 4.530194637584144, 0.0 ], [ -75.68697611373949, 4.530025009579218, 0.0 ], [ -75.686799426851664, 4.530063276106043, 0.0 ], [ -75.686702238287836, 4.530119936284501, 0.0 ], [ -75.686474628288224, 4.530023817392412, 0.0 ], [ -75.686289121928112, 4.529891049009119, 0.0 ], [ -75.686077138760467, 4.529802428743014, 0.0 ], [ -75.685871253141741, 4.529771798500381, 0.0 ], [ -75.685621761907171, 4.529690881681524, 0.0 ], [ -75.685430822865669, 4.529671160922705, 0.0 ] ] ] } },
{ "type": "Feature", "properties": { "barrio": "GAITAN", "barrio_alt": "ASENTAMIENTO GAITAN BAJO", "barrio_alt2": "ASENTAMIENTO GAITAN BAJO", "vulnerabilidad": "Media", "indice": 2.0, "val_suelo": 1.0, "val_falla": 2.0, "val_antig": 3.0, "clas_antiguedad": "Alto", "clas_falla": "Media", "clas_falla_alt": "Media", "porcentaje_limitacion_suelo": 0.0, "area_m2": 16303.9651536, "shape_area": 74113.694175800003 }, "geometry": { "type": "Polygon", "coordinates": [ [ [ -75.682464609052346, 4.525819492762673, 0.0 ], [ -75.682949030787313, 4.52621857575498, 0.0 ], [ -75.682679868977985, 4.526557681505295, 0.0 ], [ -75.682602652366143, 4.526676093160515, 0.0 ], [ -75.682567110287394, 4.526766524378837, 0.0 ], [ -75.682490843540762, 4.52726053767385, 0.0 ], [ -75.682434953064444, 4.52782785358868, 0.0 ], [ -75.682829599656657, 4.527944568844112, 0.0 ], [ -75.682852381245084, 4.527906458991867, 0.0 ], [ -75.683100378294682, 4.527970732063594, 0.0 ], [ -75.683156317763633, 4.528081297669513, 0.0 ], [ -75.683131029169218, 4.528115750908922, 0.0 ], [ -75.683175683902704, 4.528273027297151, 0.0 ], [ -75.683181064011251, 4.528390861143219, 0.0 ], [ -75.683172655953257, 4.528548574131258, 0.0 ], [ -75.683345288633149, 4.528667669995294, 0.0 ], [ -75.683436064322237, 4.528708932742042, 0.0 ], [ -75.683617830831906, 4.528770889339718, 0.0 ], [ -75.683808046789778, 4.528794603911251, 0.0 ], [ -75.683899273151226, 4.528825672641947, 0.0 ], [ -75.683993417956714, 4.52888059291029, 0.0 ], [ -75.684091995584907, 4.528958643075836, 0.0 ], [ -75.684110122147416, 4.528962224479526, 0.0 ], [ -75.684268593086927, 4.529142457410332, 0.0 ], [ -75.684305612677704, 4.529301944286697, 0.0 ], [ -75.684310638533347, 4.530179187302144, 0.0 ], [ -75.683755026608665, 4.530122694802079, 0.0 ], [ -75.683214894572401, 4.530128194720625, 0.0 ], [ -75.683212521962005, 4.529711090958792, 0.0 ], [ -75.682929753269121, 4.529657085450555, 0.0 ], [ -75.682925742183699, 4.529666476256494, 0.0 ], [ -75.682913200573552, 4.529665748968553, 0.0 ], [ -75.68282583452465, 4.529641853921242, 0.0 ], [ -75.682574334135367, 4.529543580983674, 0.0 ], [ -75.682428367735497, 4.52951844614622, 0.0 ], [ -75.682424983616542, 4.529556663906194, 0.0 ], [ -75.68233676837022, 4.52969069518673, 0.0 ], [ -75.682323760270208, 4.529686345279942, 0.0 ], [ -75.682113501631392, 4.529974383724419, 0.0 ], [ -75.681579700857768, 4.529602967878039, 0.0 ], [ -75.681473807994934, 4.529555153301581, 0.0 ], [ -75.681063507865289, 4.529260217643152, 0.0 ], [ -75.681177406038827, 4.529108655552378, 0.0 ], [ -75.681418470565518, 4.528707168341316, 0.0 ], [ -75.681566830053868, 4.528420019820049, 0.0 ], [ -75.681741734195711, 4.527914881044611, 0.0 ], [ -75.68178681714339, 4.527683592983679, 0.0 ], [ -75.681850647596136, 4.526464404572708, 0.0 ], [ -75.681967211925766, 4.526251699954899, 0.0 ], [ -75.682464609052346, 4.525819492762673, 0.0 ] ] ] } },
{ "type": "Feature", "properties": { "barrio": "LAS ACACIAS", "barrio_alt": "LAS ACACIAS", "barrio_alt2": "LAS ACACIAS", "vulnerabilidad": "Baja", "indice": 1.6666666666700001, "val_suelo": 1.0, "val_falla": 1.0, "val_antig": 3.0, "clas_antiguedad": "Alto", "clas_falla": "Baja", "clas_falla_alt": "Baja", "porcentaje_limitacion_suelo": 0.0, "area_m2": 83534.203318100001, "shape_area": 83584.509173300001 }, "geometry": { "type": "Polygon", "coordinates": [ [ [ -75.687768275937003, 4.522284571794854, 0.0 ], [ -75.688285075681634, 4.521935974315145, 0.0 ], [ -75.688693524341701, 4.521640669670006, 0.0 ], [ -75.688959272919476, 4.521434674372957, 0.0 ], [ -75.689355576902884, 4.521761224892807, 0.0 ], [ -75.689491629343934, 4.521858189860731, 0.0 ], [ -75.689700069657732, 4.521960368749328, 0.0 ], [ -75.689922916141029, 4.522049363629644, 0.0 ], [ -75.690295623562903, 4.522225415878192, 0.0 ], [ -75.691794463253984, 4.522856894254404, 0.0 ], [ -75.692612860319699, 4.523214896643259, 0.0 ], [ -75.69280810366007, 4.52326731317974, 0.0 ], [ -75.692928412917183, 4.523289031560681, 0.0 ], [ -75.693013203935337, 4.523338496147741, 0.0 ], [ -75.693019088318465, 4.523403843803533, 0.0 ], [ -75.693109785796111, 4.523479049801964, 0.0 ], [ -75.693676852472422, 4.523791007342695, 0.0 ], [ -75.694122523748959, 4.524012566412297, 0.0 ], [ -75.694421112122171, 4.524143479563007, 0.0 ], [ -75.69466405978072, 4.524294894678044, 0.0 ], [ -75.694608761780188, 4.524437513557597, 0.0 ], [ -75.694328512165839, 4.52475849374209, 0.0 ], [ -75.69421403341758, 4.52490906904056, 0.0 ], [ -75.694107464928905, 4.525016071672129, 0.0 ], [ -75.693987103985705, 4.525097336070283, 0.0 ], [ -75.693843076712525, 4.525170691471437, 0.0 ], [ -75.693610095321176, 4.52520359505853, 0.0 ], [ -75.693351727360181, 4.525150266076938, 0.0 ], [ -75.693087494839787, 4.524988018903131, 0.0 ], [ -75.692929767209691, 4.524841557330114, 0.0 ], [ -75.692856837841944, 4.524740595940176, 0.0 ], [ -75.69281547372627, 4.524623776694843, 0.0 ], [ -75.692660260769301, 4.524270023804766, 0.0 ], [ -75.692634635499942, 4.524236370359395, 0.0 ], [ -75.692589252302682, 4.524266105162392, 0.0 ], [ -75.69250838384886, 4.524256247491569, 0.0 ], [ -75.692297386017486, 4.524147440267083, 0.0 ], [ -75.692232298375615, 4.524137573533582, 0.0 ], [ -75.692256029943366, 4.52401081690046, 0.0 ], [ -75.692211830456841, 4.52397840691473, 0.0 ], [ -75.692107297558096, 4.523960640991991, 0.0 ], [ -75.691701026356142, 4.523842042632524, 0.0 ], [ -75.691022640478124, 4.523609816277441, 0.0 ], [ -75.69078398685032, 4.523576282586079, 0.0 ], [ -75.690373758676742, 4.523481447209725, 0.0 ], [ -75.690277132684741, 4.523435951596026, 0.0 ], [ -75.690174259339528, 4.523357505948172, 0.0 ], [ -75.690132860624033, 4.523308016962624, 0.0 ], [ -75.690113175170808, 4.523232773239368, 0.0 ], [ -75.689805643293312, 4.522884390141694, 0.0 ], [ -75.689680490883575, 4.522707188758504, 0.0 ], [ -75.689635190899978, 4.522574525718805, 0.0 ], [ -75.689556367276538, 4.522424056438656, 0.0 ], [ -75.689512983685688, 4.522400318349276, 0.0 ], [ -75.689378841904826, 4.522428117350465, 0.0 ], [ -75.689282174213773, 4.52246183686584, 0.0 ], [ -75.68923677692321, 4.522519293196377, 0.0 ], [ -75.688990119772157, 4.522719449102222, 0.0 ], [ -75.688925020049979, 4.522737308208893, 0.0 ], [ -75.688855985157318, 4.522731404613325, 0.0 ], [ -75.688788935495083, 4.522703716962216, 0.0 ], [ -75.688731753064744, 4.522666118636312, 0.0 ], [ -75.688616304754987, 4.522549483588469, 0.0 ], [ -75.688521694059546, 4.522414868235222, 0.0 ], [ -75.68845859578758, 4.522375294808813, 0.0 ], [ -75.688385625260366, 4.52235354878968, 0.0 ], [ -75.687989111147857, 4.522446846027676, 0.0 ], [ -75.687904304723958, 4.522429068395817, 0.0 ], [ -75.687815584439349, 4.522343959202872, 0.0 ], [ -75.687768275937003, 4.522284571794854, 0.0 ] ] ] } },
{ "type": "Feature", "properties": { "barrio": "FARALLONES", "barrio_alt": "TRES ESQUINAS", "barrio_alt2": "TRES ESQUINAS", "vulnerabilidad": "Baja", "indice": 1.6666666666700001, "val_suelo": 1.0, "val_falla": 1.0, "val_antig": 3.0, "clas_antiguedad": "Alto", "clas_falla": "Baja", "clas_falla_alt": "Baja", "porcentaje_limitacion_suelo": 0.0, "area_m2": 114547.156248, "shape_area": 127108.761069 }, "geometry": { "type": "Polygon", "coordinates": [ [ [ -75.689491629343934, 4.521858189860731, 0.0 ], [ -75.689355576902884, 4.521761224892807, 0.0 ], [ -75.688910406680577, 4.521398417448769, 0.0 ], [ -75.688951175199193, 4.521357483535953, 0.0 ], [ -75.689253202989534, 4.520973269013248, 0.0 ], [ -75.689466760180565, 4.520878296483068, 0.0 ], [ -75.68976173711178, 4.520567683080086, 0.0 ], [ -75.690253399302676, 4.519953719501741, 0.0 ], [ -75.690109604371955, 4.519847876637055, 0.0 ], [ -75.689995419399906, 4.519706023142845, 0.0 ], [ -75.68999902234448, 4.519677350606199, 0.0 ], [ -75.690318384700547, 4.519553152250582, 0.0 ], [ -75.690856117609215, 4.519196123625567, 0.0 ], [ -75.690873623441149, 4.519259590324905, 0.0 ], [ -75.691127705502979, 4.519438262494915, 0.0 ], [ -75.691200258858274, 4.519472792201571, 0.0 ], [ -75.691372243195246, 4.519459961847649, 0.0 ], [ -75.691475035101163, 4.519475065101939, 0.0 ], [ -75.691572512581288, 4.519520559469155, 0.0 ], [ -75.691757377796563, 4.519656323192313, 0.0 ], [ -75.691870981568684, 4.519719275199251, 0.0 ], [ -75.692227622003571, 4.519720670193593, 0.0 ], [ -75.692231454031074, 4.519795051527232, 0.0 ], [ -75.69236420202823, 4.519800849991173, 0.0 ], [ -75.692488699233351, 4.519770037318567, 0.0 ], [ -75.692578707443872, 4.519785387714275, 0.0 ], [ -75.692638068704937, 4.519814209330516, 0.0 ], [ -75.692701252306563, 4.519873795789965, 0.0 ], [ -75.692872631789726, 4.519966994409403, 0.0 ], [ -75.693155414799804, 4.519950833162935, 0.0 ], [ -75.693287552032459, 4.519983472941159, 0.0 ], [ -75.69342946762832, 4.519981691028466, 0.0 ], [ -75.693530982764827, 4.519950886848204, 0.0 ], [ -75.693592753808844, 4.51988828527963, 0.0 ], [ -75.693618611960545, 4.519873853657555, 0.0 ], [ -75.693631070106605, 4.519845967301507, 0.0 ], [ -75.693672257984176, 4.519808455379703, 0.0 ], [ -75.693707690521364, 4.519803634269483, 0.0 ], [ -75.693801524371381, 4.519838212810612, 0.0 ], [ -75.693824507204496, 4.519838204133577, 0.0 ], [ -75.693876128200174, 4.519808908198211, 0.0 ], [ -75.693639645319067, 4.520084001531519, 0.0 ], [ -75.693726990889871, 4.520602128799809, 0.0 ], [ -75.693740230452406, 4.520605069197282, 0.0 ], [ -75.693704032321975, 4.520761563544138, 0.0 ], [ -75.693615615082152, 4.520701403991975, 0.0 ], [ -75.693092388966051, 4.521690532799587, 0.0 ], [ -75.693116465441008, 4.521740488318884, 0.0 ], [ -75.693058951953674, 4.521790507915112, 0.0 ], [ -75.693004154030817, 4.521944504085283, 0.0 ], [ -75.69294401969529, 4.522148996482738, 0.0 ], [ -75.692879527463688, 4.522519340125136, 0.0 ], [ -75.692838059250107, 4.522654345202822, 0.0 ], [ -75.692758373959478, 4.522781281105382, 0.0 ], [ -75.692626234777919, 4.523096127857603, 0.0 ], [ -75.692596340812372, 4.523207583847654, 0.0 ], [ -75.690795056390982, 4.52243400774937, 0.0 ], [ -75.690946664936021, 4.522046810138497, 0.0 ], [ -75.690983658207386, 4.522059632949683, 0.0 ], [ -75.691133482898522, 4.521726806764689, 0.0 ], [ -75.691065022063924, 4.521690656381821, 0.0 ], [ -75.690943056787091, 4.521654908360901, 0.0 ], [ -75.690849260602619, 4.521564509113612, 0.0 ], [ -75.690661622003546, 4.521508063919372, 0.0 ], [ -75.690496540326805, 4.521349864971214, 0.0 ], [ -75.690058945894876, 4.521942728410389, 0.0 ], [ -75.690017117839702, 4.522006293662334, 0.0 ], [ -75.689985039754092, 4.522078708533518, 0.0 ], [ -75.689700069657732, 4.521960368749328, 0.0 ], [ -75.689491629343934, 4.521858189860731, 0.0 ] ] ] } },
{ "type": "Feature", "properties": { "barrio": "PATRICIA", "barrio_alt": "LAS ACACIAS", "barrio_alt2": "LAS ACACIAS", "vulnerabilidad": "Baja", "indice": 1.6666666666700001, "val_suelo": 1.0, "val_falla": 1.0, "val_antig": 3.0, "clas_antiguedad": "Alto", "clas_falla": "Baja", "clas_falla_alt": "Baja", "porcentaje_limitacion_suelo": 0.0, "area_m2": 83534.203318100001, "shape_area": 8159.3054823800003 }, "geometry": { "type": "Polygon", "coordinates": [ [ [ -75.690295623562903, 4.522225415878192, 0.0 ], [ -75.689985039754092, 4.522078708533518, 0.0 ], [ -75.690017117839702, 4.522006293662334, 0.0 ], [ -75.690058945894876, 4.521942728410389, 0.0 ], [ -75.690496540326805, 4.521349864971214, 0.0 ], [ -75.690661622003546, 4.521508063919372, 0.0 ], [ -75.690849260602619, 4.521564509113612, 0.0 ], [ -75.690943056787091, 4.521654908360901, 0.0 ], [ -75.691065022063924, 4.521690656381821, 0.0 ], [ -75.691133482898522, 4.521726806764689, 0.0 ], [ -75.690983658207386, 4.522059632949683, 0.0 ], [ -75.690946664936021, 4.522046810138497, 0.0 ], [ -75.690795056390982, 4.52243400774937, 0.0 ], [ -75.690295623562903, 4.522225415878192, 0.0 ] ] ] } },
{ "type": "Feature", "properties": { "barrio": "NIAGARA", "barrio_alt": "MODELO", "barrio_alt2": "MODELO", "vulnerabilidad": "Media", "indice": 2.0, "val_suelo": 1.0, "val_falla": 3.0, "val_antig": 2.0, "clas_antiguedad": "Media", "clas_falla": "Alta", "clas_falla_alt": "Alta", "porcentaje_limitacion_suelo": 0.0, "area_m2": 55344.977335800002, "shape_area": 104087.22450500001 }, "geometry": { "type": "Polygon", "coordinates": [ [ [ -75.673367182087546, 4.551945839881212, 0.0 ], [ -75.672927583799336, 4.551148157497931, 0.0 ], [ -75.672926737362815, 4.550939113615864, 0.0 ], [ -75.67296540644962, 4.550784018933205, 0.0 ], [ -75.673039464112748, 4.55065799014895, 0.0 ], [ -75.673152135787419, 4.550538411121546, 0.0 ], [ -75.673261570602435, 4.550473756570299, 0.0 ], [ -75.673406403041128, 4.550412320856242, 0.0 ], [ -75.67495443739142, 4.549943318657697, 0.0 ], [ -75.674977005716528, 4.549817306942952, 0.0 ], [ -75.675186324925946, 4.549381069074908, 0.0 ], [ -75.675176697127824, 4.549300301270159, 0.0 ], [ -75.675115566479704, 4.54926478315446, 0.0 ], [ -75.674825973745712, 4.549174417538463, 0.0 ], [ -75.674739580580351, 4.548998834763958, 0.0 ], [ -75.674897635278583, 4.548731384147611, 0.0 ], [ -75.674951344806146, 4.54872723642354, 0.0 ], [ -75.675090827774156, 4.548585681408395, 0.0 ], [ -75.675230742047688, 4.548617059835502, 0.0 ], [ -75.675133230968811, 4.548322099907862, 0.0 ], [ -75.675156815147687, 4.548004188634869, 0.0 ], [ -75.67531708012875, 4.547989696495192, 0.0 ], [ -75.67555805469523, 4.546328319582686, 0.0 ], [ -75.6761669525889, 4.546589050967811, 0.0 ], [ -75.676118226109693, 4.548258922755394, 0.0 ], [ -75.67604455216707, 4.548975688630248, 0.0 ], [ -75.675965232886284, 4.549229184287814, 0.0 ], [ -75.676248522071319, 4.549912769468364, 0.0 ], [ -75.676586322186736, 4.550654744013912, 0.0 ], [ -75.67658157308864, 4.550782309365498, 0.0 ], [ -75.676614446687452, 4.550985453780595, 0.0 ], [ -75.676628474305488, 4.551254750227033, 0.0 ], [ -75.676590781123892, 4.551396499889846, 0.0 ], [ -75.676487223988389, 4.551481578176286, 0.0 ], [ -75.676388396631324, 4.551495785353819, 0.0 ], [ -75.676214295620539, 4.551453324483887, 0.0 ], [ -75.675979016133439, 4.5514156079285, 0.0 ], [ -75.675847293911687, 4.5512928148673, 0.0 ], [ -75.675687327570486, 4.551198378597661, 0.0 ], [ -75.675583814754361, 4.551151167991028, 0.0 ], [ -75.675087537925535, 4.551396767952001, 0.0 ], [ -75.674911077015153, 4.551375411635162, 0.0 ], [ -75.6747249079407, 4.551387157240583, 0.0 ], [ -75.674583332269648, 4.551426144283973, 0.0 ], [ -75.674476645546292, 4.551513793446737, 0.0 ], [ -75.674397026609981, 4.551844799794893, 0.0 ], [ -75.674308737049898, 4.552009346484895, 0.0 ], [ -75.674245679915174, 4.552105741037839, 0.0 ], [ -75.674170903921791, 4.552191853960239, 0.0 ], [ -75.674021565890484, 4.552246418749896, 0.0 ], [ -75.673886792898173, 4.552239650565022, 0.0 ], [ -75.673753968760494, 4.552201730344485, 0.0 ], [ -75.673637647461547, 4.552110263796607, 0.0 ], [ -75.673529093009648, 4.551983749676705, 0.0 ], [ -75.673427298987761, 4.551939978616133, 0.0 ], [ -75.673367182087546, 4.551945839881212, 0.0 ] ] ] } },
{ "type": "Feature", "properties": { "barrio": "GRAN BRETA?A", "barrio_alt": "MODELO", "barrio_alt2": "MODELO", "vulnerabilidad": "Alta", "indice": 2.3333333333300001, "val_suelo": 1.0, "val_falla": 3.0, "val_antig": 3.0, "clas_antiguedad": "Alto", "clas_falla": "Alta", "clas_falla_alt": "Alta", "porcentaje_limitacion_suelo": 0.0, "area_m2": 55344.977335800002, "shape_area": 14779.2850586 }, "geometry": { "type": "Polygon", "coordinates": [ [ [ -75.673712320958145, 4.550319555528456, 0.0 ], [ -75.673558643427171, 4.549617283070893, 0.0 ], [ -75.673625894395528, 4.549568271863922, 0.0 ], [ -75.673707903739313, 4.549516372480183, 0.0 ], [ -75.673936270661571, 4.549454346915483, 0.0 ], [ -75.674165897941705, 4.549460675954228, 0.0 ], [ -75.674210666023924, 4.549256106829904, 0.0 ], [ -75.674223282522604, 4.549233321996627, 0.0 ], [ -75.674697678452546, 4.549115598457012, 0.0 ], [ -75.674739580580351, 4.548998834763958, 0.0 ], [ -75.674825973745712, 4.549174417538463, 0.0 ], [ -75.675115566479704, 4.54926478315446, 0.0 ], [ -75.675176697127824, 4.549300301270159, 0.0 ], [ -75.675186324925946, 4.549381069074908, 0.0 ], [ -75.674977005716528, 4.549817306942952, 0.0 ], [ -75.67495443739142, 4.549943318657697, 0.0 ], [ -75.673712320958145, 4.550319555528456, 0.0 ] ] ] } },
{ "type": "Feature", "properties": { "barrio": "EL POBLADO", "barrio_alt": "EL POBLADO", "barrio_alt2": "EL POBLADO", "vulnerabilidad": "Muy baja", "indice": 1.3333333333299999, "val_suelo": 1.0, "val_falla": 1.0, "val_antig": 2.0, "clas_antiguedad": "Media", "clas_falla": null, "clas_falla_alt": null, "porcentaje_limitacion_suelo": 0.0, "area_m2": 18532.712587000002, "shape_area": 18544.585181599999 }, "geometry": { "type": "Polygon", "coordinates": [ [ [ -75.714539073337576, 4.517029470260341, 0.0 ], [ -75.714510577845388, 4.5170008633234, 0.0 ], [ -75.714486197702726, 4.516845508961566, 0.0 ], [ -75.714250237739066, 4.516183268909892, 0.0 ], [ -75.714869303041368, 4.515888610513887, 0.0 ], [ -75.714702504421453, 4.515418502097354, 0.0 ], [ -75.715178996393007, 4.51526700816073, 0.0 ], [ -75.715333583223497, 4.515724856454252, 0.0 ], [ -75.715484267719035, 4.515679813637064, 0.0 ], [ -75.715752709030511, 4.516628237986342, 0.0 ], [ -75.715190683645005, 4.516832922661014, 0.0 ], [ -75.715129583226684, 4.516886102344631, 0.0 ], [ -75.714844516592663, 4.51693529483722, 0.0 ], [ -75.714539073337576, 4.517029470260341, 0.0 ] ] ] } },
{ "type": "Feature", "properties": { "barrio": "EL TESORITO", "barrio_alt": "EL TESORITO", "barrio_alt2": "EL TESORITO", "vulnerabilidad": "Muy baja", "indice": 1.3333333333299999, "val_suelo": 1.0, "val_falla": 1.0, "val_antig": 2.0, "clas_antiguedad": "Media", "clas_falla": null, "clas_falla_alt": null, "porcentaje_limitacion_suelo": 0.0, "area_m2": 2061.53413456, "shape_area": 2062.8391964799998 }, "geometry": { "type": "Polygon", "coordinates": [ [ [ -75.710564570100232, 4.514619131843827, 0.0 ], [ -75.710431171766231, 4.514095584099048, 0.0 ], [ -75.71074776537489, 4.514005417375838, 0.0 ], [ -75.710777002624724, 4.514122986568014, 0.0 ], [ -75.710745889742739, 4.514139535484167, 0.0 ], [ -75.710870183124044, 4.514532645633402, 0.0 ], [ -75.710564570100232, 4.514619131843827, 0.0 ] ] ] } },
{ "type": "Feature", "properties": { "barrio": "LA VIRGINIA", "barrio_alt": "EL TESORITO", "barrio_alt2": "EL TESORITO", "vulnerabilidad": "Baja", "indice": 1.6666666666700001, "val_suelo": 1.0, "val_falla": 1.0, "val_antig": 3.0, "clas_antiguedad": "Alto", "clas_falla": null, "clas_falla_alt": null, "porcentaje_limitacion_suelo": 0.0, "area_m2": 2061.53413456, "shape_area": 119888.515931 }, "geometry": { "type": "Polygon", "coordinates": [ [ [ -75.709005491558983, 4.516183900287176, 0.0 ], [ -75.708797520252119, 4.515811536059783, 0.0 ], [ -75.708753606785535, 4.515797054009473, 0.0 ], [ -75.708576395772837, 4.5155365588295, 0.0 ], [ -75.708629080705876, 4.515493831713087, 0.0 ], [ -75.70814795304463, 4.514997962059969, 0.0 ], [ -75.708248705612576, 4.514954569888721, 0.0 ], [ -75.708470982797195, 4.514907912911148, 0.0 ], [ -75.708552546232298, 4.514864529148694, 0.0 ], [ -75.708605331733423, 4.514811525554904, 0.0 ], [ -75.708621341768847, 4.514753722488454, 0.0 ], [ -75.708611767873961, 4.514695930059882, 0.0 ], [ -75.708520670084823, 4.514565929895565, 0.0 ], [ -75.708512703982919, 4.514484055270632, 0.0 ], [ -75.708544696532186, 4.51444550983445, 0.0 ], [ -75.708613473908059, 4.514389288712443, 0.0 ], [ -75.708709421398751, 4.514366769610818, 0.0 ], [ -75.70900367190454, 4.514267099697507, 0.0 ], [ -75.709287323071365, 4.514094543827405, 0.0 ], [ -75.709451494992877, 4.514041394202356, 0.0 ], [ -75.709568347994775, 4.514046928529443, 0.0 ], [ -75.709665704517377, 4.514111135018601, 0.0 ], [ -75.709718566269075, 4.514113905337992, 0.0 ], [ -75.709763096739806, 4.514074776933869, 0.0 ], [ -75.70981042450255, 4.513988157457919, 0.0 ], [ -75.70982158610289, 4.513893173487875, 0.0 ], [ -75.709894005844859, 4.51365848842462, 0.0 ], [ -75.709988660447706, 4.513490837327037, 0.0 ], [ -75.710066573061169, 4.513462867354495, 0.0 ], [ -75.710194553616702, 4.513473984010028, 0.0 ], [ -75.710303008331707, 4.513627577459074, 0.0 ], [ -75.710447119959369, 4.514091041375571, 0.0 ], [ -75.710431171766231, 4.514095584099048, 0.0 ], [ -75.710564570100232, 4.514619131843827, 0.0 ], [ -75.710870183124044, 4.514532645633402, 0.0 ], [ -75.710866067902003, 4.514519703560013, 0.0 ], [ -75.711019045635311, 4.514609289384261, 0.0 ], [ -75.711155119192213, 4.516089674664569, 0.0 ], [ -75.711430418631878, 4.516511366972323, 0.0 ], [ -75.711488707476576, 4.516916395513658, 0.0 ], [ -75.711486494034958, 4.517144188556412, 0.0 ], [ -75.711475346053987, 4.517200063163723, 0.0 ], [ -75.711369600216372, 4.51725598089361, 0.0 ], [ -75.711222092912195, 4.51739292764473, 0.0 ], [ -75.710963304357605, 4.517501990258393, 0.0 ], [ -75.710899296140482, 4.517549507895906, 0.0 ], [ -75.710476359780202, 4.517639089075934, 0.0 ], [ -75.710345590153167, 4.517647528489916, 0.0 ], [ -75.710145241682511, 4.517720248984081, 0.0 ], [ -75.709705824219483, 4.5177784827483, 0.0 ], [ -75.709538865953505, 4.517840013768508, 0.0 ], [ -75.709310677862533, 4.517963029180625, 0.0 ], [ -75.709179901831504, 4.517988229192921, 0.0 ], [ -75.709090867161621, 4.517993856257443, 0.0 ], [ -75.709007414548395, 4.517949197372753, 0.0 ], [ -75.708935079079822, 4.5179380563515, 0.0 ], [ -75.708793170788169, 4.517974434705148, 0.0 ], [ -75.708559450019422, 4.518002474098557, 0.0 ], [ -75.708368092507882, 4.518056880205525, 0.0 ], [ -75.708313677393747, 4.518085404314755, 0.0 ], [ -75.708336268437861, 4.517742208926119, 0.0 ], [ -75.70832239564298, 4.517702358634646, 0.0 ], [ -75.708400283591956, 4.517482483423547, 0.0 ], [ -75.708615729033568, 4.517175337535154, 0.0 ], [ -75.708583213313446, 4.517011833869557, 0.0 ], [ -75.708487318749874, 4.516977356462416, 0.0 ], [ -75.708273842178428, 4.516824835295244, 0.0 ], [ -75.708001496438186, 4.516660160581509, 0.0 ], [ -75.708155383449778, 4.516447519251241, 0.0 ], [ -75.708247644660645, 4.516525602767007, 0.0 ], [ -75.709103646646028, 4.516305380447388, 0.0 ], [ -75.709085574950365, 4.51623634746837, 0.0 ], [ -75.709005491558983, 4.516183900287176, 0.0 ] ] ] } },
{ "type": "Feature", "properties": { "barrio": "SANTA RITA", "barrio_alt": "LA VIRGINIA", "barrio_alt2": "LA VIRGINIA", "vulnerabilidad": "Baja", "indice": 1.6666666666700001, "val_suelo": 1.0, "val_falla": 1.0, "val_antig": 3.0, "clas_antiguedad": "Alto", "clas_falla": null, "clas_falla_alt": null, "porcentaje_limitacion_suelo": 0.0, "area_m2": 119812.76675900001, "shape_area": 122553.920925 }, "geometry": { "type": "Polygon", "coordinates": [ [ [ -75.706184915713806, 4.519689693846965, 0.0 ], [ -75.70436228895862, 4.519505046308321, 0.0 ], [ -75.704094235614605, 4.519468989331984, 0.0 ], [ -75.704062920775982, 4.519325540077472, 0.0 ], [ -75.704143236858769, 4.518874120238867, 0.0 ], [ -75.703986429571373, 4.51881470410447, 0.0 ], [ -75.704035257516608, 4.518709709727412, 0.0 ], [ -75.704112099673026, 4.518226799973759, 0.0 ], [ -75.704153944469127, 4.518156798872016, 0.0 ], [ -75.704296873482335, 4.518041265574571, 0.0 ], [ -75.704453714540136, 4.518002706814136, 0.0 ], [ -75.704586154218958, 4.517981653578432, 0.0 ], [ -75.704694211948137, 4.517922120736603, 0.0 ], [ -75.704725593516798, 4.517876619187865, 0.0 ], [ -75.704715164328647, 4.517803142030351, 0.0 ], [ -75.704722178540806, 4.517677171139272, 0.0 ], [ -75.704771001516477, 4.517586173102682, 0.0 ], [ -75.704861620648614, 4.517565138625564, 0.0 ], [ -75.704920865050809, 4.517568611260974, 0.0 ], [ -75.704997516893926, 4.517624563175962, 0.0 ], [ -75.705150805169581, 4.517778455800786, 0.0 ], [ -75.705237906554729, 4.517851898766303, 0.0 ], [ -75.70530411377662, 4.51787636324108, 0.0 ], [ -75.705401729578853, 4.517778345730137, 0.0 ], [ -75.705488941215862, 4.517536868836312, 0.0 ], [ -75.705526987385156, 4.517395540090117, 0.0 ], [ -75.705586285910854, 4.517245052753444, 0.0 ], [ -75.705694371378087, 4.517108539465069, 0.0 ], [ -75.705750136730074, 4.517094519333128, 0.0 ], [ -75.705858162263411, 4.517125963120731, 0.0 ], [ -75.705962692333443, 4.517188900210773, 0.0 ], [ -75.706081164511914, 4.517244834072876, 0.0 ], [ -75.706210118053392, 4.517227281434833, 0.0 ], [ -75.70630783886476, 4.516828339680962, 0.0 ], [ -75.706401968606144, 4.516733822077626, 0.0 ], [ -75.706492582645708, 4.516726783751732, 0.0 ], [ -75.706631979815469, 4.516740718435933, 0.0 ], [ -75.706743484243191, 4.516789656609934, 0.0 ], [ -75.706802739048968, 4.516765136599682, 0.0 ], [ -75.706882923753582, 4.516684621217141, 0.0 ], [ -75.706896895671264, 4.516593638643258, 0.0 ], [ -75.70689693714057, 4.516474668628879, 0.0 ], [ -75.706855140976501, 4.516404705268906, 0.0 ], [ -75.706890017780708, 4.516327709538223, 0.0 ], [ -75.706994625830774, 4.516166704550987, 0.0 ], [ -75.707057378877707, 4.516103693125918, 0.0 ], [ -75.707151481429307, 4.516086155855129, 0.0 ], [ -75.707256020945096, 4.516121100271705, 0.0 ], [ -75.70731178130417, 4.516121075433245, 0.0 ], [ -75.707346644482243, 4.516086068476851, 0.0 ], [ -75.70741291505081, 4.515928579705554, 0.0 ], [ -75.707479232788188, 4.515638124728945, 0.0 ], [ -75.707548947648675, 4.51559610425204, 0.0 ], [ -75.70768836663521, 4.515547054817862, 0.0 ], [ -75.707763387044892, 4.515492594004302, 0.0 ], [ -75.707892376676782, 4.51537006760497, 0.0 ], [ -75.707979541249827, 4.515261556321758, 0.0 ], [ -75.708049302268961, 4.515086570587611, 0.0 ], [ -75.708125998050036, 4.515016554164657, 0.0 ], [ -75.708166964436742, 4.515017555524938, 0.0 ], [ -75.708629080705876, 4.515493831713087, 0.0 ], [ -75.708576395772837, 4.5155365588295, 0.0 ], [ -75.708753606785535, 4.515797054009473, 0.0 ], [ -75.708797520252119, 4.515811536059783, 0.0 ], [ -75.709005491558983, 4.516183900287176, 0.0 ], [ -75.709085574950365, 4.51623634746837, 0.0 ], [ -75.709103646646028, 4.516305380447388, 0.0 ], [ -75.708247644660645, 4.516525602767007, 0.0 ], [ -75.708155383449778, 4.516447519251241, 0.0 ], [ -75.708001496438186, 4.516660160581509, 0.0 ], [ -75.708273842178428, 4.516824835295244, 0.0 ], [ -75.708487318749874, 4.516977356462416, 0.0 ], [ -75.708583213313446, 4.517011833869557, 0.0 ], [ -75.708615729033568, 4.517175337535154, 0.0 ], [ -75.708400283591956, 4.517482483423547, 0.0 ], [ -75.70832239564298, 4.517702358634646, 0.0 ], [ -75.708336268437861, 4.517742208926119, 0.0 ], [ -75.708313691888364, 4.518085183676727, 0.0 ], [ -75.708047158732342, 4.518158354699314, 0.0 ], [ -75.707751792437307, 4.518300039794349, 0.0 ], [ -75.70745422976384, 4.51834902359032, 0.0 ], [ -75.707409305487502, 4.518382863151566, 0.0 ], [ -75.707376553469032, 4.518391333438771, 0.0 ], [ -75.7072764395852, 4.518382922330892, 0.0 ], [ -75.707167086501556, 4.518387264586236, 0.0 ], [ -75.707050900629895, 4.518435030472578, 0.0 ], [ -75.706844964930895, 4.518435122253331, 0.0 ], [ -75.706747254263064, 4.51850143670799, 0.0 ], [ -75.706583480371989, 4.518734783199439, 0.0 ], [ -75.706394271498269, 4.518968785286265, 0.0 ], [ -75.706554528927228, 4.519129673744397, 0.0 ], [ -75.706258218405068, 4.519357246257478, 0.0 ], [ -75.706184915713806, 4.519689693846965, 0.0 ] ] ] } },
{ "type": "Feature", "properties": { "barrio": "EL CARMELO", "barrio_alt": "ASENTAMIENTO EL MILAGRO", "barrio_alt2": "ASENTAMIENTO EL MILAGRO", "vulnerabilidad": "Muy baja", "indice": 1.0, "val_suelo": 1.0, "val_falla": 1.0, "val_antig": 1.0, "clas_antiguedad": null, "clas_falla": null, "clas_falla_alt": null, "porcentaje_limitacion_suelo": 4.5845272206200001, "area_m2": 0.0, "shape_area": 12291.43854 }, "geometry": { "type": "Polygon", "coordinates": [ [ [ -75.702791693752474, 4.519376139488234, 0.0 ], [ -75.702593101628622, 4.519404709776358, 0.0 ], [ -75.702569466246729, 4.519390478068372, 0.0 ], [ -75.70257185990863, 4.51930740175712, 0.0 ], [ -75.702541216783899, 4.519053441248134, 0.0 ], [ -75.702487664846743, 4.518784143364076, 0.0 ], [ -75.702607125593545, 4.518738217244477, 0.0 ], [ -75.702713024299783, 4.518712669892017, 0.0 ], [ -75.702762357083017, 4.518721957344878, 0.0 ], [ -75.702846276601733, 4.51877102346432, 0.0 ], [ -75.702905142029067, 4.51878691365838, 0.0 ], [ -75.702972159177421, 4.518790945009344, 0.0 ], [ -75.703064076291525, 4.518780005682532, 0.0 ], [ -75.70310517480651, 4.518789818352703, 0.0 ], [ -75.703168065339696, 4.518778554337938, 0.0 ], [ -75.703252182207109, 4.518790454740853, 0.0 ], [ -75.703310216651587, 4.518769051098091, 0.0 ], [ -75.70338634790086, 4.518707851136396, 0.0 ], [ -75.703451514192665, 4.518680389136694, 0.0 ], [ -75.703541354599423, 4.518661360972072, 0.0 ], [ -75.703607543760128, 4.51867557389646, 0.0 ], [ -75.703855736186071, 4.518772781130103, 0.0 ], [ -75.703940825232266, 4.518820215444006, 0.0 ], [ -75.703985234304241, 4.518814251126113, 0.0 ], [ -75.704143236858769, 4.518874120238867, 0.0 ], [ -75.704062920775982, 4.519325540077472, 0.0 ], [ -75.704094235614605, 4.519468989331984, 0.0 ], [ -75.703645113121226, 4.519397126987028, 0.0 ], [ -75.703226684722964, 4.519366454201177, 0.0 ], [ -75.702791693752474, 4.519376139488234, 0.0 ] ] ] } },
{ "type": "Feature", "properties": { "barrio": "14 DE OCTUBRE", "barrio_alt": "LOS NARANJOS", "barrio_alt2": "LOS NARANJOS", "vulnerabilidad": "Baja", "indice": 1.6666666666700001, "val_suelo": 1.0, "val_falla": 1.0, "val_antig": 3.0, "clas_antiguedad": "Alto", "clas_falla": null, "clas_falla_alt": null, "porcentaje_limitacion_suelo": 0.0, "area_m2": 37870.550933500002, "shape_area": 22394.310438699998 }, "geometry": { "type": "Polygon", "coordinates": [ [ [ -75.701351574386436, 4.519079506988835, 0.0 ], [ -75.701484844244121, 4.518986696725146, 0.0 ], [ -75.701565994566664, 4.518949653884004, 0.0 ], [ -75.701634741488689, 4.518950311362917, 0.0 ], [ -75.701744056474723, 4.518979287395164, 0.0 ], [ -75.701903828910929, 4.518966599720649, 0.0 ], [ -75.702058738349422, 4.518995881984388, 0.0 ], [ -75.702125295380057, 4.518988281978833, 0.0 ], [ -75.702161393565376, 4.518972596026264, 0.0 ], [ -75.702356006974838, 4.518829348370415, 0.0 ], [ -75.702487664846743, 4.518784143364076, 0.0 ], [ -75.702541216783899, 4.519053441248134, 0.0 ], [ -75.70257185990863, 4.51930740175712, 0.0 ], [ -75.702569466246729, 4.519390478068372, 0.0 ], [ -75.702577866247978, 4.519395536437073, 0.0 ], [ -75.701781426280874, 4.519631372604368, 0.0 ], [ -75.701772774808418, 4.51958786557006, 0.0 ], [ -75.701353496374693, 4.51973010194794, 0.0 ], [ -75.700384450547844, 4.52002795352391, 0.0 ], [ -75.700387229625221, 4.520043527866633, 0.0 ], [ -75.700217485650427, 4.520109521189727, 0.0 ], [ -75.700093920619281, 4.519736941608913, 0.0 ], [ -75.699962295068772, 4.519388158249103, 0.0 ], [ -75.699958792780976, 4.519232484171956, 0.0 ], [ -75.699979018462415, 4.519104124819685, 0.0 ], [ -75.70039533063914, 4.51907930595346, 0.0 ], [ -75.700533438403795, 4.519106002398646, 0.0 ], [ -75.700882523328445, 4.519102479993622, 0.0 ], [ -75.701040080370632, 4.519109864052353, 0.0 ], [ -75.701136475695023, 4.519125191302732, 0.0 ], [ -75.701272960211725, 4.519108380518605, 0.0 ], [ -75.701351574386436, 4.519079506988835, 0.0 ] ] ] } },
{ "type": "Feature", "properties": { "barrio": "LINDARAJA II ETAPA", "barrio_alt": "LA FACHADA", "barrio_alt2": "LA FACHADA", "vulnerabilidad": "Baja", "indice": 1.6666666666700001, "val_suelo": 1.0, "val_falla": 1.0, "val_antig": 3.0, "clas_antiguedad": "Alto", "clas_falla": null, "clas_falla_alt": null, "porcentaje_limitacion_suelo": 0.93896713615100003, "area_m2": 261897.66042900001, "shape_area": 54288.796075699996 }, "geometry": { "type": "Polygon", "coordinates": [ [ [ -75.708986616556032, 4.519197198535287, 0.0 ], [ -75.707412168826281, 4.519602250662468, 0.0 ], [ -75.706892512521222, 4.519690659169748, 0.0 ], [ -75.706391173041766, 4.519723947783936, 0.0 ], [ -75.706185819341556, 4.519685596100871, 0.0 ], [ -75.706258218405068, 4.519357246257478, 0.0 ], [ -75.706554528927228, 4.519129673744397, 0.0 ], [ -75.706394271498269, 4.518968785286265, 0.0 ], [ -75.706583480371989, 4.518734783199439, 0.0 ], [ -75.706747254263064, 4.51850143670799, 0.0 ], [ -75.706844964930895, 4.518435122253331, 0.0 ], [ -75.707050900629895, 4.518435030472578, 0.0 ], [ -75.707167086501556, 4.518387264586236, 0.0 ], [ -75.7072764395852, 4.518382922330892, 0.0 ], [ -75.707376553469032, 4.518391333438771, 0.0 ], [ -75.707409305487502, 4.518382863151566, 0.0 ], [ -75.70745422976384, 4.51834902359032, 0.0 ], [ -75.707751792437307, 4.518300039794349, 0.0 ], [ -75.708047158732342, 4.518158354699314, 0.0 ], [ -75.708313677393747, 4.518085404314755, 0.0 ], [ -75.708368092507882, 4.518056880205525, 0.0 ], [ -75.708559450019422, 4.518002474098557, 0.0 ], [ -75.708793170788169, 4.517974434705148, 0.0 ], [ -75.708935079079822, 4.5179380563515, 0.0 ], [ -75.709007414548395, 4.517949197372753, 0.0 ], [ -75.709090867161621, 4.517993856257443, 0.0 ], [ -75.709179901831504, 4.517988229192921, 0.0 ], [ -75.709310677862533, 4.517963029180625, 0.0 ], [ -75.709538865953505, 4.517840013768508, 0.0 ], [ -75.709705824219483, 4.5177784827483, 0.0 ], [ -75.709828603727118, 4.517758649991869, 0.0 ], [ -75.709908409130236, 4.518009953137036, 0.0 ], [ -75.710136861632037, 4.518939228351881, 0.0 ], [ -75.708986616556032, 4.519197198535287, 0.0 ] ] ] } },
{ "type": "Feature", "properties": { "barrio": "VILLA DE LA VIDA Y EL TRABAJO", "barrio_alt": "LA FACHADA", "barrio_alt2": "LA FACHADA", "vulnerabilidad": "Muy baja", "indice": 1.3333333333299999, "val_suelo": 1.0, "val_falla": 1.0, "val_antig": 2.0, "clas_antiguedad": "Media", "clas_falla": null, "clas_falla_alt": null, "porcentaje_limitacion_suelo": 0.93896713615100003, "area_m2": 261897.66042900001, "shape_area": 28586.8506103 }, "geometry": { "type": "Polygon", "coordinates": [ [ [ -75.710136861632037, 4.518939228351881, 0.0 ], [ -75.709908409130236, 4.518009953137036, 0.0 ], [ -75.709828603727118, 4.517758649991869, 0.0 ], [ -75.710145241682511, 4.517720248984081, 0.0 ], [ -75.710345590153167, 4.517647528489916, 0.0 ], [ -75.710476359780202, 4.517639089075934, 0.0 ], [ -75.710899296140482, 4.517549507895906, 0.0 ], [ -75.710963304357605, 4.517501990258393, 0.0 ], [ -75.711222092912195, 4.51739292764473, 0.0 ], [ -75.711369600216372, 4.51725598089361, 0.0 ], [ -75.711475346053987, 4.517200063163723, 0.0 ], [ -75.711480153316671, 4.517175967240365, 0.0 ], [ -75.711705324269886, 4.517461709829012, 0.0 ], [ -75.711836921984471, 4.517865797440526, 0.0 ], [ -75.711979450548924, 4.518405820864599, 0.0 ], [ -75.711843856821133, 4.518529017201746, 0.0 ], [ -75.711831493235337, 4.518504089688771, 0.0 ], [ -75.711412396170601, 4.518644329073084, 0.0 ], [ -75.711147086235016, 4.5187148333236, 0.0 ], [ -75.710136861632037, 4.518939228351881, 0.0 ] ] ] } },
{ "type": "Feature", "properties": { "barrio": "PUERTO ESPEJO I ETAPA", "barrio_alt": "LA FACHADA", "barrio_alt2": "LA FACHADA", "vulnerabilidad": "Baja", "indice": 1.6666666666700001, "val_suelo": 1.0, "val_falla": 1.0, "val_antig": 3.0, "clas_antiguedad": "Alto", "clas_falla": null, "clas_falla_alt": null, "porcentaje_limitacion_suelo": 0.93896713615100003, "area_m2": 261897.66042900001, "shape_area": 120200.90239 }, "geometry": { "type": "Polygon", "coordinates": [ [ [ -75.711155119192213, 4.516089674664569, 0.0 ], [ -75.711019045635311, 4.514609289384261, 0.0 ], [ -75.710866067902003, 4.514519703560013, 0.0 ], [ -75.710745889742739, 4.514139535484167, 0.0 ], [ -75.710777002624724, 4.514122986568014, 0.0 ], [ -75.71074776537489, 4.514005417375838, 0.0 ], [ -75.710447119959369, 4.514091041375571, 0.0 ], [ -75.710308768414734, 4.513646102112792, 0.0 ], [ -75.710365558473796, 4.513671422321123, 0.0 ], [ -75.710519262095787, 4.513634613174806, 0.0 ], [ -75.710647354427309, 4.513586792854126, 0.0 ], [ -75.710790075718066, 4.51356100960673, 0.0 ], [ -75.710958423794708, 4.513502148769667, 0.0 ], [ -75.711057216271357, 4.513527823524427, 0.0 ], [ -75.711137727859963, 4.513505742535281, 0.0 ], [ -75.711240226809011, 4.513395474353662, 0.0 ], [ -75.711298808306111, 4.513299922592973, 0.0 ], [ -75.71139029631432, 4.513281510683253, 0.0 ], [ -75.711423219289685, 4.51331456273446, 0.0 ], [ -75.71145613404812, 4.513369658676539, 0.0 ], [ -75.711602531454659, 4.513296111615799, 0.0 ], [ -75.711756189133979, 4.51339156832297, 0.0 ], [ -75.711906204033255, 4.513439263353495, 0.0 ], [ -75.712070817865737, 4.513597173611915, 0.0 ], [ -75.712264742000059, 4.513652197752259, 0.0 ], [ -75.712568450490309, 4.513692474929202, 0.0 ], [ -75.712630150436226, 4.51408328719475, 0.0 ], [ -75.712655674240096, 4.514351483051247, 0.0 ], [ -75.71290449152464, 4.514395459406597, 0.0 ], [ -75.713460813016454, 4.514079237884466, 0.0 ], [ -75.713683752882332, 4.514898453540818, 0.0 ], [ -75.712995662934475, 4.515310260031156, 0.0 ], [ -75.713297043895238, 4.515982297413274, 0.0 ], [ -75.713845466021326, 4.517378193463124, 0.0 ], [ -75.712130817137435, 4.518402201070897, 0.0 ], [ -75.711914875608528, 4.51852354312416, 0.0 ], [ -75.711853822471383, 4.518549108096414, 0.0 ], [ -75.711843856821133, 4.518529017201746, 0.0 ], [ -75.711979450548924, 4.518405820864599, 0.0 ], [ -75.711836921984471, 4.517865797440526, 0.0 ], [ -75.711705324269886, 4.517461709829012, 0.0 ], [ -75.711480153316671, 4.517175967240365, 0.0 ], [ -75.711488707476576, 4.516916395513658, 0.0 ], [ -75.711430418631878, 4.516511366972323, 0.0 ], [ -75.711155119192213, 4.516089674664569, 0.0 ] ] ] } },
{ "type": "Feature", "properties": { "barrio": "ALCAZAR DEL CAFE", "barrio_alt": "LA FACHADA", "barrio_alt2": "LA FACHADA", "vulnerabilidad": "Muy baja", "indice": 1.3333333333299999, "val_suelo": 1.0, "val_falla": 1.0, "val_antig": 2.0, "clas_antiguedad": "Media", "clas_falla": null, "clas_falla_alt": null, "porcentaje_limitacion_suelo": 0.93896713615100003, "area_m2": 261897.66042900001, "shape_area": 15578.560700399999 }, "geometry": { "type": "Polygon", "coordinates": [ [ [ -75.714063938498072, 4.521988676799041, 0.0 ], [ -75.713861948518613, 4.521853535510131, 0.0 ], [ -75.71369363845605, 4.521694229711733, 0.0 ], [ -75.713308953712783, 4.521259726263508, 0.0 ], [ -75.713540610228776, 4.520956951174247, 0.0 ], [ -75.713767448972035, 4.521146073998168, 0.0 ], [ -75.713903215873003, 4.521246571926956, 0.0 ], [ -75.714013482686084, 4.521311076650857, 0.0 ], [ -75.714127621861209, 4.521360029299074, 0.0 ], [ -75.714492935729169, 4.521472609973898, 0.0 ], [ -75.714607611900362, 4.52152013575011, 0.0 ], [ -75.714887663616935, 4.521612907807802, 0.0 ], [ -75.71498480139735, 4.521663465406893, 0.0 ], [ -75.715107418970419, 4.521743092196929, 0.0 ], [ -75.715522042193754, 4.522052322653431, 0.0 ], [ -75.715455847782366, 4.522195510349111, 0.0 ], [ -75.715426606096784, 4.522169810128434, 0.0 ], [ -75.715353960439955, 4.522224390355599, 0.0 ], [ -75.7151831811059, 4.522273280060674, 0.0 ], [ -75.714968179294431, 4.522363400204478, 0.0 ], [ -75.714864766975637, 4.522385802207212, 0.0 ], [ -75.714822352963495, 4.522385578047985, 0.0 ], [ -75.714739831091592, 4.522375958753217, 0.0 ], [ -75.714703694796256, 4.522360964539518, 0.0 ], [ -75.714604557143119, 4.52228769443598, 0.0 ], [ -75.714504173198677, 4.522175603717735, 0.0 ], [ -75.714429306031391, 4.522119673063567, 0.0 ], [ -75.714347547800685, 4.522085314837, 0.0 ], [ -75.714268319272421, 4.522116554196311, 0.0 ], [ -75.714232271600835, 4.522080365589839, 0.0 ], [ -75.714063938498072, 4.521988676799041, 0.0 ] ] ] } },
{ "type": "Feature", "properties": { "barrio": "LA LORENA", "barrio_alt": "LA LORENA", "barrio_alt2": "LA LORENA", "vulnerabilidad": "Baja", "indice": 1.6666666666700001, "val_suelo": 1.0, "val_falla": 1.0, "val_antig": 3.0, "clas_antiguedad": "Alto", "clas_falla": null, "clas_falla_alt": null, "porcentaje_limitacion_suelo": 0.0, "area_m2": 167249.01804900001, "shape_area": 167340.360223 }, "geometry": { "type": "Polygon", "coordinates": [ [ [ -75.655858921808573, 4.55130221043926, 0.0 ], [ -75.655241363753362, 4.550897663285777, 0.0 ], [ -75.654695610533992, 4.550510614210239, 0.0 ], [ -75.654663881268675, 4.550425661890528, 0.0 ], [ -75.65553903952852, 4.550191037541226, 0.0 ], [ -75.655505744661284, 4.550099013122612, 0.0 ], [ -75.655522493942826, 4.549914931395018, 0.0 ], [ -75.655514226517298, 4.549764328447342, 0.0 ], [ -75.655405934943261, 4.549655599747676, 0.0 ], [ -75.655243445063533, 4.549609645426255, 0.0 ], [ -75.655076768045674, 4.549609711047698, 0.0 ], [ -75.654930965220885, 4.54952191431591, 0.0 ], [ -75.654793469808283, 4.549492684219885, 0.0 ], [ -75.654710169234292, 4.549409046886617, 0.0 ], [ -75.654647729527014, 4.549262647883804, 0.0 ], [ -75.654664535442649, 4.548953060919326, 0.0 ], [ -75.654768743248525, 4.548873533087424, 0.0 ], [ -75.654860429689364, 4.548840027981403, 0.0 ], [ -75.65498127986767, 4.548819063184473, 0.0 ], [ -75.65508960156879, 4.548860855467359, 0.0 ], [ -75.655189518636064, 4.549061624288126, 0.0 ], [ -75.655264489476579, 4.549136898010998, 0.0 ], [ -75.655347809652682, 4.549178701139886, 0.0 ], [ -75.655464486942492, 4.549170287479722, 0.0 ], [ -75.655697889572238, 4.549044689443748, 0.0 ], [ -75.655818751250067, 4.548998622048527, 0.0 ], [ -75.655872985097929, 4.548852177643476, 0.0 ], [ -75.655848043215769, 4.548718314574278, 0.0 ], [ -75.655702221915575, 4.548672353861541, 0.0 ], [ -75.65552728147793, 4.548513449320511, 0.0 ], [ -75.655552327628797, 4.548413034906527, 0.0 ], [ -75.655752354254233, 4.548379486945767, 0.0 ], [ -75.655806555159018, 4.548308345393054, 0.0 ], [ -75.65595657954097, 4.548274818337537, 0.0 ], [ -75.656048288054109, 4.548191110976559, 0.0 ], [ -75.65609001667184, 4.548057221488812, 0.0 ], [ -75.656156712940216, 4.547998625699816, 0.0 ], [ -75.656419208410313, 4.548044539856208, 0.0 ], [ -75.656773903201554, 4.547928118683749, 0.0 ], [ -75.658587938367177, 4.54947777853998, 0.0 ], [ -75.658806657571986, 4.54913481564435, 0.0 ], [ -75.65906534654107, 4.548980375849794, 0.0 ], [ -75.659639350985344, 4.548383542100091, 0.0 ], [ -75.659741817370474, 4.548356071113434, 0.0 ], [ -75.660192365946628, 4.548925062285056, 0.0 ], [ -75.660378529589309, 4.549066383724764, 0.0 ], [ -75.659831803116745, 4.549466223981055, 0.0 ], [ -75.659695552117839, 4.549581485587874, 0.0 ], [ -75.659468089509375, 4.549827067656354, 0.0 ], [ -75.659277095564008, 4.550088784492687, 0.0 ], [ -75.659098937473274, 4.550422649119985, 0.0 ], [ -75.658078234651285, 4.552749525717243, 0.0 ], [ -75.657627152116333, 4.55244945901842, 0.0 ], [ -75.657192461012386, 4.55221228878213, 0.0 ], [ -75.656507894419548, 4.551723883892514, 0.0 ], [ -75.656107795763134, 4.551503214168546, 0.0 ], [ -75.655935501898185, 4.55136565454167, 0.0 ], [ -75.655845857704378, 4.551320821061311, 0.0 ], [ -75.655858921808573, 4.55130221043926, 0.0 ] ] ] } },
{ "type": "Feature", "properties": { "barrio": "LA CAMPI?A", "barrio_alt": "LA LORENA", "barrio_alt2": "LA LORENA", "vulnerabilidad": "Baja", "indice": 1.6666666666700001, "val_suelo": 1.0, "val_falla": 1.0, "val_antig": 3.0, "clas_antiguedad": "Alto", "clas_falla": null, "clas_falla_alt": null, "porcentaje_limitacion_suelo": 0.0, "area_m2": 167249.01804900001, "shape_area": 100421.57311700001 }, "geometry": { "type": "Polygon", "coordinates": [ [ [ -75.653975568559531, 4.553442533604685, 0.0 ], [ -75.653915445994258, 4.553244496403496, 0.0 ], [ -75.653912772203213, 4.55315164820443, 0.0 ], [ -75.653978815120823, 4.552975169187155, 0.0 ], [ -75.654092562445612, 4.552799913531142, 0.0 ], [ -75.654159778244747, 4.552568874937626, 0.0 ], [ -75.654168583631161, 4.552456588425339, 0.0 ], [ -75.654152936658122, 4.552363421995803, 0.0 ], [ -75.654051261183227, 4.55223785485892, 0.0 ], [ -75.654017342495848, 4.552155331700198, 0.0 ], [ -75.653931812909718, 4.55200615023058, 0.0 ], [ -75.653908364641808, 4.551903758496642, 0.0 ], [ -75.653901988515145, 4.551824495878539, 0.0 ], [ -75.653913355071055, 4.551576984266872, 0.0 ], [ -75.653970142764052, 4.551472169064058, 0.0 ], [ -75.653978497019196, 4.551422584266972, 0.0 ], [ -75.654025573974934, 4.551343589934651, 0.0 ], [ -75.654043089293211, 4.551259796524217, 0.0 ], [ -75.654042027363715, 4.551195218111033, 0.0 ], [ -75.654056794581834, 4.551148192577391, 0.0 ], [ -75.654108962881011, 4.551102975452874, 0.0 ], [ -75.654121123161843, 4.551079125465828, 0.0 ], [ -75.654120751189694, 4.550937087301659, 0.0 ], [ -75.654092190415284, 4.550884834340388, 0.0 ], [ -75.654103282924382, 4.550792103490928, 0.0 ], [ -75.654159126168992, 4.550678118198417, 0.0 ], [ -75.65417434276425, 4.550659313404787, 0.0 ], [ -75.654220741008572, 4.550641685436069, 0.0 ], [ -75.654278832646213, 4.550650045224028, 0.0 ], [ -75.654345204030975, 4.550676485699979, 0.0 ], [ -75.654359202021112, 4.550674234424539, 0.0 ], [ -75.654383151320147, 4.550650355390395, 0.0 ], [ -75.654508300098925, 4.550632364385312, 0.0 ], [ -75.654583582600736, 4.550595740115762, 0.0 ], [ -75.654677028988743, 4.550497436360043, 0.0 ], [ -75.655241363753362, 4.550897663285777, 0.0 ], [ -75.655858921808573, 4.55130221043926, 0.0 ], [ -75.655845857704378, 4.551320821061311, 0.0 ], [ -75.655935501898185, 4.55136565454167, 0.0 ], [ -75.656107795763134, 4.551503214168546, 0.0 ], [ -75.656507894419548, 4.551723883892514, 0.0 ], [ -75.657192461012386, 4.55221228878213, 0.0 ], [ -75.657627152116333, 4.55244945901842, 0.0 ], [ -75.658078234651285, 4.552749525717243, 0.0 ], [ -75.657961309040658, 4.553037534140482, 0.0 ], [ -75.657891568809831, 4.553295862008668, 0.0 ], [ -75.657797797317315, 4.553233611094963, 0.0 ], [ -75.657445553537528, 4.553778267126336, 0.0 ], [ -75.656662025163698, 4.553267399727818, 0.0 ], [ -75.656305786303577, 4.553701060673452, 0.0 ], [ -75.655525536617844, 4.553648131621776, 0.0 ], [ -75.65482115033798, 4.553351791475012, 0.0 ], [ -75.654321094095025, 4.553519312284529, 0.0 ], [ -75.653971426955707, 4.553528226832944, 0.0 ], [ -75.653975568559531, 4.553442533604685, 0.0 ] ] ] } },
{ "type": "Feature", "properties": { "barrio": null, "barrio_alt": "LA LORENA", "barrio_alt2": "LA LORENA", "vulnerabilidad": "Baja", "indice": 1.6666666666700001, "val_suelo": 1.0, "val_falla": 1.0, "val_antig": 3.0, "clas_antiguedad": "Alto", "clas_falla": null, "clas_falla_alt": null, "porcentaje_limitacion_suelo": 0.0, "area_m2": 167249.01804900001, "shape_area": 29872.316806 }, "geometry": { "type": "Polygon", "coordinates": [ [ [ -75.65906407545009, 4.552517989132153, 0.0 ], [ -75.658381662706191, 4.552061356064837, 0.0 ], [ -75.659098937473274, 4.550422649119985, 0.0 ], [ -75.659586730974681, 4.550627391168424, 0.0 ], [ -75.660647770724609, 4.550609265019894, 0.0 ], [ -75.660162963722968, 4.551536720929385, 0.0 ], [ -75.660085155241987, 4.551506288628832, 0.0 ], [ -75.659965068993188, 4.551671856243389, 0.0 ], [ -75.659971660649234, 4.551681123855216, 0.0 ], [ -75.659928120144727, 4.551719540545418, 0.0 ], [ -75.659920207962756, 4.551714246673013, 0.0 ], [ -75.659560006543003, 4.552052041476966, 0.0 ], [ -75.659454523284822, 4.551970814328091, 0.0 ], [ -75.65906407545009, 4.552517989132153, 0.0 ] ] ] } },
{ "type": "Feature", "properties": { "barrio": "QUINTAS DE PALERMO", "barrio_alt": "QUINTAS DE PALERMO", "barrio_alt2": "QUINTAS DE PALERMO", "vulnerabilidad": "Baja", "indice": 1.6666666666700001, "val_suelo": 1.0, "val_falla": 1.0, "val_antig": 3.0, "clas_antiguedad": "Alto", "clas_falla": null, "clas_falla_alt": null, "porcentaje_limitacion_suelo": 0.0, "area_m2": 9196.5608797599998, "shape_area": 9201.5170758799995 }, "geometry": { "type": "Polygon", "coordinates": [ [ [ -75.652239739957466, 4.553519163920642, 0.0 ], [ -75.653443224170147, 4.553496489796161, 0.0 ], [ -75.654037530884565, 4.553905147670148, 0.0 ], [ -75.653944947750972, 4.553973864527903, 0.0 ], [ -75.653832246196302, 4.554038549394472, 0.0 ], [ -75.653703487148945, 4.554014360045367, 0.0 ], [ -75.653526415722325, 4.554046750489365, 0.0 ], [ -75.653441877429003, 4.554123543518489, 0.0 ], [ -75.652194572170217, 4.553800830795425, 0.0 ], [ -75.652239739957466, 4.553519163920642, 0.0 ] ] ] } },
{ "type": "Feature", "properties": { "barrio": "EL NOGAL", "barrio_alt": "LA CAMPI?A", "barrio_alt2": "LA CAMPI?A", "vulnerabilidad": "Baja", "indice": 1.6666666666700001, "val_suelo": 1.0, "val_falla": 1.0, "val_antig": 3.0, "clas_antiguedad": "Alto", "clas_falla": null, "clas_falla_alt": null, "porcentaje_limitacion_suelo": 0.0, "area_m2": 100367.039493, "shape_area": 61205.995230699999 }, "geometry": { "type": "Polygon", "coordinates": [ [ [ -75.654388479876118, 4.555275764620974, 0.0 ], [ -75.65433875022822, 4.555202885873805, 0.0 ], [ -75.654282553477756, 4.555065307661429, 0.0 ], [ -75.654256285014981, 4.554968324660203, 0.0 ], [ -75.654224351889852, 4.55477463963167, 0.0 ], [ -75.654565106841858, 4.55428563805783, 0.0 ], [ -75.65403324067222, 4.553972419184202, 0.0 ], [ -75.654044749226642, 4.553840386796375, 0.0 ], [ -75.65402505710955, 4.553758771264276, 0.0 ], [ -75.653970914306058, 4.553643923634813, 0.0 ], [ -75.653964221990236, 4.553581901032574, 0.0 ], [ -75.653971417946821, 4.553528226866213, 0.0 ], [ -75.654321094095025, 4.553519312284529, 0.0 ], [ -75.65482115033798, 4.553351791475012, 0.0 ], [ -75.655525536617844, 4.553648131621776, 0.0 ], [ -75.656305786303577, 4.553701060673452, 0.0 ], [ -75.656662025163698, 4.553267399727818, 0.0 ], [ -75.657445553537528, 4.553778267126336, 0.0 ], [ -75.656538718292964, 4.555180455076695, 0.0 ], [ -75.655917264548677, 4.55480042990747, 0.0 ], [ -75.65521392095954, 4.555952754936138, 0.0 ], [ -75.65504144649222, 4.555774993182818, 0.0 ], [ -75.654970347406589, 4.555671207412285, 0.0 ], [ -75.65491493240954, 4.555610938048018, 0.0 ], [ -75.654767469728156, 4.555517588086958, 0.0 ], [ -75.654571518617814, 4.55543329975514, 0.0 ], [ -75.654472489872148, 4.555360944949291, 0.0 ], [ -75.654388479876118, 4.555275764620974, 0.0 ] ] ] } },
{ "type": "Feature", "properties": { "barrio": "ASENTAMIENTO FUNDADORES BAJO", "barrio_alt": "ASENTAMIENTO FUNDADORES BAJO", "barrio_alt2": "ASENTAMIENTO FUNDADORES BAJO", "vulnerabilidad": "Muy baja", "indice": 1.3333333333299999, "val_suelo": 1.0, "val_falla": 1.0, "val_antig": 2.0, "clas_antiguedad": "Media", "clas_falla": null, "clas_falla_alt": null, "porcentaje_limitacion_suelo": 0.0, "area_m2": 4179.3446354600001, "shape_area": 4181.6799761299999 }, "geometry": { "type": "Polygon", "coordinates": [ [ [ -75.663897620752067, 4.544782093504669, 0.0 ], [ -75.664023864966239, 4.54457536869655, 0.0 ], [ -75.664760659690018, 4.543661469123395, 0.0 ], [ -75.664977308761905, 4.543819102780831, 0.0 ], [ -75.66477427360843, 4.544026255433318, 0.0 ], [ -75.66461476272336, 4.544272175120896, 0.0 ], [ -75.664328691560556, 4.544536288222579, 0.0 ], [ -75.664093534852114, 4.544901041404614, 0.0 ], [ -75.663897620752067, 4.544782093504669, 0.0 ] ] ] } },
{ "type": "Feature", "properties": { "barrio": "ALCAZAR", "barrio_alt": "ALCAZAR", "barrio_alt2": "ALCAZAR", "vulnerabilidad": "Baja", "indice": 1.6666666666700001, "val_suelo": 1.0, "val_falla": 1.0, "val_antig": 3.0, "clas_antiguedad": "Alto", "clas_falla": null, "clas_falla_alt": null, "porcentaje_limitacion_suelo": 0.0, "area_m2": 49904.1601343, "shape_area": 49931.689549900002 }, "geometry": { "type": "Polygon", "coordinates": [ [ [ -75.659762843492913, 4.547180980856465, 0.0 ], [ -75.659709165479114, 4.547027454364895, 0.0 ], [ -75.659667827106588, 4.547039916922282, 0.0 ], [ -75.659566639135278, 4.546817932801539, 0.0 ], [ -75.659306807096641, 4.546731600704365, 0.0 ], [ -75.659764014430579, 4.545405582865264, 0.0 ], [ -75.659840479174179, 4.545411782518554, 0.0 ], [ -75.660227011885297, 4.54522699144849, 0.0 ], [ -75.660577698640722, 4.544991531437137, 0.0 ], [ -75.66100528886345, 4.544728260160218, 0.0 ], [ -75.661265418346815, 4.545361021994986, 0.0 ], [ -75.66129961474283, 4.545532980049795, 0.0 ], [ -75.661297496315797, 4.545678633837983, 0.0 ], [ -75.66124328414908, 4.545799245018168, 0.0 ], [ -75.661130194071319, 4.545917509939964, 0.0 ], [ -75.660984144037002, 4.545997953047041, 0.0 ], [ -75.66132305850158, 4.546650465536471, 0.0 ], [ -75.66168102564572, 4.546707099628701, 0.0 ], [ -75.661711488439195, 4.547144534924218, 0.0 ], [ -75.661803972752224, 4.547180633929417, 0.0 ], [ -75.661623970437702, 4.54764995297898, 0.0 ], [ -75.661431780775757, 4.547618891361735, 0.0 ], [ -75.661113509008402, 4.547627293772676, 0.0 ], [ -75.661121815433305, 4.547515245633257, 0.0 ], [ -75.661076414109729, 4.547332668293572, 0.0 ], [ -75.660472943249957, 4.547337012449826, 0.0 ], [ -75.660179486125415, 4.547308057903387, 0.0 ], [ -75.659849632504788, 4.547214151246588, 0.0 ], [ -75.659762843492913, 4.547180980856465, 0.0 ] ] ] } },
{ "type": "Feature", "properties": { "barrio": "TORRES DE ALCAZAR", "barrio_alt": "ALCAZAR", "barrio_alt2": "ALCAZAR", "vulnerabilidad": "Muy baja", "indice": 1.0, "val_suelo": 1.0, "val_falla": 1.0, "val_antig": 1.0, "clas_antiguedad": null, "clas_falla": null, "clas_falla_alt": null, "porcentaje_limitacion_suelo": 0.0, "area_m2": 49904.1601343, "shape_area": 19755.397351 }, "geometry": { "type": "Polygon", "coordinates": [ [ [ -75.659764014430579, 4.545405582865264, 0.0 ], [ -75.658987103447728, 4.545141285390484, 0.0 ], [ -75.659024843950348, 4.545082483756616, 0.0 ], [ -75.659109030153985, 4.544869553274986, 0.0 ], [ -75.659146764164888, 4.544727427367925, 0.0 ], [ -75.659159614153381, 4.544591017571138, 0.0 ], [ -75.659153903691603, 4.544516403350644, 0.0 ], [ -75.659125607139956, 4.544408132730277, 0.0 ], [ -75.659049626382711, 4.544270526703141, 0.0 ], [ -75.659021664489757, 4.544164326951065, 0.0 ], [ -75.659007622782511, 4.543955581624319, 0.0 ], [ -75.659015362749642, 4.543917131067292, 0.0 ], [ -75.659031976202996, 4.543899257780764, 0.0 ], [ -75.659101617539378, 4.543890721185456, 0.0 ], [ -75.659143762233725, 4.543911715328358, 0.0 ], [ -75.659196446575777, 4.543952664005734, 0.0 ], [ -75.659277698258919, 4.544072061620229, 0.0 ], [ -75.659336231361578, 4.544087267954556, 0.0 ], [ -75.659407719385342, 4.544090490036333, 0.0 ], [ -75.659493226297982, 4.544052501761443, 0.0 ], [ -75.659552506952039, 4.544009439074005, 0.0 ], [ -75.659682900086366, 4.543895209556757, 0.0 ], [ -75.659764686825355, 4.543790794202344, 0.0 ], [ -75.659813913841745, 4.54376917695768, 0.0 ], [ -75.65989198627112, 4.543845818395823, 0.0 ], [ -75.659951868544724, 4.543948382419825, 0.0 ], [ -75.66001136118193, 4.544140710881391, 0.0 ], [ -75.660105674687173, 4.544338882951724, 0.0 ], [ -75.660186170142026, 4.544439955897906, 0.0 ], [ -75.660309603733623, 4.544535664565339, 0.0 ], [ -75.660577698640722, 4.544991531437137, 0.0 ], [ -75.660227011885297, 4.54522699144849, 0.0 ], [ -75.659840479174179, 4.545411782518554, 0.0 ], [ -75.659764014430579, 4.545405582865264, 0.0 ] ] ] } },
{ "type": "Feature", "properties": { "barrio": "URBANIZACION LA ALQUERIA", "barrio_alt": "URBANIZACION LA ALQUERIA", "barrio_alt2": "URBANIZACION LA ALQUERIA", "vulnerabilidad": "Muy baja", "indice": 1.3333333333299999, "val_suelo": 1.0, "val_falla": 1.0, "val_antig": 2.0, "clas_antiguedad": "Media", "clas_falla": "Baja", "clas_falla_alt": "Baja", "porcentaje_limitacion_suelo": 0.0, "area_m2": 23219.931617400001, "shape_area": 23232.7317234 }, "geometry": { "type": "Polygon", "coordinates": [ [ [ -75.659939788997093, 4.542170292369352, 0.0 ], [ -75.65981112818136, 4.542209738124298, 0.0 ], [ -75.659633419857371, 4.542210890545322, 0.0 ], [ -75.659538559082989, 4.542240474673284, 0.0 ], [ -75.65945023442454, 4.542287569958406, 0.0 ], [ -75.659373926086133, 4.542265702903956, 0.0 ], [ -75.659263855085641, 4.542146427839718, 0.0 ], [ -75.65912324559207, 4.542062189592387, 0.0 ], [ -75.659771140276348, 4.540977568779749, 0.0 ], [ -75.6603532512068, 4.541343659071748, 0.0 ], [ -75.660838479695329, 4.541467670055956, 0.0 ], [ -75.661072500326284, 4.541574968305773, 0.0 ], [ -75.661187851996161, 4.541650687250635, 0.0 ], [ -75.661322365186635, 4.541758766046826, 0.0 ], [ -75.661300608664575, 4.541806591954708, 0.0 ], [ -75.661323282528187, 4.541915043154472, 0.0 ], [ -75.661355056091253, 4.542005043098874, 0.0 ], [ -75.661438613410539, 4.542161653181197, 0.0 ], [ -75.6614510361469, 4.542216060092041, 0.0 ], [ -75.661434387110674, 4.542238202509346, 0.0 ], [ -75.66138522347525, 4.542264766592568, 0.0 ], [ -75.661302420400105, 4.542263680224736, 0.0 ], [ -75.661255996359202, 4.542253657471181, 0.0 ], [ -75.661155473131657, 4.542193676957917, 0.0 ], [ -75.661096823713066, 4.542184522049937, 0.0 ], [ -75.661046659812627, 4.542188908541442, 0.0 ], [ -75.660979550002367, 4.542229312344273, 0.0 ], [ -75.660827058174306, 4.542364760505867, 0.0 ], [ -75.660744668826368, 4.54241361228615, 0.0 ], [ -75.660650828414973, 4.54243447757863, 0.0 ], [ -75.66050273569401, 4.542415715472434, 0.0 ], [ -75.660449887972888, 4.542425492851152, 0.0 ], [ -75.660387895442028, 4.542451251738272, 0.0 ], [ -75.660033563250323, 4.542128667328857, 0.0 ], [ -75.659939788997093, 4.542170292369352, 0.0 ] ] ] } },
{ "type": "Feature", "properties": { "barrio": "URBANIZACION PASADENA", "barrio_alt": "URBANIZACION PASADENA", "barrio_alt2": "URBANIZACION PASADENA", "vulnerabilidad": "Muy baja", "indice": 1.0, "val_suelo": 1.0, "val_falla": 1.0, "val_antig": 1.0, "clas_antiguedad": null, "clas_falla": null, "clas_falla_alt": null, "porcentaje_limitacion_suelo": 0.0, "area_m2": 3382.1758432199999, "shape_area": 3384.06308876 }, "geometry": { "type": "Polygon", "coordinates": [ [ [ -75.665064111429757, 4.551081630456598, 0.0 ], [ -75.664798716916152, 4.550383028089123, 0.0 ], [ -75.664892138137787, 4.550305651179203, 0.0 ], [ -75.665097641529485, 4.550332552151535, 0.0 ], [ -75.665262205422167, 4.550367420413784, 0.0 ], [ -75.66526145244444, 4.55041397522363, 0.0 ], [ -75.665358644476612, 4.550984432278461, 0.0 ], [ -75.665064111429757, 4.551081630456598, 0.0 ] ] ] } },
{ "type": "Feature", "properties": { "barrio": "URBANIZACION TORRES DE MARFIL", "barrio_alt": "URBANIZACION PASADENA", "barrio_alt2": "URBANIZACION PASADENA", "vulnerabilidad": "Muy baja", "indice": 1.3333333333299999, "val_suelo": 1.0, "val_falla": 1.0, "val_antig": 2.0, "clas_antiguedad": "Media", "clas_falla": "Baja", "clas_falla_alt": "Baja", "porcentaje_limitacion_suelo": 0.0, "area_m2": 3382.1758432199999, "shape_area": 7981.9086765100001 }, "geometry": { "type": "Polygon", "coordinates": [ [ [ -75.666511202829881, 4.550310648473749, 0.0 ], [ -75.666188774201629, 4.550401663450739, 0.0 ], [ -75.66597317042455, 4.55049792546303, 0.0 ], [ -75.665715027299527, 4.55047396284922, 0.0 ], [ -75.665519435785683, 4.550421924043334, 0.0 ], [ -75.665097641529485, 4.550332552151535, 0.0 ], [ -75.664892138137787, 4.550305651179203, 0.0 ], [ -75.665037216811925, 4.550205405314298, 0.0 ], [ -75.665129050560651, 4.550158616031451, 0.0 ], [ -75.666398506506539, 4.549753023020947, 0.0 ], [ -75.666511202829881, 4.550310648473749, 0.0 ] ] ] } },
{ "type": "Feature", "properties": { "barrio": "RINCON DE ANDALUCIA", "barrio_alt": null, "barrio_alt2": null, "vulnerabilidad": "Alta", "indice": 2.3333333333300001, "val_suelo": 3.0, "val_falla": 1.0, "val_antig": 3.0, "clas_antiguedad": "Alto", "clas_falla": null, "clas_falla_alt": null, "porcentaje_limitacion_suelo": 1.3888888888799999, "area_m2": 29855.914369300001, "shape_area": 19419.762065499999 }, "geometry": { "type": "Polygon", "coordinates": [ [ [ -75.662879464045986, 4.549954334832822, 0.0 ], [ -75.662879164431871, 4.55054492898207, 0.0 ], [ -75.66152222384018, 4.550568272513525, 0.0 ], [ -75.660620958089595, 4.550610413847251, 0.0 ], [ -75.66064193980246, 4.549888213089337, 0.0 ], [ -75.660720708819937, 4.549842979638576, 0.0 ], [ -75.66086655146438, 4.549810880933636, 0.0 ], [ -75.66102865497983, 4.549826549860043, 0.0 ], [ -75.661110486693133, 4.549811400511885, 0.0 ], [ -75.661213283856384, 4.549707961139814, 0.0 ], [ -75.661268006579419, 4.549699604888731, 0.0 ], [ -75.661301025316561, 4.549704317659698, 0.0 ], [ -75.661338341744198, 4.549692478254983, 0.0 ], [ -75.661465409813786, 4.549588325263821, 0.0 ], [ -75.66158226011585, 4.549590869056653, 0.0 ], [ -75.661631062895822, 4.549607965159013, 0.0 ], [ -75.661651495698365, 4.549637551944482, 0.0 ], [ -75.66170074665034, 4.549792785819236, 0.0 ], [ -75.661742918975762, 4.549847166606845, 0.0 ], [ -75.66181404601754, 4.549899611301149, 0.0 ], [ -75.66189945337527, 4.549923211350847, 0.0 ], [ -75.661973275100422, 4.549955585734217, 0.0 ], [ -75.662230912615357, 4.550005835640463, 0.0 ], [ -75.662407646933872, 4.550009863552794, 0.0 ], [ -75.662601934358463, 4.550043839587608, 0.0 ], [ -75.662658636300392, 4.550042104502273, 0.0 ], [ -75.662734602835954, 4.550023942647083, 0.0 ], [ -75.662879464045986, 4.549954334832822, 0.0 ] ] ] } },
{ "type": "Feature", "properties": { "barrio": "LOS PROFESIONALES", "barrio_alt": "RINCON DE ANDALUCIA", "barrio_alt2": "RINCON DE ANDALUCIA", "vulnerabilidad": "Baja", "indice": 1.6666666666700001, "val_suelo": 1.0, "val_falla": 1.0, "val_antig": 3.0, "clas_antiguedad": "Alto", "clas_falla": "Baja", "clas_falla_alt": "Baja", "porcentaje_limitacion_suelo": 0.0, "area_m2": 19409.015922, "shape_area": 96358.275659599996 }, "geometry": { "type": "Polygon", "coordinates": [ [ [ -75.663605671528259, 4.549658550675905, 0.0 ], [ -75.663485915109987, 4.549724353504859, 0.0 ], [ -75.663358965772659, 4.549839348704447, 0.0 ], [ -75.663299567510379, 4.549876116377418, 0.0 ], [ -75.663261160543456, 4.549880702078657, 0.0 ], [ -75.663139507710014, 4.549849493112875, 0.0 ], [ -75.663064697016864, 4.549846814734266, 0.0 ], [ -75.662968521266464, 4.549882235900442, 0.0 ], [ -75.662842768304685, 4.549978157201328, 0.0 ], [ -75.662717412090373, 4.550028607985258, 0.0 ], [ -75.662414187735564, 4.549622724936842, 0.0 ], [ -75.661059359303209, 4.548527053508906, 0.0 ], [ -75.66126776861968, 4.548295121936752, 0.0 ], [ -75.661390232240606, 4.548095588175285, 0.0 ], [ -75.662374593385692, 4.54861397082133, 0.0 ], [ -75.662546886959817, 4.54838881854128, 0.0 ], [ -75.662744445697015, 4.548458033985249, 0.0 ], [ -75.662943023171749, 4.548431609983687, 0.0 ], [ -75.663257640846552, 4.54837077349563, 0.0 ], [ -75.663419799935539, 4.548303941426034, 0.0 ], [ -75.663571763981068, 4.548273716486396, 0.0 ], [ -75.66369640322182, 4.548218749000344, 0.0 ], [ -75.663838225459699, 4.548099937961631, 0.0 ], [ -75.664023011778298, 4.548012234901896, 0.0 ], [ -75.664100893711961, 4.547959392385747, 0.0 ], [ -75.664217551230649, 4.547924097918542, 0.0 ], [ -75.664376283403058, 4.54793943613617, 0.0 ], [ -75.664456860117426, 4.547908965529047, 0.0 ], [ -75.664601608651964, 4.547832173530865, 0.0 ], [ -75.664910053819611, 4.547736620770622, 0.0 ], [ -75.66494969475589, 4.547738873339205, 0.0 ], [ -75.664994575945769, 4.547763608634634, 0.0 ], [ -75.665213714102237, 4.547980263047931, 0.0 ], [ -75.665293457080494, 4.548045219319884, 0.0 ], [ -75.66534862603659, 4.548075976399882, 0.0 ], [ -75.66547207641004, 4.548092447648101, 0.0 ], [ -75.665589527095435, 4.548073714287161, 0.0 ], [ -75.665661151156073, 4.54808010102341, 0.0 ], [ -75.665734747191308, 4.548103122434247, 0.0 ], [ -75.66590766307749, 4.548191996615763, 0.0 ], [ -75.666062736661985, 4.548247983766625, 0.0 ], [ -75.666374217525629, 4.548307670151816, 0.0 ], [ -75.666535614043156, 4.548280081201885, 0.0 ], [ -75.667421027771212, 4.548070125129517, 0.0 ], [ -75.667544351379334, 4.548503909449778, 0.0 ], [ -75.667545191207211, 4.548835494398085, 0.0 ], [ -75.667469479767746, 4.549049528746512, 0.0 ], [ -75.667096973913218, 4.549024168744729, 0.0 ], [ -75.666933384369045, 4.5489848934778, 0.0 ], [ -75.666855925151964, 4.548979461552556, 0.0 ], [ -75.666729190289445, 4.548984580075913, 0.0 ], [ -75.666461793922835, 4.549029870357406, 0.0 ], [ -75.66629840114625, 4.549068056976102, 0.0 ], [ -75.66611692744091, 4.54914268734733, 0.0 ], [ -75.666047014268315, 4.549192163639381, 0.0 ], [ -75.665825799556472, 4.549382552810388, 0.0 ], [ -75.665689299064951, 4.549463605272872, 0.0 ], [ -75.665594626943474, 4.549501631143936, 0.0 ], [ -75.665522500607381, 4.549542893174975, 0.0 ], [ -75.665387090804415, 4.549586923808903, 0.0 ], [ -75.665036269064032, 4.549672152506212, 0.0 ], [ -75.664829947465563, 4.54968505763876, 0.0 ], [ -75.664764287497817, 4.549679765329872, 0.0 ], [ -75.664627573993798, 4.549619728505133, 0.0 ], [ -75.664485921043891, 4.549579559562211, 0.0 ], [ -75.664384932709552, 4.549596789936805, 0.0 ], [ -75.664263624902176, 4.549688496409397, 0.0 ], [ -75.664102483688666, 4.549753836943938, 0.0 ], [ -75.663964177784592, 4.549725263681578, 0.0 ], [ -75.663866523001161, 4.549723234128823, 0.0 ], [ -75.663733523912143, 4.549671549548479, 0.0 ], [ -75.66366205288665, 4.549658587779419, 0.0 ], [ -75.663605671528259, 4.549658550675905, 0.0 ] ] ] } },
{ "type": "Feature", "properties": { "barrio": null, "barrio_alt": "URBANIZACION TORRES DE MARFIL", "barrio_alt2": "URBANIZACION TORRES DE MARFIL", "vulnerabilidad": "Muy baja", "indice": 1.3333333333299999, "val_suelo": 1.0, "val_falla": 1.0, "val_antig": 2.0, "clas_antiguedad": "Media", "clas_falla": "Baja", "clas_falla_alt": "Baja", "porcentaje_limitacion_suelo": 0.0, "area_m2": 7977.4417959100001, "shape_area": 8250.5177852300003 }, "geometry": { "type": "Polygon", "coordinates": [ [ [ -75.666366409096909, 4.549590603358368, 0.0 ], [ -75.667266419554551, 4.549231871545717, 0.0 ], [ -75.66742076924794, 4.549255867962698, 0.0 ], [ -75.667289852601556, 4.54972389616108, 0.0 ], [ -75.667193981028277, 4.549905620947034, 0.0 ], [ -75.667138062623877, 4.549991141918373, 0.0 ], [ -75.666955705210057, 4.550150183602484, 0.0 ], [ -75.666813298042413, 4.550221037772092, 0.0 ], [ -75.666511202829881, 4.550310648473749, 0.0 ], [ -75.666366409096909, 4.549590603358368, 0.0 ] ] ] } },
{ "type": "Feature", "properties": { "barrio": null, "barrio_alt": null, "barrio_alt2": null, "vulnerabilidad": "Media", "indice": 2.0, "val_suelo": 3.0, "val_falla": 1.0, "val_antig": 2.0, "clas_antiguedad": "Media", "clas_falla": null, "clas_falla_alt": null, "porcentaje_limitacion_suelo": 1.3888888888799999, "area_m2": 22791.169311000001, "shape_area": 22803.475120200001 }, "geometry": { "type": "Polygon", "coordinates": [ [ [ -75.653702140547963, 4.565701185376028, 0.0 ], [ -75.652571845938468, 4.564386208830175, 0.0 ], [ -75.652797623155209, 4.564319456670054, 0.0 ], [ -75.652849230050506, 4.564279677313741, 0.0 ], [ -75.65290724454448, 4.56419437411889, 0.0 ], [ -75.652962476422914, 4.564062081241062, 0.0 ], [ -75.652995461026407, 4.564019750793427, 0.0 ], [ -75.653037150078262, 4.563921466779041, 0.0 ], [ -75.653071739058817, 4.56388203970062, 0.0 ], [ -75.653115236618177, 4.563855946360132, 0.0 ], [ -75.653187313157545, 4.563851235245953, 0.0 ], [ -75.653303046856905, 4.56389329022084, 0.0 ], [ -75.653359859917373, 4.563903974047054, 0.0 ], [ -75.653404996288657, 4.563886970493247, 0.0 ], [ -75.653418068680807, 4.563856360884618, 0.0 ], [ -75.654644056051438, 4.564999364309289, 0.0 ], [ -75.653702140547963, 4.565701185376028, 0.0 ] ] ] } },
{ "type": "Feature", "properties": { "barrio": "ABORIGENES", "barrio_alt": null, "barrio_alt2": null, "vulnerabilidad": "Alta", "indice": 2.3333333333300001, "val_suelo": 3.0, "val_falla": 1.0, "val_antig": 3.0, "clas_antiguedad": "Alto", "clas_falla": null, "clas_falla_alt": null, "porcentaje_limitacion_suelo": 1.3888888888799999, "area_m2": 22791.169311000001, "shape_area": 39860.241762600002 }, "geometry": { "type": "Polygon", "coordinates": [ [ [ -75.650829629108429, 4.564106808108947, 0.0 ], [ -75.650757724024416, 4.564037779433887, 0.0 ], [ -75.651418226381324, 4.56321716478111, 0.0 ], [ -75.651533705344534, 4.563054900631798, 0.0 ], [ -75.651686149614662, 4.562809194033089, 0.0 ], [ -75.652060291735609, 4.562123367146347, 0.0 ], [ -75.652451355067157, 4.562163521146173, 0.0 ], [ -75.652377564238733, 4.562508036712006, 0.0 ], [ -75.652264023726445, 4.562499628313677, 0.0 ], [ -75.65226188714972, 4.562591245867521, 0.0 ], [ -75.653291454576973, 4.563455088026754, 0.0 ], [ -75.653398790954981, 4.563533232079422, 0.0 ], [ -75.65338677790902, 4.56365305244769, 0.0 ], [ -75.653416973345145, 4.56382527301494, 0.0 ], [ -75.653416800627099, 4.563866040046297, 0.0 ], [ -75.653406854231704, 4.563885079532747, 0.0 ], [ -75.653374707884609, 4.563901523311952, 0.0 ], [ -75.653344778690524, 4.563903258682457, 0.0 ], [ -75.653187313157545, 4.563851235245953, 0.0 ], [ -75.653153049626809, 4.563848792657013, 0.0 ], [ -75.653104074549503, 4.563860920276775, 0.0 ], [ -75.653071739058817, 4.56388203970062, 0.0 ], [ -75.653037150078262, 4.563921466779041, 0.0 ], [ -75.652884701418515, 4.564235447246217, 0.0 ], [ -75.652821128808199, 4.564302506043177, 0.0 ], [ -75.652777369367385, 4.564327216222088, 0.0 ], [ -75.652374571409439, 4.564441327669879, 0.0 ], [ -75.652265539446645, 4.564438746692303, 0.0 ], [ -75.652156201509669, 4.564413697013892, 0.0 ], [ -75.652109614430756, 4.564383575690797, 0.0 ], [ -75.651974062725955, 4.564235936684462, 0.0 ], [ -75.65191373640252, 4.56419518634706, 0.0 ], [ -75.651878130877733, 4.564189423488592, 0.0 ], [ -75.6518015321966, 4.564206064186344, 0.0 ], [ -75.651679749184325, 4.564277706715955, 0.0 ], [ -75.651346202855578, 4.564518054001709, 0.0 ], [ -75.650829629108429, 4.564106808108947, 0.0 ] ] ] } },
{ "type": "Feature", "properties": { "barrio": null, "barrio_alt": null, "barrio_alt2": null, "vulnerabilidad": "Muy baja", "indice": 1.3333333333299999, "val_suelo": 1.0, "val_falla": 1.0, "val_antig": 2.0, "clas_antiguedad": "Media", "clas_falla": null, "clas_falla_alt": null, "porcentaje_limitacion_suelo": 1.3888888888799999, "area_m2": 2279.4330154899999, "shape_area": 2280.6749828100001 }, "geometry": { "type": "Polygon", "coordinates": [ [ [ -75.656422574146504, 4.563665567783922, 0.0 ], [ -75.656288580281455, 4.563512393159933, 0.0 ], [ -75.656082456155048, 4.563375695611475, 0.0 ], [ -75.655971405657837, 4.563263846786749, 0.0 ], [ -75.65600411242248, 4.563250641051291, 0.0 ], [ -75.656100429803274, 4.563182316364236, 0.0 ], [ -75.65618964065132, 4.563181806935535, 0.0 ], [ -75.65627963328059, 4.563136664308322, 0.0 ], [ -75.656396609204393, 4.563165279672937, 0.0 ], [ -75.656570570137333, 4.563318223068834, 0.0 ], [ -75.656676214929902, 4.563414075279578, 0.0 ], [ -75.656489895209887, 4.563607407320556, 0.0 ], [ -75.656422574146504, 4.563665567783922, 0.0 ] ] ] } },
{ "type": "Feature", "properties": { "barrio": "LOS LAURELES", "barrio_alt": "LOS LAURELES", "barrio_alt2": "LOS LAURELES", "vulnerabilidad": "Baja", "indice": 1.6666666666700001, "val_suelo": 1.0, "val_falla": 1.0, "val_antig": 3.0, "clas_antiguedad": "Alto", "clas_falla": null, "clas_falla_alt": null, "porcentaje_limitacion_suelo": 0.0, "area_m2": 101417.91526199999, "shape_area": 101473.128952 }, "geometry": { "type": "Polygon", "coordinates": [ [ [ -75.654837230898252, 4.56138362906624, 0.0 ], [ -75.654567923627837, 4.561312993371057, 0.0 ], [ -75.654431257221106, 4.561117515474755, 0.0 ], [ -75.654004715052039, 4.560439564667884, 0.0 ], [ -75.654489614855549, 4.560160691413627, 0.0 ], [ -75.654870916912671, 4.559902650475459, 0.0 ], [ -75.655057437417511, 4.559740350617849, 0.0 ], [ -75.655206669423464, 4.559565583262465, 0.0 ], [ -75.65536419985969, 4.55935753170638, 0.0 ], [ -75.655484428008734, 4.559178613510712, 0.0 ], [ -75.655965431253861, 4.55821333591025, 0.0 ], [ -75.656085689550153, 4.557951217066448, 0.0 ], [ -75.65630066835098, 4.557557760808588, 0.0 ], [ -75.657196002025486, 4.557672580805811, 0.0 ], [ -75.656876943218492, 4.558312871485378, 0.0 ], [ -75.656738296739107, 4.558382500685004, 0.0 ], [ -75.658241987929301, 4.55934926579929, 0.0 ], [ -75.658292869763358, 4.559350635960554, 0.0 ], [ -75.658706743046181, 4.55968014543972, 0.0 ], [ -75.658664701339958, 4.559754083060614, 0.0 ], [ -75.657564062007438, 4.560531252176308, 0.0 ], [ -75.656441157381067, 4.560519127899397, 0.0 ], [ -75.656436718133605, 4.5613386542824, 0.0 ], [ -75.655976784998515, 4.561326319669877, 0.0 ], [ -75.655355353946334, 4.561035313436321, 0.0 ], [ -75.655177040759995, 4.561283681376634, 0.0 ], [ -75.655069280812171, 4.56135859637476, 0.0 ], [ -75.654969816565242, 4.561408547310709, 0.0 ], [ -75.654837230898252, 4.56138362906624, 0.0 ] ] ] } },
{ "type": "Feature", "properties": { "barrio": "LA SUIZA", "barrio_alt": "LOS LAURELES", "barrio_alt2": "LOS LAURELES", "vulnerabilidad": "Baja", "indice": 1.6666666666700001, "val_suelo": 1.0, "val_falla": 1.0, "val_antig": 3.0, "clas_antiguedad": "Alto", "clas_falla": null, "clas_falla_alt": null, "porcentaje_limitacion_suelo": 0.0, "area_m2": 101417.91526199999, "shape_area": 14142.0230586 }, "geometry": { "type": "Polygon", "coordinates": [ [ [ -75.656485673947699, 4.561672959670703, 0.0 ], [ -75.65645451890903, 4.561629158064183, 0.0 ], [ -75.656439986551206, 4.56158952323332, 0.0 ], [ -75.656441157381067, 4.560519127899397, 0.0 ], [ -75.657564062007438, 4.560531252176308, 0.0 ], [ -75.657560112479999, 4.561395144982773, 0.0 ], [ -75.657543459851865, 4.561474428389015, 0.0 ], [ -75.656909655157008, 4.561493406337767, 0.0 ], [ -75.656861835933114, 4.561562268274519, 0.0 ], [ -75.65678076780668, 4.561631141246174, 0.0 ], [ -75.656672691692037, 4.561685417690513, 0.0 ], [ -75.656554238177762, 4.561700059286633, 0.0 ], [ -75.656485673947699, 4.561672959670703, 0.0 ] ] ] } },
{ "type": "Feature", "properties": { "barrio": "ALTOS DEL BOSQUE", "barrio_alt": "LOS LAURELES", "barrio_alt2": "LOS LAURELES", "vulnerabilidad": "Muy baja", "indice": 1.0, "val_suelo": 1.0, "val_falla": 1.0, "val_antig": 1.0, "clas_antiguedad": null, "clas_falla": null, "clas_falla_alt": null, "porcentaje_limitacion_suelo": 0.0, "area_m2": 101417.91526199999, "shape_area": 9406.3431960100006 }, "geometry": { "type": "Polygon", "coordinates": [ [ [ -75.657560112479999, 4.561395144982773, 0.0 ], [ -75.657564062007438, 4.560531252176308, 0.0 ], [ -75.658664701339958, 4.559754083060614, 0.0 ], [ -75.657519610358193, 4.561946900696713, 0.0 ], [ -75.657484324045583, 4.561836339074306, 0.0 ], [ -75.657473979237082, 4.561709080019721, 0.0 ], [ -75.65748232272945, 4.561621453905554, 0.0 ], [ -75.657501048913048, 4.56155677346607, 0.0 ], [ -75.657543459851865, 4.561474428389015, 0.0 ], [ -75.657560112479999, 4.561395144982773, 0.0 ] ] ] } },
{ "type": "Feature", "properties": { "barrio": "TORRES DE LAURELES", "barrio_alt": "LOS LAURELES", "barrio_alt2": "LOS LAURELES", "vulnerabilidad": "Baja", "indice": 1.6666666666700001, "val_suelo": 1.0, "val_falla": 1.0, "val_antig": 3.0, "clas_antiguedad": "Alto", "clas_falla": null, "clas_falla_alt": null, "porcentaje_limitacion_suelo": 0.0, "area_m2": 101417.91526199999, "shape_area": 34537.8563459 }, "geometry": { "type": "Polygon", "coordinates": [ [ [ -75.658241987929301, 4.55934926579929, 0.0 ], [ -75.656738296739107, 4.558382500685004, 0.0 ], [ -75.656876943218492, 4.558312871485378, 0.0 ], [ -75.657196002025486, 4.557672580805811, 0.0 ], [ -75.658454526808399, 4.557810840740102, 0.0 ], [ -75.658617795304124, 4.557840897641224, 0.0 ], [ -75.659147607503186, 4.557877528386117, 0.0 ], [ -75.65945848370734, 4.557873878969655, 0.0 ], [ -75.659573970674614, 4.558359851950087, 0.0 ], [ -75.659443974008767, 4.55847029433525, 0.0 ], [ -75.659337303755962, 4.558577383005968, 0.0 ], [ -75.659243960810542, 4.558691159417436, 0.0 ], [ -75.659133936033058, 4.558861813749797, 0.0 ], [ -75.658807431551111, 4.558708026243752, 0.0 ], [ -75.658630272153047, 4.558945544562206, 0.0 ], [ -75.658241987929301, 4.55934926579929, 0.0 ] ] ] } },
{ "type": "Feature", "properties": { "barrio": null, "barrio_alt": null, "barrio_alt2": null, "vulnerabilidad": "Muy baja", "indice": 1.0, "val_suelo": 1.0, "val_falla": 1.0, "val_antig": 1.0, "clas_antiguedad": null, "clas_falla": null, "clas_falla_alt": null, "porcentaje_limitacion_suelo": 1.3888888888799999, "area_m2": 4185.0994967300003, "shape_area": 4187.4039324900004 }, "geometry": { "type": "GeometryCollection", "geometries": [ { "type": "Polygon", "coordinates": [ [ [ -75.660815366880982, 4.559583282025547, 0.0 ], [ -75.660839716468061, 4.559924624999963, 0.0 ], [ -75.660585301913841, 4.559785315930826, 0.0 ], [ -75.660457036704074, 4.559747151637185, 0.0 ], [ -75.660303453227854, 4.559734884128124, 0.0 ], [ -75.659974375982671, 4.559753357110762, 0.0 ], [ -75.659843688241864, 4.559707366115942, 0.0 ], [ -75.659954414427631, 4.559403496661123, 0.0 ], [ -75.659956518146075, 4.5593553011983, 0.0 ], [ -75.66001915616674, 4.55928822778013, 0.0 ], [ -75.660540024570821, 4.559433467451439, 0.0 ], [ -75.660815366880982, 4.559583282025547, 0.0 ] ] ] }, { "type": "LineString", "coordinates": [ [ -75.660540283438792, 4.559423272239028, 0.0 ], [ -75.660540024570821, 4.559433467451439, 0.0 ] ] } ] } },
{ "type": "Feature", "properties": { "barrio": "URBANIZACION EL MOLINO", "barrio_alt": "URBANIZACION EL MOLINO", "barrio_alt2": "URBANIZACION EL MOLINO", "vulnerabilidad": "Baja", "indice": 1.6666666666700001, "val_suelo": 2.0, "val_falla": 1.0, "val_antig": 2.0, "clas_antiguedad": "Media", "clas_falla": "Baja", "clas_falla_alt": "Baja", "porcentaje_limitacion_suelo": 25.000000000099998, "area_m2": 11929.367081099999, "shape_area": 11935.6055015 }, "geometry": { "type": "Polygon", "coordinates": [ [ [ -75.643726410713953, 4.563918365772104, 0.0 ], [ -75.643101632762964, 4.564716490056464, 0.0 ], [ -75.642466060084217, 4.56403843189771, 0.0 ], [ -75.643136283088879, 4.563166201399111, 0.0 ], [ -75.643726410713953, 4.563918365772104, 0.0 ] ] ] } },
{ "type": "Feature", "properties": { "barrio": "URBANIZACION EL PALMAR", "barrio_alt": "URBANIZACION EL PALMAR", "barrio_alt2": "URBANIZACION EL PALMAR", "vulnerabilidad": "Alta", "indice": 2.3333333333300001, "val_suelo": 3.0, "val_falla": 1.0, "val_antig": 3.0, "clas_antiguedad": "Alto", "clas_falla": null, "clas_falla_alt": null, "porcentaje_limitacion_suelo": 50.000000000100002, "area_m2": 7436.80833188, "shape_area": 7440.7087715199996 }, "geometry": { "type": "Polygon", "coordinates": [ [ [ -75.644903973366979, 4.56241806555539, 0.0 ], [ -75.644353035329459, 4.56311927569023, 0.0 ], [ -75.643825237265261, 4.562680567479092, 0.0 ], [ -75.644393203441695, 4.561985052941362, 0.0 ], [ -75.644903973366979, 4.56241806555539, 0.0 ] ] ] } },
{ "type": "Feature", "properties": { "barrio": "BLOQUE ALEJANDRIA", "barrio_alt": "BLOQUE ALEJANDRIA", "barrio_alt2": "BLOQUE ALEJANDRIA", "vulnerabilidad": "Muy baja", "indice": 1.0, "val_suelo": 1.0, "val_falla": 1.0, "val_antig": 1.0, "clas_antiguedad": "Baja", "clas_falla": null, "clas_falla_alt": null, "porcentaje_limitacion_suelo": 0.0, "area_m2": 11368.962744500001, "shape_area": 11375.0048523 }, "geometry": { "type": "Polygon", "coordinates": [ [ [ -75.6485513252115, 4.558256958595177, 0.0 ], [ -75.648401651201908, 4.558057411793162, 0.0 ], [ -75.648368211707464, 4.557973679453073, 0.0 ], [ -75.648353972280646, 4.557848096251707, 0.0 ], [ -75.648270082098662, 4.557695067277383, 0.0 ], [ -75.648236105817986, 4.557482468177625, 0.0 ], [ -75.648196550637195, 4.557340819780037, 0.0 ], [ -75.648147426785712, 4.557216845171189, 0.0 ], [ -75.648138503298441, 4.557083265670637, 0.0 ], [ -75.648117543365771, 4.556958948507404, 0.0 ], [ -75.648128061458536, 4.556840357398574, 0.0 ], [ -75.648115937166509, 4.556776181105017, 0.0 ], [ -75.648176912206083, 4.556769463187679, 0.0 ], [ -75.648219571424107, 4.556781349970249, 0.0 ], [ -75.648352366871293, 4.556854330841163, 0.0 ], [ -75.648448360546382, 4.556888290093286, 0.0 ], [ -75.648631404444373, 4.557129581659267, 0.0 ], [ -75.648703972226699, 4.557192921094592, 0.0 ], [ -75.649421965074524, 4.557588820915424, 0.0 ], [ -75.649316903575993, 4.557688594406123, 0.0 ], [ -75.649089753901805, 4.557876749588049, 0.0 ], [ -75.648822860815059, 4.55807631527038, 0.0 ], [ -75.6485513252115, 4.558256958595177, 0.0 ] ] ] } },
{ "type": "Feature", "properties": { "barrio": "URBANIZACION LA HACIENDA", "barrio_alt": "ASENTAMIENTO REGIVIT BAJO", "barrio_alt2": "ASENTAMIENTO REGIVIT BAJO", "vulnerabilidad": "Muy baja", "indice": 1.0, "val_suelo": 1.0, "val_falla": 1.0, "val_antig": 1.0, "clas_antiguedad": null, "clas_falla": null, "clas_falla_alt": null, "porcentaje_limitacion_suelo": 0.0, "area_m2": 169202.74355099999, "shape_area": 6965.4545663299996 }, "geometry": { "type": "Polygon", "coordinates": [ [ [ -75.650100265448771, 4.564844895201526, 0.0 ], [ -75.649264096867597, 4.564213034394026, 0.0 ], [ -75.649250079365714, 4.564202441615987, 0.0 ], [ -75.649654446555402, 4.564080540033775, 0.0 ], [ -75.649800007423593, 4.564066964445877, 0.0 ], [ -75.650665227540131, 4.564145177251203, 0.0 ], [ -75.650100265448771, 4.564844895201526, 0.0 ] ] ] } },
{ "type": "Feature", "properties": { "barrio": "QUINTAS DE SAN JULIAN", "barrio_alt": "QUINTAS DE SAN JULIAN", "barrio_alt2": "QUINTAS DE SAN JULIAN", "vulnerabilidad": "Baja", "indice": 1.6666666666700001, "val_suelo": 1.0, "val_falla": 1.0, "val_antig": 3.0, "clas_antiguedad": "Alto", "clas_falla": null, "clas_falla_alt": null, "porcentaje_limitacion_suelo": 0.0, "area_m2": 19382.7780313, "shape_area": 19393.221419099998 }, "geometry": { "type": "Polygon", "coordinates": [ [ [ -75.653507259277831, 4.560723238755411, 0.0 ], [ -75.65340232457811, 4.560796998552152, 0.0 ], [ -75.652909149661156, 4.561092060632932, 0.0 ], [ -75.652720257571431, 4.561250105573577, 0.0 ], [ -75.652673116399939, 4.561065803061479, 0.0 ], [ -75.652594525853559, 4.560818315477244, 0.0 ], [ -75.652536924942609, 4.560549755894781, 0.0 ], [ -75.652343001585365, 4.560123252448548, 0.0 ], [ -75.652038961825994, 4.559596725927938, 0.0 ], [ -75.652705282847975, 4.559169955248416, 0.0 ], [ -75.653109136735111, 4.559280420107528, 0.0 ], [ -75.653187635084763, 4.55978068553695, 0.0 ], [ -75.653239904207965, 4.560286226393702, 0.0 ], [ -75.653507259277831, 4.560723238755411, 0.0 ] ] ] } },
{ "type": "Feature", "properties": { "barrio": "VILLAS DE PALERMO", "barrio_alt": "VILLAS DE PALERMO", "barrio_alt2": "VILLAS DE PALERMO", "vulnerabilidad": "Muy baja", "indice": 1.3333333333299999, "val_suelo": 1.0, "val_falla": 1.0, "val_antig": 2.0, "clas_antiguedad": "Media", "clas_falla": null, "clas_falla_alt": null, "porcentaje_limitacion_suelo": 0.0, "area_m2": 12217.4262119, "shape_area": 12223.9868947 }, "geometry": { "type": "Polygon", "coordinates": [ [ [ -75.651726480285816, 4.566677955384746, 0.0 ], [ -75.652685377757919, 4.567332415257463, 0.0 ], [ -75.652581656080912, 4.567483177182225, 0.0 ], [ -75.652526930048992, 4.567544275376491, 0.0 ], [ -75.652406832116114, 4.567611667452233, 0.0 ], [ -75.652290410866712, 4.56763226921132, 0.0 ], [ -75.652104409366743, 4.567642465900612, 0.0 ], [ -75.651947840068132, 4.567720331914583, 0.0 ], [ -75.651838599404812, 4.567748865588535, 0.0 ], [ -75.651711553955764, 4.567796794226187, 0.0 ], [ -75.651659768431728, 4.567793434703529, 0.0 ], [ -75.651570395905622, 4.567724951088275, 0.0 ], [ -75.651433709120624, 4.567554309644584, 0.0 ], [ -75.651406952678542, 4.567512628743174, 0.0 ], [ -75.651385313166941, 4.567451989479693, 0.0 ], [ -75.651348338666608, 4.567433889348277, 0.0 ], [ -75.651332014489256, 4.567413184105169, 0.0 ], [ -75.651324393176353, 4.567377762703382, 0.0 ], [ -75.65111044707956, 4.567115857850881, 0.0 ], [ -75.651276412664771, 4.566953044931726, 0.0 ], [ -75.651397071354012, 4.566862181239846, 0.0 ], [ -75.651603184711959, 4.566735969419591, 0.0 ], [ -75.651726480285816, 4.566677955384746, 0.0 ] ] ] } },
{ "type": "Feature", "properties": { "barrio": "URBANIZACION BOSQUES DE VIENA", "barrio_alt": "ABORIGENES", "barrio_alt2": "ABORIGENES", "vulnerabilidad": "Muy baja", "indice": 1.3333333333299999, "val_suelo": 1.0, "val_falla": 1.0, "val_antig": 2.0, "clas_antiguedad": "Media", "clas_falla": null, "clas_falla_alt": null, "porcentaje_limitacion_suelo": 0.0, "area_m2": 39838.826719500001, "shape_area": 36368.0802798 }, "geometry": { "type": "Polygon", "coordinates": [ [ [ -75.65249050657485, 4.566310468413858, 0.0 ], [ -75.651603184711959, 4.566735969419591, 0.0 ], [ -75.651397071354012, 4.566862181239846, 0.0 ], [ -75.651276412664771, 4.566953044931726, 0.0 ], [ -75.650424441440933, 4.565788001660267, 0.0 ], [ -75.650498802563121, 4.565588847661331, 0.0 ], [ -75.650482258256474, 4.565396538250936, 0.0 ], [ -75.650490191359452, 4.565262470964637, 0.0 ], [ -75.650531448514727, 4.565165698259536, 0.0 ], [ -75.650604681158782, 4.565043934454984, 0.0 ], [ -75.650697815757866, 4.56493340521788, 0.0 ], [ -75.650779344530093, 4.564867233865296, 0.0 ], [ -75.650853097577468, 4.564822191432565, 0.0 ], [ -75.650964473801878, 4.564761447154957, 0.0 ], [ -75.651129780485945, 4.564724448716181, 0.0 ], [ -75.651216254835759, 4.56468270790965, 0.0 ], [ -75.651245257198539, 4.564653285180337, 0.0 ], [ -75.651269881785097, 4.564596817022546, 0.0 ], [ -75.651301505945497, 4.564552957401041, 0.0 ], [ -75.6514312815453, 4.564453718336764, 0.0 ], [ -75.651511394452598, 4.564404614773939, 0.0 ], [ -75.65249050657485, 4.566310468413858, 0.0 ] ] ] } },
{ "type": "Feature", "properties": { "barrio": "BOSQUES DE SAN MARTIN", "barrio_alt": null, "barrio_alt2": null, "vulnerabilidad": "Media", "indice": 2.0, "val_suelo": 3.0, "val_falla": 1.0, "val_antig": 2.0, "clas_antiguedad": "Media", "clas_falla": null, "clas_falla_alt": null, "porcentaje_limitacion_suelo": 1.3888888888799999, "area_m2": 22791.169311000001, "shape_area": 24910.742591599999 }, "geometry": { "type": "Polygon", "coordinates": [ [ [ -75.655675289486112, 4.56640564681065, 0.0 ], [ -75.654644056051438, 4.564999364309289, 0.0 ], [ -75.655678469886155, 4.564230230558893, 0.0 ], [ -75.656501546888322, 4.565311328558518, 0.0 ], [ -75.65640563096018, 4.565363426619974, 0.0 ], [ -75.656256378921071, 4.565425264783824, 0.0 ], [ -75.656217844212009, 4.565460784725887, 0.0 ], [ -75.656201355810865, 4.565513209530335, 0.0 ], [ -75.656222318285657, 4.565640023416062, 0.0 ], [ -75.656216234463216, 4.56574407903979, 0.0 ], [ -75.65619743823575, 4.565818375511888, 0.0 ], [ -75.656133873397209, 4.565972621127924, 0.0 ], [ -75.656089076147893, 4.56604111853062, 0.0 ], [ -75.656033171252659, 4.566097794804184, 0.0 ], [ -75.655793443905438, 4.566227495960565, 0.0 ], [ -75.655719527602557, 4.566324739496533, 0.0 ], [ -75.655675289486112, 4.56640564681065, 0.0 ] ] ] } },
{ "type": "Feature", "properties": { "barrio": "CASA LOMA", "barrio_alt": "BOSQUES DE SAN MARTIN", "barrio_alt2": "BOSQUES DE SAN MARTIN", "vulnerabilidad": "Muy baja", "indice": 1.3333333333299999, "val_suelo": 1.0, "val_falla": 1.0, "val_antig": 2.0, "clas_antiguedad": "Media", "clas_falla": null, "clas_falla_alt": null, "porcentaje_limitacion_suelo": 0.0, "area_m2": 24897.214140799999, "shape_area": 7319.0420321900001 }, "geometry": { "type": "Polygon", "coordinates": [ [ [ -75.656501546888322, 4.565311328558518, 0.0 ], [ -75.655678469886155, 4.564230230558893, 0.0 ], [ -75.656015528274452, 4.563983104000713, 0.0 ], [ -75.656905508092976, 4.565154124453516, 0.0 ], [ -75.656874289498845, 4.565192511211597, 0.0 ], [ -75.656832034178478, 4.56522340888676, 0.0 ], [ -75.656678385904868, 4.565248559998122, 0.0 ], [ -75.656569253519791, 4.565279581668731, 0.0 ], [ -75.656501546888322, 4.565311328558518, 0.0 ] ] ] } },
{ "type": "Feature", "properties": { "barrio": "SANTILLANA DEL MAR", "barrio_alt": null, "barrio_alt2": null, "vulnerabilidad": "Muy baja", "indice": 1.3333333333299999, "val_suelo": 1.0, "val_falla": 1.0, "val_antig": 2.0, "clas_antiguedad": "Media", "clas_falla": null, "clas_falla_alt": null, "porcentaje_limitacion_suelo": 1.3888888888799999, "area_m2": 2279.4330154899999, "shape_area": 15733.9259779 }, "geometry": { "type": "Polygon", "coordinates": [ [ [ -75.656743545406727, 4.56332763098104, 0.0 ], [ -75.657216709805098, 4.564101201776124, 0.0 ], [ -75.657303135159196, 4.564201324405031, 0.0 ], [ -75.65733693667255, 4.564271389207726, 0.0 ], [ -75.657376235547261, 4.56430253246059, 0.0 ], [ -75.657393126877793, 4.56435078960782, 0.0 ], [ -75.657430839993367, 4.564377238478896, 0.0 ], [ -75.657478597496137, 4.564438230736552, 0.0 ], [ -75.65749546212318, 4.564501501840335, 0.0 ], [ -75.657522435357237, 4.564556062741457, 0.0 ], [ -75.657577688801879, 4.564596342107586, 0.0 ], [ -75.657482692668637, 4.564626831374705, 0.0 ], [ -75.657392506495086, 4.564694279209963, 0.0 ], [ -75.657294086262809, 4.564736843240643, 0.0 ], [ -75.65723188385688, 4.564792207529729, 0.0 ], [ -75.657134175204419, 4.564844287854133, 0.0 ], [ -75.657057070743235, 4.564907475135711, 0.0 ], [ -75.656992470925616, 4.564980450530075, 0.0 ], [ -75.656905508092976, 4.565154124453516, 0.0 ], [ -75.656015528274452, 4.563983104000713, 0.0 ], [ -75.6563239405628, 4.563752021376676, 0.0 ], [ -75.656489895209887, 4.563607407320556, 0.0 ], [ -75.656676214929902, 4.563414075279578, 0.0 ], [ -75.656743545406727, 4.56332763098104, 0.0 ] ] ] } },
{ "type": "Feature", "properties": { "barrio": "GALICIA", "barrio_alt": "ALTOS DEL BOSQUE", "barrio_alt2": "ALTOS DEL BOSQUE", "vulnerabilidad": "Muy baja", "indice": 1.3333333333299999, "val_suelo": 1.0, "val_falla": 1.0, "val_antig": 2.0, "clas_antiguedad": "Media", "clas_falla": null, "clas_falla_alt": null, "porcentaje_limitacion_suelo": 0.0, "area_m2": 9401.1967722699992, "shape_area": 6921.0685107400004 }, "geometry": { "type": "Polygon", "coordinates": [ [ [ -75.657519610358193, 4.561946900696713, 0.0 ], [ -75.657645124555287, 4.562061887035735, 0.0 ], [ -75.658154553559214, 4.562229211114589, 0.0 ], [ -75.657944054191702, 4.562482769553087, 0.0 ], [ -75.657882415617664, 4.562535600278999, 0.0 ], [ -75.65764027586961, 4.563007956587785, 0.0 ], [ -75.657380297027942, 4.56293410376772, 0.0 ], [ -75.657278128475568, 4.562849639100086, 0.0 ], [ -75.657076758091137, 4.562792365657549, 0.0 ], [ -75.657519610358193, 4.561946900696713, 0.0 ] ] ] } },
{ "type": "Feature", "properties": { "barrio": "BLOQUES PLAZOLETA ANDINA", "barrio_alt": "LOS LAURELES", "barrio_alt2": "LOS LAURELES", "vulnerabilidad": "Muy baja", "indice": 1.0, "val_suelo": 1.0, "val_falla": 1.0, "val_antig": 1.0, "clas_antiguedad": null, "clas_falla": null, "clas_falla_alt": null, "porcentaje_limitacion_suelo": 0.0, "area_m2": 101417.91526199999, "shape_area": 4784.4019263299997 }, "geometry": { "type": "Polygon", "coordinates": [ [ [ -75.658706743046181, 4.55968014543972, 0.0 ], [ -75.658292869763358, 4.559350635960554, 0.0 ], [ -75.658241987929301, 4.55934926579929, 0.0 ], [ -75.658630272153047, 4.558945544562206, 0.0 ], [ -75.658807431551111, 4.558708026243752, 0.0 ], [ -75.659133936033058, 4.558861813749797, 0.0 ], [ -75.658706743046181, 4.55968014543972, 0.0 ] ] ] } },
{ "type": "Feature", "properties": { "barrio": "LOS TULIPANES", "barrio_alt": "TORRES DE LAURELES", "barrio_alt2": "TORRES DE LAURELES", "vulnerabilidad": "Baja", "indice": 1.6666666666700001, "val_suelo": 1.0, "val_falla": 1.0, "val_antig": 3.0, "clas_antiguedad": "Alto", "clas_falla": null, "clas_falla_alt": null, "porcentaje_limitacion_suelo": 0.0, "area_m2": 34518.951679199999, "shape_area": 16885.210484399999 }, "geometry": { "type": "Polygon", "coordinates": [ [ [ -75.658558501600723, 4.556820352229304, 0.0 ], [ -75.658832763872411, 4.556849999193836, 0.0 ], [ -75.659060988255462, 4.556915906888331, 0.0 ], [ -75.659141036285192, 4.556925288519019, 0.0 ], [ -75.659242688631181, 4.556928004005163, 0.0 ], [ -75.659290618337451, 4.556919176397095, 0.0 ], [ -75.6595791968127, 4.556938801775612, 0.0 ], [ -75.65972338308697, 4.556902008334596, 0.0 ], [ -75.659752699478503, 4.556903772979448, 0.0 ], [ -75.660122704070346, 4.557669624237081, 0.0 ], [ -75.659887398682613, 4.557776927271843, 0.0 ], [ -75.659710772525713, 4.55782716606029, 0.0 ], [ -75.659507491076113, 4.557870722150132, 0.0 ], [ -75.659350872119319, 4.557880809461912, 0.0 ], [ -75.659147607503186, 4.557877528386117, 0.0 ], [ -75.658617795304124, 4.557840897641224, 0.0 ], [ -75.658454526808399, 4.557810840740102, 0.0 ], [ -75.658558501600723, 4.556820352229304, 0.0 ] ] ] } },
{ "type": "Feature", "properties": { "barrio": "CONJUNTO RESIDENCIAL LOS ANDES", "barrio_alt": null, "barrio_alt2": null, "vulnerabilidad": "Muy baja", "indice": 1.0, "val_suelo": 1.0, "val_falla": 1.0, "val_antig": 1.0, "clas_antiguedad": null, "clas_falla": null, "clas_falla_alt": null, "porcentaje_limitacion_suelo": 1.3888888888799999, "area_m2": 4185.0994967300003, "shape_area": 9232.5186195000006 }, "geometry": { "type": "Polygon", "coordinates": [ [ [ -75.66001915616674, 4.55928822778013, 0.0 ], [ -75.659956518146075, 4.5593553011983, 0.0 ], [ -75.659954414427631, 4.559403496661123, 0.0 ], [ -75.659794855690109, 4.559846176722687, 0.0 ], [ -75.659791950116244, 4.559975379561424, 0.0 ], [ -75.659821436261197, 4.560078794977503, 0.0 ], [ -75.659780453173113, 4.560174735484207, 0.0 ], [ -75.658738715227969, 4.55962234205037, 0.0 ], [ -75.658948159279049, 4.559211155601951, 0.0 ], [ -75.65915745282804, 4.559220224621439, 0.0 ], [ -75.659494157185804, 4.559192708525112, 0.0 ], [ -75.65970344732628, 4.559210913897874, 0.0 ], [ -75.66001915616674, 4.55928822778013, 0.0 ] ] ] } },
{ "type": "Feature", "properties": { "barrio": "BOSQUES DE PALERMO", "barrio_alt": null, "barrio_alt2": null, "vulnerabilidad": "Muy baja", "indice": 1.0, "val_suelo": 1.0, "val_falla": 1.0, "val_antig": 1.0, "clas_antiguedad": null, "clas_falla": "Baja", "clas_falla_alt": "Baja", "porcentaje_limitacion_suelo": 1.3888888888799999, "area_m2": 4185.0994967300003, "shape_area": 33864.358667499997 }, "geometry": { "type": "Polygon", "coordinates": [ [ [ -75.660839716468061, 4.559924624999963, 0.0 ], [ -75.660815366880982, 4.559583282025547, 0.0 ], [ -75.660540024570821, 4.559433467451439, 0.0 ], [ -75.660553461332796, 4.55890327581657, 0.0 ], [ -75.660648402753566, 4.558829061685415, 0.0 ], [ -75.660924726036257, 4.558552591959178, 0.0 ], [ -75.66098750333569, 4.558512387780139, 0.0 ], [ -75.66118033344766, 4.55841700098487, 0.0 ], [ -75.661230740755826, 4.558382267954559, 0.0 ], [ -75.661333792002921, 4.55827258798369, 0.0 ], [ -75.661480232462296, 4.558192043413218, 0.0 ], [ -75.661516143342553, 4.558179091533198, 0.0 ], [ -75.661580713895304, 4.558173294855634, 0.0 ], [ -75.661902988017118, 4.558167257811593, 0.0 ], [ -75.662055373271102, 4.558116046131806, 0.0 ], [ -75.662089925470212, 4.558087410119905, 0.0 ], [ -75.662118819213035, 4.558043143007568, 0.0 ], [ -75.66292818052878, 4.558949743486147, 0.0 ], [ -75.662792354977171, 4.558998322824978, 0.0 ], [ -75.662751775334115, 4.559041757274635, 0.0 ], [ -75.662684213764706, 4.55907127067759, 0.0 ], [ -75.662489050210269, 4.559232579184981, 0.0 ], [ -75.662313951126194, 4.559312111089977, 0.0 ], [ -75.662174808452022, 4.559403293191618, 0.0 ], [ -75.662003330767263, 4.559543698624076, 0.0 ], [ -75.661875341226391, 4.559681372498567, 0.0 ], [ -75.661803130036944, 4.559733408021197, 0.0 ], [ -75.661489240338952, 4.559893927299487, 0.0 ], [ -75.661295546386256, 4.559950013321806, 0.0 ], [ -75.661066202727923, 4.559979922279627, 0.0 ], [ -75.660954756817119, 4.559969500295147, 0.0 ], [ -75.660839716468061, 4.559924624999963, 0.0 ] ] ] } },
{ "type": "Feature", "properties": { "barrio": "JARDIN LAS MERCEDES DEL NORTE", "barrio_alt": "JARDIN LAS MERCEDES DEL NORTE", "barrio_alt2": "JARDIN LAS MERCEDES DEL NORTE", "vulnerabilidad": "Media", "indice": 2.0, "val_suelo": 1.0, "val_falla": 3.0, "val_antig": 2.0, "clas_antiguedad": "Media", "clas_falla": "Alta", "clas_falla_alt": "Alta", "porcentaje_limitacion_suelo": 0.0, "area_m2": 26488.012424600001, "shape_area": 26502.915572000002 }, "geometry": { "type": "Polygon", "coordinates": [ [ [ -75.66644856447607, 4.557716216042102, 0.0 ], [ -75.666058035893315, 4.557304111070906, 0.0 ], [ -75.666178642414309, 4.557146730691795, 0.0 ], [ -75.666347505516725, 4.556888474885337, 0.0 ], [ -75.667241162369606, 4.556887758065566, 0.0 ], [ -75.667471873658897, 4.556912715677837, 0.0 ], [ -75.667679061921859, 4.556898426695921, 0.0 ], [ -75.667914243254614, 4.556826157477974, 0.0 ], [ -75.668039932966252, 4.556756700714335, 0.0 ], [ -75.668176965915492, 4.556649669710432, 0.0 ], [ -75.668320675366161, 4.556571702053084, 0.0 ], [ -75.668435778756418, 4.556492774786516, 0.0 ], [ -75.668543242639018, 4.55644024463821, 0.0 ], [ -75.668569375535029, 4.556456053577841, 0.0 ], [ -75.668550992356842, 4.556530402217354, 0.0 ], [ -75.66855190287761, 4.556731995309995, 0.0 ], [ -75.668596924865312, 4.556832285412079, 0.0 ], [ -75.668613531635899, 4.556961102957002, 0.0 ], [ -75.668603724524687, 4.556996508059878, 0.0 ], [ -75.668578245525595, 4.557033885299986, 0.0 ], [ -75.668460665762069, 4.557151930592854, 0.0 ], [ -75.668432245458419, 4.557194225102979, 0.0 ], [ -75.668364574930507, 4.557443044457392, 0.0 ], [ -75.668357625286717, 4.557715443894419, 0.0 ], [ -75.668348801615792, 4.557738064644919, 0.0 ], [ -75.668273340341173, 4.557855112679533, 0.0 ], [ -75.668162623823804, 4.557952504563822, 0.0 ], [ -75.668120981625805, 4.557926847478773, 0.0 ], [ -75.668077484220518, 4.557915522129466, 0.0 ], [ -75.668006265308051, 4.557870251049371, 0.0 ], [ -75.667894315605793, 4.557835859803175, 0.0 ], [ -75.66771683126241, 4.557836663950249, 0.0 ], [ -75.667558112642183, 4.557864594302928, 0.0 ], [ -75.667448180833333, 4.557838235294531, 0.0 ], [ -75.667370556064, 4.557807480932232, 0.0 ], [ -75.667082490721, 4.557779357128545, 0.0 ], [ -75.666868013983574, 4.557715523348667, 0.0 ], [ -75.6667651813937, 4.557695071196279, 0.0 ], [ -75.666543245029104, 4.557671976717063, 0.0 ], [ -75.666476061610041, 4.557688357407444, 0.0 ], [ -75.66644856447607, 4.557716216042102, 0.0 ] ] ] } },
{ "type": "Feature", "properties": { "barrio": "MERCEDES DEL NORTE", "barrio_alt": "JARDIN LAS MERCEDES DEL NORTE", "barrio_alt2": "JARDIN LAS MERCEDES DEL NORTE", "vulnerabilidad": "Muy baja", "indice": 1.3333333333299999, "val_suelo": 1.0, "val_falla": 2.0, "val_antig": 1.0, "clas_antiguedad": "Baja", "clas_falla": "Media", "clas_falla_alt": "Media", "porcentaje_limitacion_suelo": 0.0, "area_m2": 26488.012424600001, "shape_area": 182544.834806 }, "geometry": { "type": "GeometryCollection", "geometries": [ { "type": "Polygon", "coordinates": [ [ [ -75.664039098339117, 4.557112224884899, 0.0 ], [ -75.664118469793053, 4.557128027271706, 0.0 ], [ -75.664164535436356, 4.557112632832055, 0.0 ], [ -75.664234385054684, 4.557123723293015, 0.0 ], [ -75.664349704496914, 4.557100017588487, 0.0 ], [ -75.664543414826753, 4.557096420283084, 0.0 ], [ -75.664649968603896, 4.55711161727295, 0.0 ], [ -75.664713439740538, 4.557107520485459, 0.0 ], [ -75.664818966645825, 4.557071911090457, 0.0 ], [ -75.665044499972623, 4.556938452549512, 0.0 ], [ -75.665179974574713, 4.556829549885052, 0.0 ], [ -75.665279458082281, 4.556674381570668, 0.0 ], [ -75.665348461136261, 4.556595860743485, 0.0 ], [ -75.665348651785493, 4.5565216997518, 0.0 ], [ -75.665367562743995, 4.556442075644378, 0.0 ], [ -75.665393339517848, 4.556383742957724, 0.0 ], [ -75.665445775852561, 4.556199828306623, 0.0 ], [ -75.665470714052447, 4.556151807766614, 0.0 ], [ -75.665534879606156, 4.556058716052528, 0.0 ], [ -75.665625731213993, 4.555960422773697, 0.0 ], [ -75.665689202942005, 4.555905926271194, 0.0 ], [ -75.665721051097748, 4.555864291705516, 0.0 ], [ -75.665812271481244, 4.555798118408274, 0.0 ], [ -75.665842354117174, 4.555743105749533, 0.0 ], [ -75.665899752970674, 4.555700612424374, 0.0 ], [ -75.666040678805714, 4.555561716286302, 0.0 ], [ -75.66617513632157, 4.555345620055534, 0.0 ], [ -75.666246824932998, 4.555201883807892, 0.0 ], [ -75.666270178611839, 4.555089144638153, 0.0 ], [ -75.666300099004289, 4.555036810431555, 0.0 ], [ -75.666307901539426, 4.554988626595287, 0.0 ], [ -75.666397789034761, 4.554893770562539, 0.0 ], [ -75.666410519445876, 4.554828962625533, 0.0 ], [ -75.666461206402403, 4.55474903079434, 0.0 ], [ -75.666486586963728, 4.554670482985428, 0.0 ], [ -75.666573473901209, 4.554585260035742, 0.0 ], [ -75.666607196340507, 4.554509298532414, 0.0 ], [ -75.666749680945131, 4.554308217106601, 0.0 ], [ -75.666772934313002, 4.554247714149194, 0.0 ], [ -75.666776440083595, 4.554121932558379, 0.0 ], [ -75.666795729578325, 4.554036509383449, 0.0 ], [ -75.666834704646362, 4.553957003465748, 0.0 ], [ -75.666906257367316, 4.55386321451522, 0.0 ], [ -75.66694268331257, 4.553798243626037, 0.0 ], [ -75.66701364135136, 4.553714702621142, 0.0 ], [ -75.667094033231891, 4.553500550256813, 0.0 ], [ -75.667094475301866, 4.553472365395499, 0.0 ], [ -75.667134963489644, 4.553450213885297, 0.0 ], [ -75.667221984502774, 4.553348131545749, 0.0 ], [ -75.667281392239843, 4.55330910150292, 0.0 ], [ -75.667374765618931, 4.553219057579811, 0.0 ], [ -75.667435589194795, 4.553073114296085, 0.0 ], [ -75.667574765894742, 4.552939889660046, 0.0 ], [ -75.667613713941876, 4.552888522793141, 0.0 ], [ -75.667761164049281, 4.552827569753775, 0.0 ], [ -75.667897074786097, 4.552819943991925, 0.0 ], [ -75.668022853193932, 4.552901523361334, 0.0 ], [ -75.66809074678207, 4.552987018804747, 0.0 ], [ -75.668131766030726, 4.553010952521428, 0.0 ], [ -75.668207354025455, 4.553033367453351, 0.0 ], [ -75.668279608464942, 4.553008791721377, 0.0 ], [ -75.66844637192014, 4.552869452594691, 0.0 ], [ -75.668538753525667, 4.552828378958531, 0.0 ], [ -75.668594178851166, 4.552833734051497, 0.0 ], [ -75.668650847966902, 4.552857323944458, 0.0 ], [ -75.668689353515191, 4.55285163546627, 0.0 ], [ -75.66873391359195, 4.552869309839878, 0.0 ], [ -75.668807726182479, 4.55288056253509, 0.0 ], [ -75.669022184751185, 4.552843958154339, 0.0 ], [ -75.669089240622313, 4.552884028422514, 0.0 ], [ -75.669133827208242, 4.552972653315045, 0.0 ], [ -75.669163422658826, 4.552989115733274, 0.0 ], [ -75.669253002485959, 4.552979573386999, 0.0 ], [ -75.669389006915168, 4.552916538952819, 0.0 ], [ -75.669436666150602, 4.552924959554119, 0.0 ], [ -75.6694957128678, 4.552963980969856, 0.0 ], [ -75.669551318176715, 4.553036215857175, 0.0 ], [ -75.669576733040017, 4.553051330457092, 0.0 ], [ -75.669663303895845, 4.553073546201071, 0.0 ], [ -75.66969516027838, 4.553097253461607, 0.0 ], [ -75.669727971835869, 4.553141783093353, 0.0 ], [ -75.669792829541336, 4.553248271844664, 0.0 ], [ -75.669813253300461, 4.553361997206713, 0.0 ], [ -75.669807271138637, 4.553405152121396, 0.0 ], [ -75.669770170034255, 4.553468214320638, 0.0 ], [ -75.669731194603443, 4.553658135732913, 0.0 ], [ -75.669729743461872, 4.553746099815018, 0.0 ], [ -75.669765492153104, 4.553820469663751, 0.0 ], [ -75.669923740320073, 4.553911717897073, 0.0 ], [ -75.670022944029981, 4.553985580719184, 0.0 ], [ -75.669953267025321, 4.554025025181464, 0.0 ], [ -75.66990131829499, 4.554074636820525, 0.0 ], [ -75.669856962021584, 4.554147136354394, 0.0 ], [ -75.669836665513174, 4.554236158589164, 0.0 ], [ -75.669845472192364, 4.554410372526624, 0.0 ], [ -75.669911299201118, 4.554519712606096, 0.0 ], [ -75.669934067928807, 4.554608721265389, 0.0 ], [ -75.669923902707467, 4.554702827351369, 0.0 ], [ -75.669951618503418, 4.554900538926986, 0.0 ], [ -75.669990847178411, 4.555006073181651, 0.0 ], [ -75.670018674253257, 4.555117969179894, 0.0 ], [ -75.670018654109512, 4.55517646462105, 0.0 ], [ -75.67000216859482, 4.555236238124437, 0.0 ], [ -75.669971752717046, 4.555284570999432, 0.0 ], [ -75.669836185557457, 4.55539779482897, 0.0 ], [ -75.669758885908081, 4.555503367112461, 0.0 ], [ -75.66974619677535, 4.555569498329652, 0.0 ], [ -75.669762635511304, 4.555649606538147, 0.0 ], [ -75.669744894970407, 4.555672502696472, 0.0 ], [ -75.669590356567369, 4.555705616889042, 0.0 ], [ -75.669553627726714, 4.555696727259445, 0.0 ], [ -75.669410542205526, 4.555570882284594, 0.0 ], [ -75.669332030153114, 4.555520042218689, 0.0 ], [ -75.669199091726682, 4.55535349934595, 0.0 ], [ -75.669126914736367, 4.555296299137519, 0.0 ], [ -75.669082583520563, 4.555295042670252, 0.0 ], [ -75.669042042677447, 4.555320488906536, 0.0 ], [ -75.6690014880066, 4.555386628756157, 0.0 ], [ -75.668954584473099, 4.555499821415741, 0.0 ], [ -75.66892413784511, 4.555639713120662, 0.0 ], [ -75.668901317356728, 4.555700760511111, 0.0 ], [ -75.668760663944809, 4.555872481426332, 0.0 ], [ -75.668737845918258, 4.555925897639895, 0.0 ], [ -75.668663002952997, 4.556252737756322, 0.0 ], [ -75.668569375535029, 4.556456053577841, 0.0 ], [ -75.668543360273958, 4.556440385234566, 0.0 ], [ -75.668435778756418, 4.556492774786516, 0.0 ], [ -75.668320675366161, 4.556571702053084, 0.0 ], [ -75.668176965915492, 4.556649669710432, 0.0 ], [ -75.668039932966252, 4.556756700714335, 0.0 ], [ -75.667914243254614, 4.556826157477974, 0.0 ], [ -75.667679061921859, 4.556898426695921, 0.0 ], [ -75.667471873658897, 4.556912715677837, 0.0 ], [ -75.667241162369606, 4.556887758065566, 0.0 ], [ -75.666347505516725, 4.556888474885337, 0.0 ], [ -75.666178642414309, 4.557146730691795, 0.0 ], [ -75.666058035893315, 4.557304111070906, 0.0 ], [ -75.66644856447607, 4.557716216042102, 0.0 ], [ -75.666341171136338, 4.557894513521595, 0.0 ], [ -75.666278483440166, 4.55795714108916, 0.0 ], [ -75.666212165111858, 4.557997780880688, 0.0 ], [ -75.66611254817299, 4.558033146172722, 0.0 ], [ -75.666025472703012, 4.55805192325351, 0.0 ], [ -75.66597294791228, 4.558046368464926, 0.0 ], [ -75.665838231571513, 4.557994891441284, 0.0 ], [ -75.665767886311784, 4.557977904032392, 0.0 ], [ -75.665643854432403, 4.557989416728314, 0.0 ], [ -75.665561903958277, 4.558094403330793, 0.0 ], [ -75.665481592466179, 4.558231472658126, 0.0 ], [ -75.665441274737859, 4.558264260829138, 0.0 ], [ -75.665394155754825, 4.558283020594235, 0.0 ], [ -75.665275944311247, 4.558267849928968, 0.0 ], [ -75.665204275235695, 4.55822804160406, 0.0 ], [ -75.665121361861921, 4.558210175938451, 0.0 ], [ -75.665064656509259, 4.558225054871351, 0.0 ], [ -75.664964210416827, 4.558281396494648, 0.0 ], [ -75.664890594810828, 4.558308394780706, 0.0 ], [ -75.664724047055557, 4.558321236847664, 0.0 ], [ -75.66449029019347, 4.558297110750632, 0.0 ], [ -75.664449036439095, 4.558283234606351, 0.0 ], [ -75.664386250501025, 4.558240323908419, 0.0 ], [ -75.664351807812949, 4.558198408256884, 0.0 ], [ -75.664105854927243, 4.557973659450096, 0.0 ], [ -75.664049276837204, 4.557943629362779, 0.0 ], [ -75.663965778082712, 4.557930467736081, 0.0 ], [ -75.664029089429377, 4.557423289834414, 0.0 ], [ -75.664039098339117, 4.557112224884899, 0.0 ] ] ] }, { "type": "LineString", "coordinates": [ [ -75.667435589194795, 4.553073114296085, 0.0 ], [ -75.667441743089398, 4.553067224097154, 0.0 ] ] } ] } },
{ "type": "Feature", "properties": { "barrio": "CAMINOS DE CALAY", "barrio_alt": "MERCEDES DEL NORTE", "barrio_alt2": "MERCEDES DEL NORTE", "vulnerabilidad": "Muy baja", "indice": 1.3333333333299999, "val_suelo": 1.0, "val_falla": 2.0, "val_antig": 1.0, "clas_antiguedad": "Baja", "clas_falla": "Media", "clas_falla_alt": "Media", "porcentaje_limitacion_suelo": 0.0, "area_m2": 182442.19074600001, "shape_area": 13823.629434 }, "geometry": { "type": "Polygon", "coordinates": [ [ [ -75.665213110688669, 4.555714548094183, 0.0 ], [ -75.665476002539663, 4.556144047553735, 0.0 ], [ -75.665448838794717, 4.556191488712127, 0.0 ], [ -75.665393339517848, 4.556383742957724, 0.0 ], [ -75.665367562743995, 4.556442075644378, 0.0 ], [ -75.665348651785493, 4.5565216997518, 0.0 ], [ -75.665345308244326, 4.556602527252476, 0.0 ], [ -75.665279458082281, 4.556674381570668, 0.0 ], [ -75.665187190955862, 4.55682055931734, 0.0 ], [ -75.665136144038044, 4.556870587054354, 0.0 ], [ -75.665055392507682, 4.556931551189394, 0.0 ], [ -75.664832111630986, 4.557064575558636, 0.0 ], [ -75.664699384930117, 4.557109989202891, 0.0 ], [ -75.664507503784066, 4.557096808481711, 0.0 ], [ -75.664401056850664, 4.556818414640473, 0.0 ], [ -75.664025514219517, 4.556408761672098, 0.0 ], [ -75.665213110688669, 4.555714548094183, 0.0 ] ] ] } },
{ "type": "Feature", "properties": { "barrio": "TORRES DEL NORTE", "barrio_alt": "MERCEDES DEL NORTE", "barrio_alt2": "MERCEDES DEL NORTE", "vulnerabilidad": "Baja", "indice": 1.6666666666700001, "val_suelo": 1.0, "val_falla": 1.0, "val_antig": 3.0, "clas_antiguedad": "Alto", "clas_falla": "Baja", "clas_falla_alt": "Baja", "porcentaje_limitacion_suelo": 0.0, "area_m2": 182442.19074600001, "shape_area": 110517.66192699999 }, "geometry": { "type": "Polygon", "coordinates": [ [ [ -75.667094475301866, 4.553472365395499, 0.0 ], [ -75.667033355893381, 4.553469606108511, 0.0 ], [ -75.66676395970029, 4.553420705236016, 0.0 ], [ -75.666688218154235, 4.553440993185487, 0.0 ], [ -75.666607602747803, 4.553436089442847, 0.0 ], [ -75.666534167383247, 4.553445106920034, 0.0 ], [ -75.666439326486994, 4.553478482404144, 0.0 ], [ -75.666390000104414, 4.55350859349888, 0.0 ], [ -75.666329024482977, 4.553598176349637, 0.0 ], [ -75.66628716488178, 4.553805861879846, 0.0 ], [ -75.666256460460261, 4.553893093061476, 0.0 ], [ -75.666170573058082, 4.554015609333014, 0.0 ], [ -75.666098830933947, 4.554065365711114, 0.0 ], [ -75.666029585934226, 4.554072293710184, 0.0 ], [ -75.665952465794959, 4.554093531493837, 0.0 ], [ -75.66581569423164, 4.554198480769177, 0.0 ], [ -75.665638128898664, 4.554252460250093, 0.0 ], [ -75.665484103944991, 4.55434803871494, 0.0 ], [ -75.665417614809172, 4.554400970542214, 0.0 ], [ -75.665370935981755, 4.554478758416007, 0.0 ], [ -75.665356222553044, 4.554629640538683, 0.0 ], [ -75.665331770776021, 4.554679605693179, 0.0 ], [ -75.665297759677628, 4.554710513404924, 0.0 ], [ -75.665195998627667, 4.554756822739075, 0.0 ], [ -75.665126005461232, 4.554802309955106, 0.0 ], [ -75.665040649245313, 4.554884213773621, 0.0 ], [ -75.664955330245689, 4.554946633083389, 0.0 ], [ -75.664885795404885, 4.555046120105507, 0.0 ], [ -75.664862460144235, 4.555093489179386, 0.0 ], [ -75.664833295638772, 4.555232693840135, 0.0 ], [ -75.664736083527615, 4.555371816430522, 0.0 ], [ -75.664685286995123, 4.555502292157663, 0.0 ], [ -75.664656294648353, 4.555546876013139, 0.0 ], [ -75.664602399464925, 4.555599698763961, 0.0 ], [ -75.664439806605188, 4.555702386946548, 0.0 ], [ -75.664328693298017, 4.555814291853836, 0.0 ], [ -75.664274348275583, 4.555857753789664, 0.0 ], [ -75.664236382544402, 4.555875562732734, 0.0 ], [ -75.664107872986676, 4.555902624296828, 0.0 ], [ -75.664020861075144, 4.555904649378697, 0.0 ], [ -75.663940948352916, 4.555890076627399, 0.0 ], [ -75.663805484287707, 4.55584289507313, 0.0 ], [ -75.663710958229203, 4.555827127971957, 0.0 ], [ -75.663079773042099, 4.55532060389832, 0.0 ], [ -75.662291826503107, 4.556168528958341, 0.0 ], [ -75.661803730004479, 4.555483817793196, 0.0 ], [ -75.661864517521394, 4.555382557794188, 0.0 ], [ -75.661892303126265, 4.555353948743723, 0.0 ], [ -75.662039779661328, 4.55522092321559, 0.0 ], [ -75.662132611908774, 4.555166147240204, 0.0 ], [ -75.662203444293681, 4.555109181776223, 0.0 ], [ -75.662381868252879, 4.554940890600254, 0.0 ], [ -75.662444897898311, 4.554902521741376, 0.0 ], [ -75.662526226555372, 4.554812749538509, 0.0 ], [ -75.662624510730978, 4.55473344324067, 0.0 ], [ -75.662708938093829, 4.554643825000884, 0.0 ], [ -75.662812357346994, 4.554581414724374, 0.0 ], [ -75.663039735516477, 4.554557991152657, 0.0 ], [ -75.663267158818499, 4.554458488513037, 0.0 ], [ -75.663345271022891, 4.554395861009858, 0.0 ], [ -75.663451762535175, 4.554269908892938, 0.0 ], [ -75.663618806192702, 4.554157271584532, 0.0 ], [ -75.663759452510334, 4.554036999664547, 0.0 ], [ -75.663836798449665, 4.553944649371304, 0.0 ], [ -75.663876179854526, 4.553858920152068, 0.0 ], [ -75.663887847683483, 4.553770178267604, 0.0 ], [ -75.66388266164833, 4.553523100505938, 0.0 ], [ -75.663903296007447, 4.553336191040375, 0.0 ], [ -75.663873594033333, 4.553192888545445, 0.0 ], [ -75.663869486327243, 4.553128368963264, 0.0 ], [ -75.663890245446538, 4.552995170390248, 0.0 ], [ -75.6639080037599, 4.552953535703736, 0.0 ], [ -75.664022071790356, 4.552836212010919, 0.0 ], [ -75.664046902414512, 4.552796865518061, 0.0 ], [ -75.664108833865143, 4.552643776836748, 0.0 ], [ -75.664161773592511, 4.552555578132019, 0.0 ], [ -75.664219533810055, 4.552492299261236, 0.0 ], [ -75.664297365664893, 4.552447807478538, 0.0 ], [ -75.66439854077403, 4.552411709285426, 0.0 ], [ -75.664491065619416, 4.552398648856506, 0.0 ], [ -75.664576942530118, 4.552399961454225, 0.0 ], [ -75.664667603763704, 4.552380877809718, 0.0 ], [ -75.66479681535634, 4.552383909285971, 0.0 ], [ -75.665005155497141, 4.552344275735491, 0.0 ], [ -75.66505289630571, 4.552309741620738, 0.0 ], [ -75.665141621586983, 4.552182287820548, 0.0 ], [ -75.66517883000806, 4.552146270313678, 0.0 ], [ -75.665405433359552, 4.552020644127622, 0.0 ], [ -75.665643275006545, 4.552040297111394, 0.0 ], [ -75.665618497471684, 4.552244250639683, 0.0 ], [ -75.665591003150269, 4.552368279723462, 0.0 ], [ -75.665556645763715, 4.552496445940033, 0.0 ], [ -75.665506568614546, 4.55261161488432, 0.0 ], [ -75.665915500582528, 4.552859521936287, 0.0 ], [ -75.66602614039067, 4.552653215826436, 0.0 ], [ -75.666289167451438, 4.552626155264205, 0.0 ], [ -75.666404910261591, 4.55263275951347, 0.0 ], [ -75.666514796442883, 4.552618839752697, 0.0 ], [ -75.666643575687033, 4.552617529356062, 0.0 ], [ -75.666785544612196, 4.552588766978034, 0.0 ], [ -75.666877061959042, 4.552547558406813, 0.0 ], [ -75.666908692781618, 4.552634274384928, 0.0 ], [ -75.66695294562922, 4.552673946771707, 0.0 ], [ -75.666994974004652, 4.552685941417481, 0.0 ], [ -75.66710489663555, 4.552695131963289, 0.0 ], [ -75.667252441227916, 4.552746591508171, 0.0 ], [ -75.667357894721292, 4.552813038346105, 0.0 ], [ -75.667481628301047, 4.552913739103143, 0.0 ], [ -75.667571883305527, 4.552942648705501, 0.0 ], [ -75.667435589194795, 4.553073114296085, 0.0 ], [ -75.667374765618931, 4.553219057579811, 0.0 ], [ -75.66729731245924, 4.55329557009031, 0.0 ], [ -75.667221984502774, 4.553348131545749, 0.0 ], [ -75.667139899822971, 4.553445420310998, 0.0 ], [ -75.667094475301866, 4.553472365395499, 0.0 ] ] ] } },
{ "type": "Feature", "properties": { "barrio": "BLOQUES LA ABADIA", "barrio_alt": "TORRES DEL NORTE", "barrio_alt2": "TORRES DEL NORTE", "vulnerabilidad": "Muy baja", "indice": 1.0, "val_suelo": 1.0, "val_falla": 1.0, "val_antig": 1.0, "clas_antiguedad": null, "clas_falla": "Baja", "clas_falla_alt": "Baja", "porcentaje_limitacion_suelo": 0.0, "area_m2": 110456.012936, "shape_area": 15686.176143799999 }, "geometry": { "type": "Polygon", "coordinates": [ [ [ -75.665940255206465, 4.551750624453486, 0.0 ], [ -75.666026339454717, 4.551698687771632, 0.0 ], [ -75.66608244138763, 4.551651699008161, 0.0 ], [ -75.666119226309192, 4.551635499211516, 0.0 ], [ -75.666174335475432, 4.551647720274405, 0.0 ], [ -75.666226850421808, 4.551685231250071, 0.0 ], [ -75.666303609675495, 4.551689600686949, 0.0 ], [ -75.666411397469503, 4.551652172338843, 0.0 ], [ -75.666581593167422, 4.551552297663283, 0.0 ], [ -75.666659433069483, 4.551524765037978, 0.0 ], [ -75.666727363366633, 4.551523942610865, 0.0 ], [ -75.666802941557066, 4.551573817823256, 0.0 ], [ -75.666852510684009, 4.551638256300853, 0.0 ], [ -75.666930863479294, 4.551698362408322, 0.0 ], [ -75.666990531367503, 4.551800401304207, 0.0 ], [ -75.667001189274401, 4.551835478239565, 0.0 ], [ -75.666992323188765, 4.55188329170383, 0.0 ], [ -75.666966133588431, 4.551920014217364, 0.0 ], [ -75.666931509916864, 4.551946480700299, 0.0 ], [ -75.666857813195662, 4.552046401613912, 0.0 ], [ -75.66679311598034, 4.552165787954253, 0.0 ], [ -75.666787160818643, 4.55226206462263, 0.0 ], [ -75.666839097194114, 4.552425195254236, 0.0 ], [ -75.666846962301847, 4.552487643082484, 0.0 ], [ -75.666877377201544, 4.552548273254222, 0.0 ], [ -75.666785544612196, 4.552588766978034, 0.0 ], [ -75.666643575687033, 4.552617529356062, 0.0 ], [ -75.666514796442883, 4.552618839752697, 0.0 ], [ -75.666404910261591, 4.55263275951347, 0.0 ], [ -75.666289167451438, 4.552626155264205, 0.0 ], [ -75.66602614039067, 4.552653215826436, 0.0 ], [ -75.665915500582528, 4.552859521936287, 0.0 ], [ -75.665506568614546, 4.55261161488432, 0.0 ], [ -75.665556645763715, 4.552496445940033, 0.0 ], [ -75.665618497471684, 4.552244250639683, 0.0 ], [ -75.665650169192247, 4.551947968540832, 0.0 ], [ -75.665641998410749, 4.551763317787095, 0.0 ], [ -75.665940255206465, 4.551750624453486, 0.0 ] ] ] } },
{ "type": "Feature", "properties": { "barrio": "BLOQUES PALMAS DE SORRENTO", "barrio_alt": "LOS PROFESIONALES", "barrio_alt2": "LOS PROFESIONALES", "vulnerabilidad": "Muy baja", "indice": 1.3333333333299999, "val_suelo": 1.0, "val_falla": 1.0, "val_antig": 2.0, "clas_antiguedad": "Media", "clas_falla": "Baja", "clas_falla_alt": "Baja", "porcentaje_limitacion_suelo": 0.0, "area_m2": 96304.565923899994, "shape_area": 20032.170678400002 }, "geometry": { "type": "Polygon", "coordinates": [ [ [ -75.665911642792381, 4.548193602853886, 0.0 ], [ -75.665776342906668, 4.548130068505324, 0.0 ], [ -75.665728386300785, 4.548100254808696, 0.0 ], [ -75.665653376100195, 4.548078518789366, 0.0 ], [ -75.665589527095435, 4.548073714287161, 0.0 ], [ -75.665469209156043, 4.548092029744484, 0.0 ], [ -75.665374899637669, 4.548083861042063, 0.0 ], [ -75.665338503050862, 4.548071885044076, 0.0 ], [ -75.665217086223862, 4.547983231253241, 0.0 ], [ -75.664984704571822, 4.547756158646731, 0.0 ], [ -75.664934567621444, 4.547735833851762, 0.0 ], [ -75.664875687738629, 4.547743233799769, 0.0 ], [ -75.665253585725793, 4.547200925883112, 0.0 ], [ -75.665632066322885, 4.547094913091296, 0.0 ], [ -75.665861573662269, 4.547213184054866, 0.0 ], [ -75.66592669917263, 4.54725987811351, 0.0 ], [ -75.666342228786633, 4.547658379891955, 0.0 ], [ -75.667282119748833, 4.547704784406837, 0.0 ], [ -75.667421027771212, 4.548070125129517, 0.0 ], [ -75.666535614043156, 4.548280081201885, 0.0 ], [ -75.666385987811182, 4.548307730496917, 0.0 ], [ -75.666079799949955, 4.548253022161369, 0.0 ], [ -75.665911642792381, 4.548193602853886, 0.0 ] ] ] } },
{ "type": "Feature", "properties": { "barrio": "BLOQUES BULEVAR DEL COLISEO", "barrio_alt": "LOS PROFESIONALES", "barrio_alt2": "LOS PROFESIONALES", "vulnerabilidad": "Baja", "indice": 1.6666666666700001, "val_suelo": 1.0, "val_falla": 1.0, "val_antig": 3.0, "clas_antiguedad": "Alto", "clas_falla": "Baja", "clas_falla_alt": "Baja", "porcentaje_limitacion_suelo": 0.0, "area_m2": 96304.565923899994, "shape_area": 19606.202430199999 }, "geometry": { "type": "Polygon", "coordinates": [ [ [ -75.664764233599854, 4.546896707167499, 0.0 ], [ -75.665446984490998, 4.546650394576995, 0.0 ], [ -75.665647725023703, 4.546615921426253, 0.0 ], [ -75.665976710639384, 4.546657102512243, 0.0 ], [ -75.666954958336461, 4.546893258035683, 0.0 ], [ -75.667282119748833, 4.547704784406837, 0.0 ], [ -75.666342228786633, 4.547658379891955, 0.0 ], [ -75.66592669917263, 4.54725987811351, 0.0 ], [ -75.665861573662269, 4.547213184054866, 0.0 ], [ -75.665632066322885, 4.547094913091296, 0.0 ], [ -75.665253585725793, 4.547200925883112, 0.0 ], [ -75.664875687738629, 4.547743233799769, 0.0 ], [ -75.664887992047767, 4.547524968102703, 0.0 ], [ -75.664821756643875, 4.547464804776405, 0.0 ], [ -75.664866033977717, 4.547160697371735, 0.0 ], [ -75.664764233599854, 4.546896707167499, 0.0 ] ] ] } },
{ "type": "Feature", "properties": { "barrio": "URBANIZACION LA ESTANCIA", "barrio_alt": "URBANIZACION LA ALQUERIA", "barrio_alt2": "URBANIZACION LA ALQUERIA", "vulnerabilidad": "Baja", "indice": 1.6666666666700001, "val_suelo": 1.0, "val_falla": 1.0, "val_antig": 3.0, "clas_antiguedad": "Alto", "clas_falla": "Baja", "clas_falla_alt": "Baja", "porcentaje_limitacion_suelo": 0.0, "area_m2": 23219.931617400001, "shape_area": 23200.0066405 }, "geometry": { "type": "Polygon", "coordinates": [ [ [ -75.659408688996223, 4.543391823062165, 0.0 ], [ -75.65860801973858, 4.543232737496378, 0.0 ], [ -75.658478937235998, 4.543178120942148, 0.0 ], [ -75.65912324559207, 4.542062189592387, 0.0 ], [ -75.659263855085641, 4.542146427839718, 0.0 ], [ -75.659373926086133, 4.542265702903956, 0.0 ], [ -75.65945023442454, 4.542287569958406, 0.0 ], [ -75.659538559082989, 4.542240474673284, 0.0 ], [ -75.659633419857371, 4.542210890545322, 0.0 ], [ -75.65981112818136, 4.542209738124298, 0.0 ], [ -75.659939788997093, 4.542170292369352, 0.0 ], [ -75.660033563250323, 4.542128667328857, 0.0 ], [ -75.660387895442028, 4.542451251738272, 0.0 ], [ -75.660353749494107, 4.542499208402448, 0.0 ], [ -75.660345063630302, 4.542554112818954, 0.0 ], [ -75.660353620640734, 4.542655934295015, 0.0 ], [ -75.660418934310215, 4.542813312607278, 0.0 ], [ -75.660566037014789, 4.543110353690658, 0.0 ], [ -75.660323343600226, 4.543235364037428, 0.0 ], [ -75.660094657563775, 4.543336945250572, 0.0 ], [ -75.65984887634994, 4.54339949046325, 0.0 ], [ -75.659718214892621, 4.54341202511502, 0.0 ], [ -75.65958289206587, 4.543410506957567, 0.0 ], [ -75.659408688996223, 4.543391823062165, 0.0 ] ] ] } },
{ "type": "Feature", "properties": { "barrio": "URBANIZACION LA AURORA", "barrio_alt": null, "barrio_alt2": null, "vulnerabilidad": "Alta", "indice": 2.3333333333300001, "val_suelo": 3.0, "val_falla": 1.0, "val_antig": 3.0, "clas_antiguedad": "Alto", "clas_falla": null, "clas_falla_alt": null, "porcentaje_limitacion_suelo": 1.3888888888799999, "area_m2": 22791.169311000001, "shape_area": 33431.178398999997 }, "geometry": { "type": "Polygon", "coordinates": [ [ [ -75.655678469886155, 4.564230230558893, 0.0 ], [ -75.654644056051438, 4.564999364309289, 0.0 ], [ -75.653418068680807, 4.563856360884618, 0.0 ], [ -75.65338677790902, 4.56365305244769, 0.0 ], [ -75.653398790954981, 4.563533232079422, 0.0 ], [ -75.653420595770569, 4.563484442734369, 0.0 ], [ -75.653509602733052, 4.563374690899025, 0.0 ], [ -75.653556607850845, 4.563280044213346, 0.0 ], [ -75.653594574565034, 4.563245347403296, 0.0 ], [ -75.653696932057414, 4.563206682123325, 0.0 ], [ -75.653749180615122, 4.563096387362426, 0.0 ], [ -75.653782002436785, 4.56306837530874, 0.0 ], [ -75.653821671164195, 4.563054085225234, 0.0 ], [ -75.65387501591303, 4.563055777330035, 0.0 ], [ -75.653988146371518, 4.56309725332873, 0.0 ], [ -75.654253022585493, 4.563162168052311, 0.0 ], [ -75.654382407455955, 4.5631480431185, 0.0 ], [ -75.654444798881286, 4.563112651062673, 0.0 ], [ -75.654496090860675, 4.563052203989629, 0.0 ], [ -75.654533519453764, 4.562904704635889, 0.0 ], [ -75.654568000481888, 4.562838151318517, 0.0 ], [ -75.654597894522894, 4.562802116517249, 0.0 ], [ -75.655589525017447, 4.564072118138983, 0.0 ], [ -75.655678469886155, 4.564230230558893, 0.0 ] ] ] } },
{ "type": "Feature", "properties": { "barrio": null, "barrio_alt": null, "barrio_alt2": null, "vulnerabilidad": "Baja", "indice": 1.6666666666700001, "val_suelo": 1.0, "val_falla": 1.0, "val_antig": 3.0, "clas_antiguedad": "Alto", "clas_falla": null, "clas_falla_alt": null, "porcentaje_limitacion_suelo": 1.3888888888799999, "area_m2": 9856.8626698400003, "shape_area": 9862.4131175300008 }, "geometry": { "type": "Polygon", "coordinates": [ [ [ -75.668084477698628, 4.540991296154377, 0.0 ], [ -75.66750278131434, 4.540371277151202, 0.0 ], [ -75.667088148492297, 4.540016538040168, 0.0 ], [ -75.667483406232336, 4.539564265844127, 0.0 ], [ -75.668492928827689, 4.540594631325734, 0.0 ], [ -75.668084477698628, 4.540991296154377, 0.0 ] ] ] } },
{ "type": "Feature", "properties": { "barrio": "GALAN", "barrio_alt": "LAS PALMAS", "barrio_alt2": "LAS PALMAS", "vulnerabilidad": "Baja", "indice": 1.6666666666700001, "val_suelo": 1.0, "val_falla": 1.0, "val_antig": 3.0, "clas_antiguedad": "Alto", "clas_falla": null, "clas_falla_alt": null, "porcentaje_limitacion_suelo": 0.0, "area_m2": 79874.899564399995, "shape_area": 71226.153847099995 }, "geometry": { "type": "Polygon", "coordinates": [ [ [ -75.669007654842176, 4.54115756598457, 0.0 ], [ -75.666744529954542, 4.543290681998205, 0.0 ], [ -75.666607363084452, 4.543321804116918, 0.0 ], [ -75.665739470428818, 4.543157993068014, 0.0 ], [ -75.666114388078896, 4.542809869318379, 0.0 ], [ -75.665325645760191, 4.541944372230003, 0.0 ], [ -75.666196690823043, 4.541137743157653, 0.0 ], [ -75.666624786167063, 4.540917315392019, 0.0 ], [ -75.667088148492297, 4.540016538040168, 0.0 ], [ -75.66750278131434, 4.540371277151202, 0.0 ], [ -75.668084477698628, 4.540991296154377, 0.0 ], [ -75.668492928827689, 4.540594631325734, 0.0 ], [ -75.669007654842176, 4.54115756598457, 0.0 ] ] ] } },
{ "type": "Feature", "properties": { "barrio": "FUNDADORES", "barrio_alt": "LAS PALMAS", "barrio_alt2": "LAS PALMAS", "vulnerabilidad": "Baja", "indice": 1.6666666666700001, "val_suelo": 1.0, "val_falla": 1.0, "val_antig": 3.0, "clas_antiguedad": "Alto", "clas_falla": null, "clas_falla_alt": null, "porcentaje_limitacion_suelo": 0.0, "area_m2": 79874.899564399995, "shape_area": 151251.973918 }, "geometry": { "type": "GeometryCollection", "geometries": [ { "type": "Polygon", "coordinates": [ [ [ -75.663233577174211, 4.542288344081138, 0.0 ], [ -75.663378065367652, 4.542074265314461, 0.0 ], [ -75.663584448975087, 4.541846356994679, 0.0 ], [ -75.664103498427679, 4.542270799951663, 0.0 ], [ -75.664400328874365, 4.542527816959359, 0.0 ], [ -75.664496587745077, 4.542576115828844, 0.0 ], [ -75.664561918462624, 4.542572642147964, 0.0 ], [ -75.664641017387737, 4.542527738534512, 0.0 ], [ -75.665325645760191, 4.541944372230003, 0.0 ], [ -75.666114388078896, 4.542809869318379, 0.0 ], [ -75.665739470428818, 4.543157993068014, 0.0 ], [ -75.666607363084452, 4.543321804116918, 0.0 ], [ -75.666735557481502, 4.543292717717159, 0.0 ], [ -75.666144863008284, 4.543826743808152, 0.0 ], [ -75.666151449706248, 4.543829294193375, 0.0 ], [ -75.665973210218993, 4.543873289390246, 0.0 ], [ -75.665801881604452, 4.543884515624002, 0.0 ], [ -75.665608271119382, 4.543985103230824, 0.0 ], [ -75.66557042046918, 4.544058834067335, 0.0 ], [ -75.665339038170785, 4.544009764519221, 0.0 ], [ -75.665263398912074, 4.543978515264905, 0.0 ], [ -75.665078755919041, 4.543886986863144, 0.0 ], [ -75.664760659690018, 4.543661469123395, 0.0 ], [ -75.664023864966239, 4.54457536869655, 0.0 ], [ -75.663897620752067, 4.544782093504669, 0.0 ], [ -75.662745075931738, 4.544764598654303, 0.0 ], [ -75.662699714270516, 4.544986020073488, 0.0 ], [ -75.66260069150286, 4.545283988269485, 0.0 ], [ -75.662056178103754, 4.546610690299702, 0.0 ], [ -75.661803972752224, 4.547180633929417, 0.0 ], [ -75.661711488439195, 4.547144534924218, 0.0 ], [ -75.66168102564572, 4.546707099628701, 0.0 ], [ -75.66132305850158, 4.546650465536471, 0.0 ], [ -75.660984144037002, 4.545997953047041, 0.0 ], [ -75.661130194071319, 4.545917509939964, 0.0 ], [ -75.66124328414908, 4.545799245018168, 0.0 ], [ -75.661297496315797, 4.545678633837983, 0.0 ], [ -75.66129961474283, 4.545532980049795, 0.0 ], [ -75.661265418346815, 4.545361021994986, 0.0 ], [ -75.66100528886345, 4.544728260160218, 0.0 ], [ -75.660580643072507, 4.544329429141698, 0.0 ], [ -75.661108432933247, 4.543675777237182, 0.0 ], [ -75.661423383798422, 4.544281005778682, 0.0 ], [ -75.661807207903195, 4.543868156679993, 0.0 ], [ -75.66198569393022, 4.542877557694421, 0.0 ], [ -75.66155414642337, 4.54262318329299, 0.0 ], [ -75.662388135279272, 4.542219825517844, 0.0 ], [ -75.662638737413772, 4.542278181604373, 0.0 ], [ -75.663092521567961, 4.542519683241404, 0.0 ], [ -75.663233577174211, 4.542288344081138, 0.0 ] ] ] }, { "type": "MultiLineString", "coordinates": [ [ [ -75.663091246856879, 4.542523373826353, 0.0 ], [ -75.663092521567961, 4.542519683241404, 0.0 ] ], [ [ -75.662745075931738, 4.544764598654303, 0.0 ], [ -75.662745808222297, 4.544755241584703, 0.0 ] ] ] } ] } },
{ "type": "Feature", "properties": { "barrio": "SECTOR BAVARIA", "barrio_alt": "GALAN", "barrio_alt2": "GALAN", "vulnerabilidad": "Baja", "indice": 1.6666666666700001, "val_suelo": 1.0, "val_falla": 1.0, "val_antig": 3.0, "clas_antiguedad": "Alto", "clas_falla": "Baja", "clas_falla_alt": "Baja", "porcentaje_limitacion_suelo": 0.0, "area_m2": 71186.13509, "shape_area": 106161.976171 }, "geometry": { "type": "Polygon", "coordinates": [ [ [ -75.664103498427679, 4.542270799951663, 0.0 ], [ -75.663584448975087, 4.541846356994679, 0.0 ], [ -75.663378065367652, 4.542074265314461, 0.0 ], [ -75.663233577174211, 4.542288344081138, 0.0 ], [ -75.663092521567961, 4.542519683241404, 0.0 ], [ -75.662638737413772, 4.542278181604373, 0.0 ], [ -75.662655970248494, 4.542164255419135, 0.0 ], [ -75.662652773600144, 4.541477281641281, 0.0 ], [ -75.662673455456996, 4.541332285368816, 0.0 ], [ -75.662769808050598, 4.541111317524713, 0.0 ], [ -75.662907394971853, 4.540966282538852, 0.0 ], [ -75.663082794742849, 4.540845400950781, 0.0 ], [ -75.663354453913698, 4.540772817656923, 0.0 ], [ -75.663784319318367, 4.540582810045384, 0.0 ], [ -75.663890929817001, 4.54052408845772, 0.0 ], [ -75.663966601218647, 4.540448116866505, 0.0 ], [ -75.664334710780864, 4.539871490208728, 0.0 ], [ -75.664489528917443, 4.539612529214565, 0.0 ], [ -75.664634006174808, 4.539426066285543, 0.0 ], [ -75.66475438466577, 4.539325914818273, 0.0 ], [ -75.664941821894061, 4.539214079951208, 0.0 ], [ -75.665104460469266, 4.539146608735955, 0.0 ], [ -75.665187809149174, 4.539093783551941, 0.0 ], [ -75.665308405916292, 4.538948348537244, 0.0 ], [ -75.665604606776853, 4.538673704696333, 0.0 ], [ -75.666014253391964, 4.539388742962627, 0.0 ], [ -75.666115271742328, 4.539287111610626, 0.0 ], [ -75.666419361205669, 4.539594048894499, 0.0 ], [ -75.6664944010585, 4.539628558727136, 0.0 ], [ -75.666963428113803, 4.540093107108889, 0.0 ], [ -75.667091052776641, 4.540035870603799, 0.0 ], [ -75.666624786167063, 4.540917315392019, 0.0 ], [ -75.666196690823043, 4.541137743157653, 0.0 ], [ -75.665325645760191, 4.541944372230003, 0.0 ], [ -75.664641017387737, 4.542527738534512, 0.0 ], [ -75.664561918462624, 4.542572642147964, 0.0 ], [ -75.664496587745077, 4.542576115828844, 0.0 ], [ -75.664400328874365, 4.542527816959359, 0.0 ], [ -75.664103498427679, 4.542270799951663, 0.0 ] ] ] } },
{ "type": "Feature", "properties": { "barrio": "CIUDADELA QUIMBAYA", "barrio_alt": "SALVADOR ALLENDE", "barrio_alt2": "SALVADOR ALLENDE", "vulnerabilidad": "Muy baja", "indice": 1.0, "val_suelo": 1.0, "val_falla": 1.0, "val_antig": 1.0, "clas_antiguedad": "Baja", "clas_falla": null, "clas_falla_alt": null, "porcentaje_limitacion_suelo": 2.2222222222300001, "area_m2": 57030.792000300004, "shape_area": 7393.275571 }, "geometry": { "type": "Polygon", "coordinates": [ [ [ -75.644255957156133, 4.577026373408036, 0.0 ], [ -75.643125254246868, 4.576840030488394, 0.0 ], [ -75.643155762859422, 4.576746322963221, 0.0 ], [ -75.64323896285336, 4.576700489620607, 0.0 ], [ -75.643394673813731, 4.576533408950199, 0.0 ], [ -75.643515390087401, 4.576324981248228, 0.0 ], [ -75.644256242401241, 4.576271403119913, 0.0 ], [ -75.644255957156133, 4.577026373408036, 0.0 ] ] ] } },
{ "type": "Feature", "properties": { "barrio": "BOSQUES DE GIBRALTAR", "barrio_alt": "BOSQUES DE GIBRALTAR", "barrio_alt2": "BOSQUES DE GIBRALTAR", "vulnerabilidad": "Muy baja", "indice": 1.0, "val_suelo": 1.0, "val_falla": 1.0, "val_antig": 1.0, "clas_antiguedad": null, "clas_falla": null, "clas_falla_alt": null, "porcentaje_limitacion_suelo": 0.0, "area_m2": 57569.257003, "shape_area": 57606.0560606 }, "geometry": { "type": "Polygon", "coordinates": [ [ [ -75.712307028716367, 4.524170723610792, 0.0 ], [ -75.71262727509567, 4.524262867132662, 0.0 ], [ -75.712681670668857, 4.524265631937652, 0.0 ], [ -75.712786902687213, 4.524237305451959, 0.0 ], [ -75.712848215998164, 4.524195658301434, 0.0 ], [ -75.712915975679564, 4.524098410006652, 0.0 ], [ -75.712928243992224, 4.524065041496426, 0.0 ], [ -75.712943414981041, 4.523888062591883, 0.0 ], [ -75.712983464596576, 4.523823975858812, 0.0 ], [ -75.713054173163613, 4.523763151579588, 0.0 ], [ -75.713277536507277, 4.523683225718612, 0.0 ], [ -75.713498235418271, 4.523645938354846, 0.0 ], [ -75.713630027316526, 4.523648644193776, 0.0 ], [ -75.713701325617066, 4.523670710717322, 0.0 ], [ -75.713771669466297, 4.523705947074696, 0.0 ], [ -75.713863127563982, 4.523697882629171, 0.0 ], [ -75.713935124550886, 4.523657229572901, 0.0 ], [ -75.714049413208159, 4.52350535440969, 0.0 ], [ -75.714121192936659, 4.52344048778663, 0.0 ], [ -75.714222315595109, 4.523400194632878, 0.0 ], [ -75.714389476727334, 4.523398684151428, 0.0 ], [ -75.714465882729499, 4.523421988935874, 0.0 ], [ -75.714553504425524, 4.523432856501097, 0.0 ], [ -75.714643944489467, 4.523422855760019, 0.0 ], [ -75.714760968467132, 4.523385502436992, 0.0 ], [ -75.714935400040758, 4.523389797328423, 0.0 ], [ -75.71514578862967, 4.523441460209743, 0.0 ], [ -75.715320189139604, 4.523531205533176, 0.0 ], [ -75.715388972872262, 4.523546660213731, 0.0 ], [ -75.715453791370905, 4.523532192928729, 0.0 ], [ -75.71550705952761, 4.523501038179977, 0.0 ], [ -75.715668180544085, 4.523267057047377, 0.0 ], [ -75.715689449206266, 4.523249752785044, 0.0 ], [ -75.715741016465046, 4.523256506635858, 0.0 ], [ -75.715986715937746, 4.523376757154757, 0.0 ], [ -75.716130427952891, 4.52341084898571, 0.0 ], [ -75.716197535939372, 4.52341006633666, 0.0 ], [ -75.716427711762137, 4.523368717001839, 0.0 ], [ -75.716563574757231, 4.523358071754584, 0.0 ], [ -75.716514463272631, 4.523434940183253, 0.0 ], [ -75.716468771792279, 4.523626212002241, 0.0 ], [ -75.716512142890309, 4.523807719447191, 0.0 ], [ -75.71655358738002, 4.523875266286609, 0.0 ], [ -75.716586935073209, 4.523963517696497, 0.0 ], [ -75.716606545556104, 4.524084685651713, 0.0 ], [ -75.716596845656468, 4.52413133184781, 0.0 ], [ -75.716544372024131, 4.52419435331507, 0.0 ], [ -75.716471563860452, 4.524221773779805, 0.0 ], [ -75.71627570858206, 4.524221947989934, 0.0 ], [ -75.716226757511365, 4.524276140162192, 0.0 ], [ -75.716208968475911, 4.52433927635281, 0.0 ], [ -75.716185241822132, 4.524383726024926, 0.0 ], [ -75.716139531868862, 4.524420280230992, 0.0 ], [ -75.716023591819763, 4.524347039331467, 0.0 ], [ -75.715896724612776, 4.524294268620518, 0.0 ], [ -75.715770294217023, 4.524311054740369, 0.0 ], [ -75.715731230715718, 4.524307809520421, 0.0 ], [ -75.715579449500297, 4.524338382286651, 0.0 ], [ -75.715512504427707, 4.524342302194432, 0.0 ], [ -75.715478062126493, 4.524320695100998, 0.0 ], [ -75.715443528017715, 4.524271320266549, 0.0 ], [ -75.715394906267221, 4.524114967887477, 0.0 ], [ -75.715310854385649, 4.523978897453212, 0.0 ], [ -75.715273447181744, 4.523948743045137, 0.0 ], [ -75.715238582001618, 4.523938623172932, 0.0 ], [ -75.7151536193429, 4.523952123740682, 0.0 ], [ -75.71508935187164, 4.523992875347012, 0.0 ], [ -75.715029193459401, 4.524045585364247, 0.0 ], [ -75.714952946243869, 4.524127737558647, 0.0 ], [ -75.714941857794173, 4.524153526776829, 0.0 ], [ -75.714933390839306, 4.524186596228629, 0.0 ], [ -75.714933252721067, 4.524279806454976, 0.0 ], [ -75.714981388231209, 4.524456284383851, 0.0 ], [ -75.714968598512812, 4.52451576584587, 0.0 ], [ -75.714935952374049, 4.524555041815439, 0.0 ], [ -75.714824389982752, 4.524635423637244, 0.0 ], [ -75.714754529747893, 4.5246992688374, 0.0 ], [ -75.71467793259454, 4.52480428703124, 0.0 ], [ -75.714611537157168, 4.52482784481287, 0.0 ], [ -75.714538428647671, 4.524807859098209, 0.0 ], [ -75.714425365784422, 4.524799887805344, 0.0 ], [ -75.714260957761937, 4.5247425594667, 0.0 ], [ -75.71411935077542, 4.524654385959365, 0.0 ], [ -75.71401219798679, 4.524656997552538, 0.0 ], [ -75.713940315922784, 4.524670487822616, 0.0 ], [ -75.7138680837257, 4.524697111309261, 0.0 ], [ -75.713811356331988, 4.524734824173891, 0.0 ], [ -75.713758324893064, 4.524807079634233, 0.0 ], [ -75.713731850950253, 4.524874848185714, 0.0 ], [ -75.713685990184743, 4.525106940523811, 0.0 ], [ -75.713616466136955, 4.525235430576395, 0.0 ], [ -75.713551921381324, 4.525320531204295, 0.0 ], [ -75.713532571229095, 4.525328374848092, 0.0 ], [ -75.713464724943066, 4.525331037793577, 0.0 ], [ -75.713424391081503, 4.525320276632503, 0.0 ], [ -75.713328350294418, 4.525229947640767, 0.0 ], [ -75.713307888246746, 4.525176789817991, 0.0 ], [ -75.713315432403277, 4.525090172781641, 0.0 ], [ -75.713303753848493, 4.525023601475207, 0.0 ], [ -75.713281543832807, 4.524975174657356, 0.0 ], [ -75.713243992040816, 4.524928711997199, 0.0 ], [ -75.713184593987151, 4.524886482598036, 0.0 ], [ -75.713062662824413, 4.524828808336213, 0.0 ], [ -75.712967202878403, 4.524806834260837, 0.0 ], [ -75.712923843123974, 4.52480645632112, 0.0 ], [ -75.712882257972552, 4.524819375405492, 0.0 ], [ -75.712832611683666, 4.524850276025324, 0.0 ], [ -75.71275394148239, 4.524940823044183, 0.0 ], [ -75.712720655943968, 4.524993015444227, 0.0 ], [ -75.7126746439952, 4.525101423795324, 0.0 ], [ -75.712634039979406, 4.525265776666002, 0.0 ], [ -75.712580739047112, 4.525346987547913, 0.0 ], [ -75.712495598235975, 4.525414577546978, 0.0 ], [ -75.712376168995576, 4.525462957188731, 0.0 ], [ -75.712215919382672, 4.525489206534561, 0.0 ], [ -75.71213117863519, 4.525514515387006, 0.0 ], [ -75.712104109167953, 4.524542183530942, 0.0 ], [ -75.712294145764673, 4.524509800879804, 0.0 ], [ -75.712307028716367, 4.524170723610792, 0.0 ] ] ] } },
{ "type": "Feature", "properties": { "barrio": "GIBRALTAR", "barrio_alt": "BOSQUES DE GIBRALTAR", "barrio_alt2": "BOSQUES DE GIBRALTAR", "vulnerabilidad": "Baja", "indice": 1.6666666666700001, "val_suelo": 1.0, "val_falla": 1.0, "val_antig": 3.0, "clas_antiguedad": "Alto", "clas_falla": null, "clas_falla_alt": null, "porcentaje_limitacion_suelo": 0.0, "area_m2": 57569.257003, "shape_area": 63886.215919200004 }, "geometry": { "type": "Polygon", "coordinates": [ [ [ -75.708763336947129, 4.526352346937442, 0.0 ], [ -75.708639391364187, 4.526350426527385, 0.0 ], [ -75.708566030115321, 4.52633573154127, 0.0 ], [ -75.708454054475339, 4.526261104691148, 0.0 ], [ -75.708380233378875, 4.52622740593934, 0.0 ], [ -75.708291899406206, 4.526214141137697, 0.0 ], [ -75.708232449969003, 4.526216490135712, 0.0 ], [ -75.708333288257521, 4.525790912707518, 0.0 ], [ -75.70828848075017, 4.525780630851606, 0.0 ], [ -75.708471656502439, 4.524977244862134, 0.0 ], [ -75.708490083132105, 4.524807272104733, 0.0 ], [ -75.708538328789032, 4.524861577396736, 0.0 ], [ -75.708595794680619, 4.524991770538159, 0.0 ], [ -75.708626525888775, 4.525039608884171, 0.0 ], [ -75.708709393566821, 4.525090194548925, 0.0 ], [ -75.708775627080414, 4.525095374241769, 0.0 ], [ -75.708843139472719, 4.525067539329128, 0.0 ], [ -75.708919729714481, 4.524985522535242, 0.0 ], [ -75.708960005465855, 4.524916225902898, 0.0 ], [ -75.709022744415819, 4.524742130257626, 0.0 ], [ -75.709090540388274, 4.524646691722507, 0.0 ], [ -75.709132926432346, 4.524607098185638, 0.0 ], [ -75.709213852061168, 4.524576123950135, 0.0 ], [ -75.709427227312432, 4.524531746642571, 0.0 ], [ -75.709487091094331, 4.524533073676449, 0.0 ], [ -75.709604191416688, 4.524555951705604, 0.0 ], [ -75.709746315905448, 4.524548129980418, 0.0 ], [ -75.709814188490498, 4.524522230113401, 0.0 ], [ -75.709912382211144, 4.52444726787939, 0.0 ], [ -75.709968327518624, 4.524436284005016, 0.0 ], [ -75.710050885837276, 4.524453140372606, 0.0 ], [ -75.710234957073069, 4.524452578947511, 0.0 ], [ -75.710440211664803, 4.524529380037522, 0.0 ], [ -75.710547987255424, 4.524546623670235, 0.0 ], [ -75.710651653050817, 4.524547586639648, 0.0 ], [ -75.710784974744527, 4.524507138720074, 0.0 ], [ -75.710958247140624, 4.524392427744391, 0.0 ], [ -75.711029227740099, 4.524377499206597, 0.0 ], [ -75.711126776651028, 4.524386385368469, 0.0 ], [ -75.711162019197474, 4.524371776118052, 0.0 ], [ -75.711242412627954, 4.524315022595607, 0.0 ], [ -75.711315953025945, 4.524322517034868, 0.0 ], [ -75.711398107861967, 4.5243667614245, 0.0 ], [ -75.711475522696972, 4.524394825167756, 0.0 ], [ -75.711600252585555, 4.524399006033724, 0.0 ], [ -75.712022124428927, 4.524238549139136, 0.0 ], [ -75.712144263784083, 4.524164427213284, 0.0 ], [ -75.71218831741588, 4.524159793395845, 0.0 ], [ -75.712250515397756, 4.524173548189507, 0.0 ], [ -75.712301560502354, 4.524170904130871, 0.0 ], [ -75.712294145764673, 4.524509800879804, 0.0 ], [ -75.712104109167953, 4.524542183530942, 0.0 ], [ -75.71213117863519, 4.525514515387006, 0.0 ], [ -75.712083642612271, 4.525528170962904, 0.0 ], [ -75.711968562568373, 4.525540297143235, 0.0 ], [ -75.711783034716319, 4.525589486049005, 0.0 ], [ -75.711688262422541, 4.525638280301472, 0.0 ], [ -75.711541706333719, 4.525669919530036, 0.0 ], [ -75.711397539246576, 4.52574003612691, 0.0 ], [ -75.711326291513572, 4.525817756063494, 0.0 ], [ -75.711284427742655, 4.525835477453584, 0.0 ], [ -75.711225499443074, 4.525822175060797, 0.0 ], [ -75.711147108712808, 4.525754403718046, 0.0 ], [ -75.711093821595682, 4.52558849076221, 0.0 ], [ -75.711069540016211, 4.525549571112792, 0.0 ], [ -75.710979140991682, 4.525483880626481, 0.0 ], [ -75.71095110425145, 4.525477966716817, 0.0 ], [ -75.710886564567602, 4.52548687925161, 0.0 ], [ -75.71078537821316, 4.525530572515356, 0.0 ], [ -75.710678661181134, 4.525602686615231, 0.0 ], [ -75.71060540412681, 4.525670627924711, 0.0 ], [ -75.710528202626364, 4.525774217280381, 0.0 ], [ -75.71050053895577, 4.525840457137718, 0.0 ], [ -75.710513891734962, 4.526037152093162, 0.0 ], [ -75.710495993494632, 4.526086341492675, 0.0 ], [ -75.7104702025878, 4.526119899967781, 0.0 ], [ -75.710388311801253, 4.526137705405943, 0.0 ], [ -75.710324210452725, 4.52609620935729, 0.0 ], [ -75.710153434276123, 4.526043819153004, 0.0 ], [ -75.710125099336096, 4.526015400496777, 0.0 ], [ -75.710115607605687, 4.525916727690818, 0.0 ], [ -75.710071722031387, 4.525862250780768, 0.0 ], [ -75.709993108074045, 4.525827195149825, 0.0 ], [ -75.709933882879284, 4.525825380364085, 0.0 ], [ -75.709783345686418, 4.525879278808029, 0.0 ], [ -75.709601222402895, 4.525923627005183, 0.0 ], [ -75.709536909199699, 4.525952765393589, 0.0 ], [ -75.70942015737036, 4.526038374433622, 0.0 ], [ -75.709276047718816, 4.52618821525988, 0.0 ], [ -75.709182600728781, 4.526248550649683, 0.0 ], [ -75.70901438806554, 4.526309432907254, 0.0 ], [ -75.708763336947129, 4.526352346937442, 0.0 ] ] ] } },
{ "type": "Feature", "properties": { "barrio": "OBRERO", "barrio_alt": "URIBE", "barrio_alt2": "URIBE", "vulnerabilidad": "Alta", "indice": 2.3333333333300001, "val_suelo": 1.0, "val_falla": 3.0, "val_antig": 3.0, "clas_antiguedad": "Alto", "clas_falla": "Alta", "clas_falla_alt": "Alta", "porcentaje_limitacion_suelo": 2.4844720496899999, "area_m2": 200135.453668, "shape_area": 63957.278062600002 }, "geometry": { "type": "Polygon", "coordinates": [ [ [ -75.678252029092477, 4.531974459825537, 0.0 ], [ -75.678355845384047, 4.530866351913915, 0.0 ], [ -75.678415184391639, 4.530828356856953, 0.0 ], [ -75.678388397024932, 4.530709093964187, 0.0 ], [ -75.678367381745801, 4.530514803016915, 0.0 ], [ -75.678325279044785, 4.530353222989256, 0.0 ], [ -75.678254433153668, 4.530201271023246, 0.0 ], [ -75.678225719561397, 4.530114713062527, 0.0 ], [ -75.678218105849069, 4.529956968491821, 0.0 ], [ -75.67819998116083, 4.529857017478825, 0.0 ], [ -75.678267080428171, 4.529861448986187, 0.0 ], [ -75.678455324143982, 4.529899998702434, 0.0 ], [ -75.678590468096374, 4.529882802416434, 0.0 ], [ -75.678726477442709, 4.529836409198133, 0.0 ], [ -75.678814242922485, 4.529819249348553, 0.0 ], [ -75.678972803352764, 4.529821072433169, 0.0 ], [ -75.679024837761858, 4.529804260239493, 0.0 ], [ -75.679074432022091, 4.529770640795544, 0.0 ], [ -75.679133927426932, 4.529700294526934, 0.0 ], [ -75.679146694965766, 4.52966916039554, 0.0 ], [ -75.679150034632883, 4.52959778474812, 0.0 ], [ -75.679096743908048, 4.529351946960019, 0.0 ], [ -75.679079697870478, 4.529216377749187, 0.0 ], [ -75.679080849933158, 4.529030643834777, 0.0 ], [ -75.679114939395618, 4.528932377002628, 0.0 ], [ -75.679206019310854, 4.528776337769537, 0.0 ], [ -75.67924658613866, 4.528654896835814, 0.0 ], [ -75.679217909726106, 4.528580374469793, 0.0 ], [ -75.679100079716719, 4.528465238987793, 0.0 ], [ -75.679079890719137, 4.528431953366191, 0.0 ], [ -75.679075826745617, 4.528404238402408, 0.0 ], [ -75.679087745590166, 4.528369894423835, 0.0 ], [ -75.679168636219558, 4.528246707434298, 0.0 ], [ -75.67919221299347, 4.528176398578124, 0.0 ], [ -75.679304519210262, 4.528250261008202, 0.0 ], [ -75.679423321428274, 4.528306737882019, 0.0 ], [ -75.679523709288176, 4.528375426251623, 0.0 ], [ -75.67964046698107, 4.52841928554828, 0.0 ], [ -75.679757394254537, 4.528423082890192, 0.0 ], [ -75.680142159400731, 4.528353920607714, 0.0 ], [ -75.68031807523603, 4.528384392822964, 0.0 ], [ -75.680372023219647, 4.528409986231538, 0.0 ], [ -75.68074223422461, 4.528663444393175, 0.0 ], [ -75.680793919341696, 4.52869027294338, 0.0 ], [ -75.680831370437232, 4.528634779779813, 0.0 ], [ -75.680979724617131, 4.528266389536292, 0.0 ], [ -75.681539874925249, 4.528471137295127, 0.0 ], [ -75.681418470565518, 4.528707168341316, 0.0 ], [ -75.681177406038827, 4.529108655552378, 0.0 ], [ -75.681063507865289, 4.529260217643152, 0.0 ], [ -75.680393666267932, 4.529791205914494, 0.0 ], [ -75.68008509376979, 4.530074098852792, 0.0 ], [ -75.679987334142567, 4.530206869138501, 0.0 ], [ -75.679818612833955, 4.530553198625406, 0.0 ], [ -75.679669483196847, 4.530726407075141, 0.0 ], [ -75.679450990822488, 4.530922702036526, 0.0 ], [ -75.679090662861952, 4.531272941968625, 0.0 ], [ -75.678582710262617, 4.531902172691797, 0.0 ], [ -75.678356569412699, 4.532048452168784, 0.0 ], [ -75.678252029092477, 4.531974459825537, 0.0 ] ] ] } },
{ "type": "Feature", "properties": { "barrio": null, "barrio_alt": null, "barrio_alt2": null, "vulnerabilidad": "Baja", "indice": 1.6666666666700001, "val_suelo": 3.0, "val_falla": 1.0, "val_antig": 1.0, "clas_antiguedad": "Baja", "clas_falla": null, "clas_falla_alt": null, "porcentaje_limitacion_suelo": 1.3888888888799999, "area_m2": 27917.2761556, "shape_area": 27933.977248800002 }, "geometry": { "type": "Polygon", "coordinates": [ [ [ -75.688535317948492, 4.527910910826585, 0.0 ], [ -75.68833793661004, 4.52663516739455, 0.0 ], [ -75.689724446771606, 4.526437836607055, 0.0 ], [ -75.689866923763006, 4.526661910255645, 0.0 ], [ -75.689772439745596, 4.5271811587112, 0.0 ], [ -75.689724972309349, 4.527821731455967, 0.0 ], [ -75.689726211328264, 4.528361971855, 0.0 ], [ -75.689651393875451, 4.528425906012915, 0.0 ], [ -75.689498504866336, 4.52850106791494, 0.0 ], [ -75.689404261689134, 4.528256189025082, 0.0 ], [ -75.688967407754646, 4.528449084743292, 0.0 ], [ -75.688732909323392, 4.527883459313803, 0.0 ], [ -75.688535317948492, 4.527910910826585, 0.0 ] ] ] } },
{ "type": "Feature", "properties": { "barrio": "ASENTAMIENTO PRADITO", "barrio_alt": "ASENTAMIENTO GAITAN BAJO", "barrio_alt2": "ASENTAMIENTO GAITAN BAJO", "vulnerabilidad": "Baja", "indice": 1.6666666666700001, "val_suelo": 1.0, "val_falla": 1.0, "val_antig": 3.0, "clas_antiguedad": "Alto", "clas_falla": null, "clas_falla_alt": null, "porcentaje_limitacion_suelo": 0.0, "area_m2": 16303.9651536, "shape_area": 5433.7907660499995 }, "geometry": { "type": "Polygon", "coordinates": [ [ [ -75.686559467701599, 4.529823379995381, 0.0 ], [ -75.686325107147155, 4.529732949956457, 0.0 ], [ -75.686102773879028, 4.529618378582105, 0.0 ], [ -75.685742214136084, 4.529497819991584, 0.0 ], [ -75.685785765300693, 4.529348387916743, 0.0 ], [ -75.68613779760507, 4.529495806768614, 0.0 ], [ -75.686332186536887, 4.529561825295064, 0.0 ], [ -75.686515842522752, 4.529582884675941, 0.0 ], [ -75.686638296298398, 4.529613579145077, 0.0 ], [ -75.686858703196464, 4.529693420340915, 0.0 ], [ -75.686922992417195, 4.52970569233177, 0.0 ], [ -75.687036274290762, 4.529693356520051, 0.0 ], [ -75.687128111919705, 4.529724061703827, 0.0 ], [ -75.687146489327972, 4.529699464725371, 0.0 ], [ -75.687548462023756, 4.529829341848475, 0.0 ], [ -75.687711086603684, 4.52987010597361, 0.0 ], [ -75.687840658042191, 4.529964461093566, 0.0 ], [ -75.687782180130071, 4.530150641162985, 0.0 ], [ -75.687439223168269, 4.53013429648139, 0.0 ], [ -75.687174170650806, 4.53014481939307, 0.0 ], [ -75.687262608248204, 4.529901581878157, 0.0 ], [ -75.687040260450459, 4.52983528349007, 0.0 ], [ -75.686751772131728, 4.529871587304428, 0.0 ], [ -75.686559467701599, 4.529823379995381, 0.0 ] ] ] } },
{ "type": "Feature", "properties": { "barrio": "URBANIZACION VILLA DEL CAFE", "barrio_alt": "URBANIZACION VILLA DEL CAFE", "barrio_alt2": "URBANIZACION VILLA DEL CAFE", "vulnerabilidad": "Muy baja", "indice": 1.0, "val_suelo": 1.0, "val_falla": 1.0, "val_antig": 1.0, "clas_antiguedad": "Baja", "clas_falla": null, "clas_falla_alt": null, "porcentaje_limitacion_suelo": 0.0, "area_m2": 14973.675763400001, "shape_area": 14982.6593988 }, "geometry": { "type": "Polygon", "coordinates": [ [ [ -75.68965742078511, 4.523990269161883, 0.0 ], [ -75.691134382814624, 4.524397144398503, 0.0 ], [ -75.691023062507071, 4.524562877667414, 0.0 ], [ -75.690856060250439, 4.524882400898123, 0.0 ], [ -75.690575615213689, 4.525300403547229, 0.0 ], [ -75.689882855873478, 4.52535388419178, 0.0 ], [ -75.68981421676267, 4.524540300487015, 0.0 ], [ -75.68965742078511, 4.523990269161883, 0.0 ] ] ] } },
{ "type": "Feature", "properties": { "barrio": "BRASILIA NUEVA", "barrio_alt": "URBANIZACION VILLA DEL CAFE", "barrio_alt2": "URBANIZACION VILLA DEL CAFE", "vulnerabilidad": "Muy baja", "indice": 1.3333333333299999, "val_suelo": 1.0, "val_falla": 1.0, "val_antig": 2.0, "clas_antiguedad": "Media", "clas_falla": "Baja", "clas_falla_alt": "Baja", "porcentaje_limitacion_suelo": 0.0, "area_m2": 14973.675763400001, "shape_area": 47655.641655200001 }, "geometry": { "type": "Polygon", "coordinates": [ [ [ -75.686810778404066, 4.524284133677916, 0.0 ], [ -75.686816267523881, 4.524265410343986, 0.0 ], [ -75.686985233048006, 4.52410676863743, 0.0 ], [ -75.687117997066792, 4.523962456785257, 0.0 ], [ -75.68720360682147, 4.523781818302101, 0.0 ], [ -75.687221157175813, 4.523618007485949, 0.0 ], [ -75.687268395699263, 4.523374609757403, 0.0 ], [ -75.687334245073046, 4.523249042452789, 0.0 ], [ -75.68749552674501, 4.523106922813677, 0.0 ], [ -75.687703994987643, 4.522895405879725, 0.0 ], [ -75.687883893501265, 4.522849091273936, 0.0 ], [ -75.68798686899008, 4.52327855229422, 0.0 ], [ -75.688140373226489, 4.523463513099926, 0.0 ], [ -75.688245297371736, 4.523628275350869, 0.0 ], [ -75.68854694636606, 4.523589626346259, 0.0 ], [ -75.688791494212495, 4.523762441628973, 0.0 ], [ -75.689094828087732, 4.523663385886941, 0.0 ], [ -75.688923136956547, 4.5234077297391, 0.0 ], [ -75.689086037470091, 4.523351178190723, 0.0 ], [ -75.689260770370595, 4.523342197834778, 0.0 ], [ -75.689503581748411, 4.523455103640555, 0.0 ], [ -75.689550933915285, 4.523562131145637, 0.0 ], [ -75.689577501448241, 4.523850545025199, 0.0 ], [ -75.68965742078511, 4.523990269161883, 0.0 ], [ -75.68981421676267, 4.524540300487015, 0.0 ], [ -75.689408451991255, 4.524656404615633, 0.0 ], [ -75.68927219838092, 4.524733761557159, 0.0 ], [ -75.688765726145832, 4.524903422287085, 0.0 ], [ -75.688733171068534, 4.524829097822293, 0.0 ], [ -75.68785055635739, 4.525091064775911, 0.0 ], [ -75.687812095179837, 4.524963219983137, 0.0 ], [ -75.6876995584106, 4.52495731174459, 0.0 ], [ -75.687350069429968, 4.525052581844423, 0.0 ], [ -75.686810778404066, 4.524284133677916, 0.0 ] ] ] } },
{ "type": "Feature", "properties": { "barrio": "ASENTAMIENTO PRADO BAJO", "barrio_alt": "ASENTAMIENTO PRADO BAJO", "barrio_alt2": "ASENTAMIENTO PRADO BAJO", "vulnerabilidad": "Baja", "indice": 1.6666666666700001, "val_suelo": 1.0, "val_falla": 1.0, "val_antig": 3.0, "clas_antiguedad": "Alto", "clas_falla": "Baja", "clas_falla_alt": "Baja", "porcentaje_limitacion_suelo": 0.0, "area_m2": 20835.5055288, "shape_area": 20847.897541900002 }, "geometry": { "type": "Polygon", "coordinates": [ [ [ -75.685779944484665, 4.528404716702474, 0.0 ], [ -75.685653370241553, 4.528483329505053, 0.0 ], [ -75.685602174823927, 4.528502282412952, 0.0 ], [ -75.685480938101733, 4.528499621274706, 0.0 ], [ -75.68545130788911, 4.528480696650599, 0.0 ], [ -75.684953067107955, 4.527915531298421, 0.0 ], [ -75.684904597764429, 4.527834398483333, 0.0 ], [ -75.684888455528622, 4.527764074609514, 0.0 ], [ -75.684907047097582, 4.527530341369947, 0.0 ], [ -75.685100967319187, 4.52752806054072, 0.0 ], [ -75.685150653536994, 4.527666050791375, 0.0 ], [ -75.685179582798909, 4.527699369612604, 0.0 ], [ -75.685196736891982, 4.5278661933157, 0.0 ], [ -75.685262988327466, 4.527891241528248, 0.0 ], [ -75.685291946084206, 4.527920314816961, 0.0 ], [ -75.685381186130812, 4.527949004079817, 0.0 ], [ -75.685380876798732, 4.527877130635091, 0.0 ], [ -75.685438146937784, 4.527872430122012, 0.0 ], [ -75.685448756026133, 4.528013499152265, 0.0 ], [ -75.68556228289242, 4.528053908619946, 0.0 ], [ -75.686147323618442, 4.527991193677504, 0.0 ], [ -75.686408281207363, 4.528029710637015, 0.0 ], [ -75.686509152309725, 4.52802967466048, 0.0 ], [ -75.686535038902989, 4.528193154152175, 0.0 ], [ -75.687128042587474, 4.52811553811402, 0.0 ], [ -75.687407324372103, 4.528067510769912, 0.0 ], [ -75.687420273434043, 4.528256905730418, 0.0 ], [ -75.687530854467369, 4.528263395958969, 0.0 ], [ -75.687735714073341, 4.52840373948618, 0.0 ], [ -75.687891828235905, 4.528410213964037, 0.0 ], [ -75.68791136012122, 4.528357958813392, 0.0 ], [ -75.688073992148915, 4.528325245702038, 0.0 ], [ -75.688269120189872, 4.528383954533354, 0.0 ], [ -75.688851274751215, 4.528484974507575, 0.0 ], [ -75.688625026135071, 4.528586450327913, 0.0 ], [ -75.68809770015686, 4.52876775894035, 0.0 ], [ -75.687807959978272, 4.528900536604343, 0.0 ], [ -75.687838440320789, 4.528946450957563, 0.0 ], [ -75.687406373807164, 4.529140513612369, 0.0 ], [ -75.687396216235996, 4.529115003018834, 0.0 ], [ -75.687314893172399, 4.529130340727351, 0.0 ], [ -75.687250842596086, 4.528699935070066, 0.0 ], [ -75.686664718697855, 4.528459729568239, 0.0 ], [ -75.686465735377141, 4.528401397094211, 0.0 ], [ -75.686312662103163, 4.528386082963455, 0.0 ], [ -75.686174906824675, 4.528340024839276, 0.0 ], [ -75.685779944484665, 4.528404716702474, 0.0 ] ] ] } },
{ "type": "Feature", "properties": { "barrio": "PRADO", "barrio_alt": "ASENTAMIENTO GAITAN BAJO", "barrio_alt2": "ASENTAMIENTO GAITAN BAJO", "vulnerabilidad": "Muy baja", "indice": 1.3333333333299999, "val_suelo": 1.0, "val_falla": 1.0, "val_antig": 2.0, "clas_antiguedad": "Media", "clas_falla": "Baja", "clas_falla_alt": "Baja", "porcentaje_limitacion_suelo": 0.0, "area_m2": 16303.9651536, "shape_area": 23027.035721100001 }, "geometry": { "type": "Polygon", "coordinates": [ [ [ -75.68613779760507, 4.529495806768614, 0.0 ], [ -75.685785765300693, 4.529348387916743, 0.0 ], [ -75.685530162373468, 4.529227061925028, 0.0 ], [ -75.685620558816481, 4.528979584310758, 0.0 ], [ -75.685545563392765, 4.52893811410937, 0.0 ], [ -75.685749322566124, 4.528423170954172, 0.0 ], [ -75.685779944484665, 4.528404716702474, 0.0 ], [ -75.686174906824675, 4.528340024839276, 0.0 ], [ -75.686312662103163, 4.528386082963455, 0.0 ], [ -75.686465735377141, 4.528401397094211, 0.0 ], [ -75.686664718697855, 4.528459729568239, 0.0 ], [ -75.687250842596086, 4.528699935070066, 0.0 ], [ -75.687314893172399, 4.529130340727351, 0.0 ], [ -75.687314878115899, 4.52917626548639, 0.0 ], [ -75.687225925983583, 4.529209465711681, 0.0 ], [ -75.687261458790246, 4.529347228800569, 0.0 ], [ -75.687396141833133, 4.529349731950409, 0.0 ], [ -75.687497709564227, 4.529604836060484, 0.0 ], [ -75.687449423709793, 4.529612507535758, 0.0 ], [ -75.687380757709434, 4.529778373606632, 0.0 ], [ -75.687146489327972, 4.529699464725371, 0.0 ], [ -75.687128111919705, 4.529724061703827, 0.0 ], [ -75.687036274290762, 4.529693356520051, 0.0 ], [ -75.686922992417195, 4.52970569233177, 0.0 ], [ -75.686858703196464, 4.529693420340915, 0.0 ], [ -75.686638296298398, 4.529613579145077, 0.0 ], [ -75.686515842522752, 4.529582884675941, 0.0 ], [ -75.686332186536887, 4.529561825295064, 0.0 ], [ -75.68613779760507, 4.529495806768614, 0.0 ] ] ] } },
{ "type": "Feature", "properties": { "barrio": "SANTANDER", "barrio_alt": "GAITAN", "barrio_alt2": "GAITAN", "vulnerabilidad": "Media", "indice": 2.0, "val_suelo": 1.0, "val_falla": 2.0, "val_antig": 3.0, "clas_antiguedad": "Alto", "clas_falla": "Media", "clas_falla_alt": "Media", "porcentaje_limitacion_suelo": 0.0, "area_m2": 74070.157052499999, "shape_area": 190516.411341 }, "geometry": { "type": "Polygon", "coordinates": [ [ [ -75.690575615213689, 4.525300403547229, 0.0 ], [ -75.690660925045279, 4.525361953515755, 0.0 ], [ -75.690381829476095, 4.525790247409837, 0.0 ], [ -75.689866923763006, 4.526661910255645, 0.0 ], [ -75.689772439745596, 4.5271811587112, 0.0 ], [ -75.689724972309349, 4.527821731455967, 0.0 ], [ -75.689726219112245, 4.52836383416001, 0.0 ], [ -75.689651393875451, 4.528425906012915, 0.0 ], [ -75.689498504866336, 4.52850106791494, 0.0 ], [ -75.689404261689134, 4.528256189025082, 0.0 ], [ -75.688893557251944, 4.528481693682912, 0.0 ], [ -75.688887057151078, 4.528468633610523, 0.0 ], [ -75.688851274751215, 4.528484974507575, 0.0 ], [ -75.688269120189872, 4.528383954533354, 0.0 ], [ -75.688073992148915, 4.528325245702038, 0.0 ], [ -75.68791136012122, 4.528357958813392, 0.0 ], [ -75.687891828235905, 4.528410213964037, 0.0 ], [ -75.687735714073341, 4.52840373948618, 0.0 ], [ -75.687530854467369, 4.528263395958969, 0.0 ], [ -75.687420273434043, 4.528256905730418, 0.0 ], [ -75.687407324372103, 4.528067510769912, 0.0 ], [ -75.687128042587474, 4.52811553811402, 0.0 ], [ -75.686535038902989, 4.528193154152175, 0.0 ], [ -75.686509152309725, 4.52802967466048, 0.0 ], [ -75.686408281207363, 4.528029710637015, 0.0 ], [ -75.686147323618442, 4.527991193677504, 0.0 ], [ -75.68556228289242, 4.528053908619946, 0.0 ], [ -75.685448756026133, 4.528013499152265, 0.0 ], [ -75.685438146937784, 4.527872430122012, 0.0 ], [ -75.685380876798732, 4.527877130635091, 0.0 ], [ -75.685381186130812, 4.527949004079817, 0.0 ], [ -75.685291946084206, 4.527920314816961, 0.0 ], [ -75.685262988327466, 4.527891241528248, 0.0 ], [ -75.685196736891982, 4.5278661933157, 0.0 ], [ -75.685179582798909, 4.527699369612604, 0.0 ], [ -75.685150653536994, 4.527666050791375, 0.0 ], [ -75.685100967319187, 4.52752806054072, 0.0 ], [ -75.684907047097582, 4.527530341369947, 0.0 ], [ -75.684899795489002, 4.527581192147141, 0.0 ], [ -75.684752967507833, 4.527578254301569, 0.0 ], [ -75.684459448162713, 4.527430637511567, 0.0 ], [ -75.684259943676764, 4.527409998633743, 0.0 ], [ -75.68432725017189, 4.527214272333095, 0.0 ], [ -75.683799528381087, 4.527248734475831, 0.0 ], [ -75.682490843540762, 4.52726053767385, 0.0 ], [ -75.682567110287394, 4.526766524378837, 0.0 ], [ -75.682602652366143, 4.526676093160515, 0.0 ], [ -75.682679868977985, 4.526557681505295, 0.0 ], [ -75.682949030787313, 4.52621857575498, 0.0 ], [ -75.683049766055319, 4.526293875450309, 0.0 ], [ -75.683246964909458, 4.526399276342937, 0.0 ], [ -75.683527797951129, 4.526429310623022, 0.0 ], [ -75.683773751073787, 4.526388704333287, 0.0 ], [ -75.683795199888067, 4.526358562328552, 0.0 ], [ -75.683823074111572, 4.526343485968435, 0.0 ], [ -75.683925977322829, 4.526345601819039, 0.0 ], [ -75.684047112602869, 4.526320805105823, 0.0 ], [ -75.684404156249911, 4.526024716721001, 0.0 ], [ -75.685082782140825, 4.525706989948433, 0.0 ], [ -75.685142986641637, 4.526053206091283, 0.0 ], [ -75.685361683478675, 4.52602192553434, 0.0 ], [ -75.685428467880712, 4.526029842835837, 0.0 ], [ -75.685584795424205, 4.526015348829511, 0.0 ], [ -75.685673903553635, 4.525872803727453, 0.0 ], [ -75.685738469415398, 4.525862719695276, 0.0 ], [ -75.685712483868429, 4.525758233168482, 0.0 ], [ -75.685878369277816, 4.525722253273003, 0.0 ], [ -75.685884836742247, 4.525839808891194, 0.0 ], [ -75.686141790000633, 4.525803796178866, 0.0 ], [ -75.686171011966238, 4.52595726462081, 0.0 ], [ -75.686362915205692, 4.525927806468611, 0.0 ], [ -75.686359669817946, 4.525904948821512, 0.0 ], [ -75.686532052001297, 4.525895090607764, 0.0 ], [ -75.686688178813043, 4.525862379668594, 0.0 ], [ -75.686671959729168, 4.525728499816472, 0.0 ], [ -75.686811818991799, 4.525712122185397, 0.0 ], [ -75.686867115412213, 4.52569577491959, 0.0 ], [ -75.686850898346634, 4.525555364239552, 0.0 ], [ -75.687185924144856, 4.525473606509157, 0.0 ], [ -75.687208602854554, 4.525751166068829, 0.0 ], [ -75.687979475175894, 4.525603941399077, 0.0 ], [ -75.687937902506533, 4.525285031549809, 0.0 ], [ -75.688012701601394, 4.525307862737593, 0.0 ], [ -75.688064730307715, 4.525340498878418, 0.0 ], [ -75.688116766179917, 4.525347010743776, 0.0 ], [ -75.688233859724832, 4.525327376177161, 0.0 ], [ -75.68828265397805, 4.525304499577759, 0.0 ], [ -75.688409503927261, 4.52528812667852, 0.0 ], [ -75.688468055709578, 4.525261980922016, 0.0 ], [ -75.688507095530355, 4.525229312691571, 0.0 ], [ -75.688559030093458, 4.525555843818568, 0.0 ], [ -75.688744430712816, 4.525519855898872, 0.0 ], [ -75.688907076089052, 4.525441425325523, 0.0 ], [ -75.68930063270966, 4.525398831165598, 0.0 ], [ -75.690575615213689, 4.525300403547229, 0.0 ] ] ] } },
{ "type": "Feature", "properties": { "barrio": "ASENTAMIENTO VAGUITA", "barrio_alt": "ASENTAMIENTO VAGUITA", "barrio_alt2": "ASENTAMIENTO VAGUITA", "vulnerabilidad": "Muy baja", "indice": 1.0, "val_suelo": 1.0, "val_falla": 1.0, "val_antig": 1.0, "clas_antiguedad": null, "clas_falla": null, "clas_falla_alt": null, "porcentaje_limitacion_suelo": 0.0, "area_m2": 2125.2058627500001, "shape_area": 2126.44203965 }, "geometry": { "type": "Polygon", "coordinates": [ [ [ -75.679648760796368, 4.54188306334846, 0.0 ], [ -75.679534541416999, 4.541811047312558, 0.0 ], [ -75.679364168978097, 4.541753855897143, 0.0 ], [ -75.679237534831685, 4.54165257836058, 0.0 ], [ -75.679177920791631, 4.541556926110101, 0.0 ], [ -75.679249348155707, 4.541425256393136, 0.0 ], [ -75.679982821838337, 4.541896137349339, 0.0 ], [ -75.67991523586862, 4.542121682273231, 0.0 ], [ -75.679791043513532, 4.542032506524627, 0.0 ], [ -75.679728140565032, 4.541950341521159, 0.0 ], [ -75.679648760796368, 4.54188306334846, 0.0 ] ] ] } },
{ "type": "Feature", "properties": { "barrio": "LA CRISTALINA", "barrio_alt": "LA CRISTALINA", "barrio_alt2": "LA CRISTALINA", "vulnerabilidad": "Baja", "indice": 1.6666666666700001, "val_suelo": 1.0, "val_falla": 1.0, "val_antig": 3.0, "clas_antiguedad": "Alto", "clas_falla": null, "clas_falla_alt": null, "porcentaje_limitacion_suelo": 0.0, "area_m2": 17919.130398199999, "shape_area": 17930.303873299999 }, "geometry": { "type": "Polygon", "coordinates": [ [ [ -75.704455226979093, 4.531324220921365, 0.0 ], [ -75.703710705807367, 4.53109552798689, 0.0 ], [ -75.703717930489816, 4.530433938798911, 0.0 ], [ -75.703768587040841, 4.530097024076069, 0.0 ], [ -75.703962953409402, 4.5301625731079, 0.0 ], [ -75.704056856531437, 4.530214216237923, 0.0 ], [ -75.704183617219115, 4.530301858853633, 0.0 ], [ -75.704381521506662, 4.530367247113406, 0.0 ], [ -75.704447118281735, 4.530401109820726, 0.0 ], [ -75.704634674379392, 4.530553630514964, 0.0 ], [ -75.70479979033243, 4.530722270014352, 0.0 ], [ -75.704860845189387, 4.530751302231038, 0.0 ], [ -75.704926494654245, 4.530747726792884, 0.0 ], [ -75.705075517547328, 4.530653632727555, 0.0 ], [ -75.705095011397702, 4.530611671287202, 0.0 ], [ -75.705100178615822, 4.530529323345203, 0.0 ], [ -75.705120130958107, 4.530468701827705, 0.0 ], [ -75.705155029791939, 4.53040755513705, 0.0 ], [ -75.705188596046852, 4.530373715270706, 0.0 ], [ -75.705245197767013, 4.530343330227477, 0.0 ], [ -75.705365945453678, 4.530315926895204, 0.0 ], [ -75.705450999877328, 4.530322082998213, 0.0 ], [ -75.70554120932303, 4.530386246099755, 0.0 ], [ -75.705648419110872, 4.530421290752173, 0.0 ], [ -75.705874261880879, 4.530532469820561, 0.0 ], [ -75.705693952658379, 4.530684529402624, 0.0 ], [ -75.70514557723142, 4.531099763407106, 0.0 ], [ -75.704925891197547, 4.531237033118731, 0.0 ], [ -75.704637050338931, 4.531308351248653, 0.0 ], [ -75.704455226979093, 4.531324220921365, 0.0 ] ] ] } },
{ "type": "Feature", "properties": { "barrio": "LA ALAMBRA", "barrio_alt": "LA ALAMBRA", "barrio_alt2": "LA ALAMBRA", "vulnerabilidad": "Baja", "indice": 1.6666666666700001, "val_suelo": 1.0, "val_falla": 1.0, "val_antig": 3.0, "clas_antiguedad": "Alto", "clas_falla": null, "clas_falla_alt": null, "porcentaje_limitacion_suelo": 0.0, "area_m2": 18930.3284021, "shape_area": 18941.884564 }, "geometry": { "type": "Polygon", "coordinates": [ [ [ -75.695964044714572, 4.530979976173875, 0.0 ], [ -75.697347629984108, 4.531299431483617, 0.0 ], [ -75.697307873517644, 4.531982476405887, 0.0 ], [ -75.697224250904213, 4.531947709335909, 0.0 ], [ -75.697142584256326, 4.531958421721485, 0.0 ], [ -75.697093270109292, 4.531993572400315, 0.0 ], [ -75.697023506141434, 4.532074439032349, 0.0 ], [ -75.696905167006705, 4.532186901611237, 0.0 ], [ -75.69683304156284, 4.532214002943888, 0.0 ], [ -75.696746490896103, 4.532208795317542, 0.0 ], [ -75.696692248253242, 4.532223559303351, 0.0 ], [ -75.696601321864222, 4.532287249559506, 0.0 ], [ -75.696417918741219, 4.532384526783505, 0.0 ], [ -75.696347595910993, 4.532441287451356, 0.0 ], [ -75.696282110718329, 4.532510955121007, 0.0 ], [ -75.696214643108064, 4.532547680622653, 0.0 ], [ -75.696199824115808, 4.532528215919888, 0.0 ], [ -75.696084314396998, 4.532217266709798, 0.0 ], [ -75.696076919174118, 4.532166678886077, 0.0 ], [ -75.696050762296068, 4.532168381235055, 0.0 ], [ -75.696035698617678, 4.532152406129073, 0.0 ], [ -75.695982198477537, 4.531669626556496, 0.0 ], [ -75.695892340241684, 4.531681269802601, 0.0 ], [ -75.695798839473895, 4.530952797242762, 0.0 ], [ -75.695964044714572, 4.530979976173875, 0.0 ] ] ] } },
{ "type": "Feature", "properties": { "barrio": "MIRANDA", "barrio_alt": "EL PLACER", "barrio_alt2": "EL PLACER", "vulnerabilidad": "Baja", "indice": 1.6666666666700001, "val_suelo": 1.0, "val_falla": 1.0, "val_antig": 3.0, "clas_antiguedad": "Alto", "clas_falla": null, "clas_falla_alt": null, "porcentaje_limitacion_suelo": 0.0, "area_m2": 143185.48136500001, "shape_area": 31575.954722800001 }, "geometry": { "type": "Polygon", "coordinates": [ [ [ -75.693343717041955, 4.5265807848547, 0.0 ], [ -75.692269623841867, 4.52674842881641, 0.0 ], [ -75.692243673947146, 4.526625084615677, 0.0 ], [ -75.691988488637477, 4.52666550645583, 0.0 ], [ -75.691615250886855, 4.526447402527735, 0.0 ], [ -75.692171674071133, 4.525434600434612, 0.0 ], [ -75.692227422276645, 4.525478422508607, 0.0 ], [ -75.692347838483457, 4.525548682105276, 0.0 ], [ -75.692434839931451, 4.525622109112149, 0.0 ], [ -75.692468083140369, 4.525636860451952, 0.0 ], [ -75.692559562397818, 4.525713136572956, 0.0 ], [ -75.69259773413971, 4.525761762141156, 0.0 ], [ -75.692688365483562, 4.525793634769944, 0.0 ], [ -75.692755680662984, 4.52578488605181, 0.0 ], [ -75.692835516858466, 4.52574941779728, 0.0 ], [ -75.692876840813284, 4.525718192817538, 0.0 ], [ -75.692905803543567, 4.525676756602403, 0.0 ], [ -75.692983188071125, 4.525607061355387, 0.0 ], [ -75.693088600486732, 4.525546907854283, 0.0 ], [ -75.693148789046404, 4.525533030806321, 0.0 ], [ -75.693241086356565, 4.525531391518055, 0.0 ], [ -75.693341238003356, 4.525514637194637, 0.0 ], [ -75.693566085308035, 4.525560480749236, 0.0 ], [ -75.693686176564754, 4.525599389949098, 0.0 ], [ -75.693816223542271, 4.525688372208779, 0.0 ], [ -75.693925339786119, 4.525681712387598, 0.0 ], [ -75.694044788681097, 4.525639278154544, 0.0 ], [ -75.694081977488636, 4.525631127055131, 0.0 ], [ -75.694114397942869, 4.525636063463732, 0.0 ], [ -75.694237573199246, 4.525705039447962, 0.0 ], [ -75.694415712303751, 4.525876313581087, 0.0 ], [ -75.694540758211957, 4.526183477708894, 0.0 ], [ -75.694555768022312, 4.526246538366736, 0.0 ], [ -75.694481750822959, 4.526273820700604, 0.0 ], [ -75.694329816169315, 4.526376203838865, 0.0 ], [ -75.694203231783547, 4.526434486419704, 0.0 ], [ -75.694020542384649, 4.526493523221501, 0.0 ], [ -75.693899201139388, 4.526520978272202, 0.0 ], [ -75.693840183972185, 4.526545411179238, 0.0 ], [ -75.693655592719708, 4.52666018110952, 0.0 ], [ -75.693612919018719, 4.526704223269317, 0.0 ], [ -75.693579433689123, 4.526759417816035, 0.0 ], [ -75.693487044956342, 4.526712521326159, 0.0 ], [ -75.693343717041955, 4.5265807848547, 0.0 ] ] ] } },
{ "type": "Feature", "properties": { "barrio": "SANTA MARIA", "barrio_alt": "EL PLACER", "barrio_alt2": "EL PLACER", "vulnerabilidad": "Baja", "indice": 1.6666666666700001, "val_suelo": 1.0, "val_falla": 1.0, "val_antig": 3.0, "clas_antiguedad": "Alto", "clas_falla": null, "clas_falla_alt": null, "porcentaje_limitacion_suelo": 0.0, "area_m2": 143185.48136500001, "shape_area": 57577.536927699999 }, "geometry": { "type": "Polygon", "coordinates": [ [ [ -75.690581243947705, 4.527160440794753, 0.0 ], [ -75.690209372481704, 4.527223404060216, 0.0 ], [ -75.690028499251881, 4.527229368644131, 0.0 ], [ -75.689772439745596, 4.5271811587112, 0.0 ], [ -75.689866923763006, 4.526661910255645, 0.0 ], [ -75.690436402515033, 4.525698381386216, 0.0 ], [ -75.690660925045279, 4.525361953515755, 0.0 ], [ -75.690857362155896, 4.525355188909982, 0.0 ], [ -75.690925181929018, 4.525341818827086, 0.0 ], [ -75.691062467458963, 4.525256374706546, 0.0 ], [ -75.691163185269332, 4.525177036986361, 0.0 ], [ -75.691350974815535, 4.525070253858912, 0.0 ], [ -75.691402785001955, 4.525060828017298, 0.0 ], [ -75.691556721829699, 4.525072004009454, 0.0 ], [ -75.691678397558334, 4.525102844587673, 0.0 ], [ -75.691794155265953, 4.525148682661134, 0.0 ], [ -75.691850623687046, 4.525190198605532, 0.0 ], [ -75.691925662273007, 4.525273222394232, 0.0 ], [ -75.692171674071133, 4.525434600434612, 0.0 ], [ -75.691615250886855, 4.526447402527735, 0.0 ], [ -75.691988488637477, 4.52666550645583, 0.0 ], [ -75.692243673947146, 4.526625084615677, 0.0 ], [ -75.692269623841867, 4.52674842881641, 0.0 ], [ -75.693343717041955, 4.5265807848547, 0.0 ], [ -75.693487044956342, 4.526712521326159, 0.0 ], [ -75.693579433689123, 4.526759417816035, 0.0 ], [ -75.69353190379114, 4.526813261625061, 0.0 ], [ -75.693412015097721, 4.526918037631594, 0.0 ], [ -75.693357049761104, 4.526995284084399, 0.0 ], [ -75.693315442090196, 4.527036262090729, 0.0 ], [ -75.693258173368932, 4.527078468285616, 0.0 ], [ -75.693141914018554, 4.527140620507223, 0.0 ], [ -75.693088581389873, 4.52716003285729, 0.0 ], [ -75.693019383416356, 4.527167579084827, 0.0 ], [ -75.692971491258078, 4.527151524526412, 0.0 ], [ -75.69287012032494, 4.527083236507356, 0.0 ], [ -75.692812164750194, 4.52706568164809, 0.0 ], [ -75.692724516540594, 4.527092186569014, 0.0 ], [ -75.692582654470471, 4.527158029493132, 0.0 ], [ -75.692528371474779, 4.527202542505578, 0.0 ], [ -75.692397587218139, 4.527350769425425, 0.0 ], [ -75.692233825835416, 4.527507028676724, 0.0 ], [ -75.69209473874389, 4.527617591524825, 0.0 ], [ -75.69182788628018, 4.527739608988543, 0.0 ], [ -75.691755733795063, 4.527756027580561, 0.0 ], [ -75.691613551071953, 4.527656805813822, 0.0 ], [ -75.691478343444714, 4.527603831529484, 0.0 ], [ -75.691461054174795, 4.527589368828685, 0.0 ], [ -75.691373438291251, 4.527436832957115, 0.0 ], [ -75.691345671394927, 4.527408739211137, 0.0 ], [ -75.690987839078602, 4.527212748501237, 0.0 ], [ -75.690837415026181, 4.527197682125438, 0.0 ], [ -75.690714477709037, 4.52715076785101, 0.0 ], [ -75.690581243947705, 4.527160440794753, 0.0 ] ] ] } },
{ "type": "Feature", "properties": { "barrio": "CIUDADELA EL SOL", "barrio_alt": "VILLA ANGELA", "barrio_alt2": "VILLA ANGELA", "vulnerabilidad": "Baja", "indice": 1.6666666666700001, "val_suelo": 1.0, "val_falla": 1.0, "val_antig": 3.0, "clas_antiguedad": "Alto", "clas_falla": null, "clas_falla_alt": null, "porcentaje_limitacion_suelo": 0.0, "area_m2": 12678.514834199999, "shape_area": 33579.099160500002 }, "geometry": { "type": "Polygon", "coordinates": [ [ [ -75.700600959344868, 4.527841365475547, 0.0 ], [ -75.700601395979561, 4.527409132615817, 0.0 ], [ -75.700773577916806, 4.527284137046939, 0.0 ], [ -75.700811333918054, 4.527248760195722, 0.0 ], [ -75.700880536883801, 4.527151168406283, 0.0 ], [ -75.700929595936586, 4.527051778730022, 0.0 ], [ -75.700900498414825, 4.526833827312832, 0.0 ], [ -75.700905017740666, 4.526747590571212, 0.0 ], [ -75.701027158220867, 4.526665808790668, 0.0 ], [ -75.701099571054101, 4.526639909654468, 0.0 ], [ -75.701176129292975, 4.526630218875126, 0.0 ], [ -75.701458778265135, 4.526666678340576, 0.0 ], [ -75.701566903900158, 4.526653468558806, 0.0 ], [ -75.701783984402823, 4.52665121618075, 0.0 ], [ -75.70181829856007, 4.526634861369685, 0.0 ], [ -75.701896151671619, 4.526570673965764, 0.0 ], [ -75.70197984394315, 4.526543861114095, 0.0 ], [ -75.702061654535129, 4.526530443167192, 0.0 ], [ -75.702156536986976, 4.526535686288198, 0.0 ], [ -75.702299490310011, 4.526499616943485, 0.0 ], [ -75.702422058325126, 4.526517810818231, 0.0 ], [ -75.702542966166632, 4.526477781000136, 0.0 ], [ -75.702716100112241, 4.526459222941488, 0.0 ], [ -75.702963595247709, 4.526468411916129, 0.0 ], [ -75.703150030952798, 4.526560773506817, 0.0 ], [ -75.703214771074215, 4.526603256135616, 0.0 ], [ -75.703215530671514, 4.527072483977658, 0.0 ], [ -75.703073136576151, 4.527120616713969, 0.0 ], [ -75.702939038250463, 4.527184772278916, 0.0 ], [ -75.702779746278949, 4.527300108216389, 0.0 ], [ -75.702687138128468, 4.527396940487816, 0.0 ], [ -75.702605374838797, 4.527526461027372, 0.0 ], [ -75.702550413424092, 4.527698280644025, 0.0 ], [ -75.702513595097784, 4.52777120228215, 0.0 ], [ -75.702386619237529, 4.52790541210106, 0.0 ], [ -75.702036778508798, 4.527866515944931, 0.0 ], [ -75.701442654410059, 4.527830368907979, 0.0 ], [ -75.701127467379635, 4.527848674045352, 0.0 ], [ -75.700877501621363, 4.527830582842872, 0.0 ], [ -75.700600959344868, 4.527841365475547, 0.0 ] ] ] } },
{ "type": "Feature", "properties": { "barrio": "CIUDADELA NUEVO ARMENIA", "barrio_alt": "VILLA ANGELA", "barrio_alt2": "VILLA ANGELA", "vulnerabilidad": "Muy baja", "indice": 1.3333333333299999, "val_suelo": 1.0, "val_falla": 1.0, "val_antig": 2.0, "clas_antiguedad": "Media", "clas_falla": null, "clas_falla_alt": null, "porcentaje_limitacion_suelo": 0.0, "area_m2": 12678.514834199999, "shape_area": 23581.0309566 }, "geometry": { "type": "Polygon", "coordinates": [ [ [ -75.700902071114314, 4.529603793753084, 0.0 ], [ -75.700571275749581, 4.529560823943156, 0.0 ], [ -75.700122875121025, 4.529463224976519, 0.0 ], [ -75.699975242334602, 4.529440400148866, 0.0 ], [ -75.69935620890945, 4.528617058743271, 0.0 ], [ -75.699607791971303, 4.528209151489021, 0.0 ], [ -75.699696790916548, 4.52812755318184, 0.0 ], [ -75.700064347616546, 4.527929320203049, 0.0 ], [ -75.700500728977474, 4.527845273913502, 0.0 ], [ -75.700692660369725, 4.528096176527318, 0.0 ], [ -75.700844708000332, 4.528459851259398, 0.0 ], [ -75.700924315450706, 4.528772630868245, 0.0 ], [ -75.700819257497812, 4.528761758379769, 0.0 ], [ -75.700963458986465, 4.529022957118269, 0.0 ], [ -75.700902071114314, 4.529603793753084, 0.0 ] ] ] } },
{ "type": "Feature", "properties": { "barrio": "NUEVO AMANECER", "barrio_alt": "NUEVO AMANECER", "barrio_alt2": "NUEVO AMANECER", "vulnerabilidad": "Muy baja", "indice": 1.3333333333299999, "val_suelo": 1.0, "val_falla": 1.0, "val_antig": 2.0, "clas_antiguedad": "Media", "clas_falla": null, "clas_falla_alt": null, "porcentaje_limitacion_suelo": 0.0, "area_m2": 21609.178634200001, "shape_area": 21622.562238099999 }, "geometry": { "type": "Polygon", "coordinates": [ [ [ -75.70250614292469, 4.530725548918565, 0.0 ], [ -75.70243635517744, 4.531488754219569, 0.0 ], [ -75.70240199296633, 4.532351260119271, 0.0 ], [ -75.702386789673, 4.532537442711214, 0.0 ], [ -75.702299687508813, 4.532716057363403, 0.0 ], [ -75.701879636197262, 4.532757569073, 0.0 ], [ -75.701614354052552, 4.532178350225141, 0.0 ], [ -75.701456872187251, 4.531421832106854, 0.0 ], [ -75.701448750641859, 4.531333912356044, 0.0 ], [ -75.701374736317646, 4.531351952665166, 0.0 ], [ -75.701259465845411, 4.530930878410413, 0.0 ], [ -75.701728071569519, 4.530800369842407, 0.0 ], [ -75.701996273896029, 4.530736015187212, 0.0 ], [ -75.702181423766731, 4.530708598240878, 0.0 ], [ -75.70250614292469, 4.530725548918565, 0.0 ] ] ] } },
{ "type": "Feature", "properties": { "barrio": "LAS COLINAS", "barrio_alt": "LAS COLINAS", "barrio_alt2": "LAS COLINAS", "vulnerabilidad": "Muy baja", "indice": 1.3333333333299999, "val_suelo": 1.0, "val_falla": 1.0, "val_antig": 2.0, "clas_antiguedad": "Media", "clas_falla": null, "clas_falla_alt": null, "porcentaje_limitacion_suelo": 4.5454545454600002, "area_m2": 223526.49406299999, "shape_area": 223668.615307 }, "geometry": { "type": "Polygon", "coordinates": [ [ [ -75.710594734636246, 4.531484122592145, 0.0 ], [ -75.710984660930919, 4.531620535968174, 0.0 ], [ -75.71135204400673, 4.531808181882169, 0.0 ], [ -75.711542915856398, 4.531885750432427, 0.0 ], [ -75.711640969126407, 4.531909550507567, 0.0 ], [ -75.711877170402303, 4.531937246973631, 0.0 ], [ -75.712088702957558, 4.531941667769564, 0.0 ], [ -75.712222297700109, 4.531932407703531, 0.0 ], [ -75.712525764688067, 4.531876510656299, 0.0 ], [ -75.712612387292879, 4.531841154114005, 0.0 ], [ -75.712728444792319, 4.531777617795933, 0.0 ], [ -75.712811786223625, 4.531702092216421, 0.0 ], [ -75.71288683267781, 4.531616152658638, 0.0 ], [ -75.713081574973288, 4.531350050690665, 0.0 ], [ -75.71312624062142, 4.531310883093489, 0.0 ], [ -75.713231175394583, 4.531258686200893, 0.0 ], [ -75.713293823102433, 4.531250108439124, 0.0 ], [ -75.713411842342964, 4.531260675141319, 0.0 ], [ -75.713486249367136, 4.531288286618868, 0.0 ], [ -75.713603523922714, 4.531360740407803, 0.0 ], [ -75.713716698219145, 4.531407443876398, 0.0 ], [ -75.713799906512733, 4.531425682718457, 0.0 ], [ -75.713863023026192, 4.53140852120575, 0.0 ], [ -75.713901075692334, 4.531378063430811, 0.0 ], [ -75.713923091415523, 4.531330123271833, 0.0 ], [ -75.713925790913422, 4.531270180613018, 0.0 ], [ -75.713901783930126, 4.531143956475533, 0.0 ], [ -75.713906656333734, 4.531121216332823, 0.0 ], [ -75.713925943975696, 4.531110352468703, 0.0 ], [ -75.71404791316094, 4.531145269580993, 0.0 ], [ -75.714240593884185, 4.531272415550058, 0.0 ], [ -75.714396608821829, 4.531335280983087, 0.0 ], [ -75.714659362771116, 4.53139037637265, 0.0 ], [ -75.715237958235846, 4.53144869390824, 0.0 ], [ -75.715458407778954, 4.531420894199998, 0.0 ], [ -75.715603550927014, 4.531390484760134, 0.0 ], [ -75.715946031075291, 4.531258505262903, 0.0 ], [ -75.715939386964507, 4.531331698512756, 0.0 ], [ -75.715994241041955, 4.531464840568519, 0.0 ], [ -75.716001089254917, 4.531631298449311, 0.0 ], [ -75.715995293748477, 4.531737534275991, 0.0 ], [ -75.715986117497252, 4.531809054657504, 0.0 ], [ -75.71596889516978, 4.531856488601457, 0.0 ], [ -75.715876271893251, 4.531991520637855, 0.0 ], [ -75.71587450673502, 4.532005875077313, 0.0 ], [ -75.715898851740747, 4.532056554514422, 0.0 ], [ -75.715937061816987, 4.532096974432362, 0.0 ], [ -75.716076031366228, 4.532182009576467, 0.0 ], [ -75.716093591511367, 4.532208374523322, 0.0 ], [ -75.716093845923936, 4.53224199610199, 0.0 ], [ -75.716050238423719, 4.532330930090695, 0.0 ], [ -75.715990521539169, 4.532405674524975, 0.0 ], [ -75.715721117021559, 4.532597185323886, 0.0 ], [ -75.715646598281452, 4.53266534537253, 0.0 ], [ -75.715575771154974, 4.53270770779779, 0.0 ], [ -75.715448637356985, 4.532742511919992, 0.0 ], [ -75.715353649939416, 4.532808990626794, 0.0 ], [ -75.715233283003812, 4.532873669955173, 0.0 ], [ -75.715169177857945, 4.532928587517745, 0.0 ], [ -75.71513288423759, 4.532988142995392, 0.0 ], [ -75.715090585058832, 4.533118685355779, 0.0 ], [ -75.715014599715673, 4.533233174159652, 0.0 ], [ -75.714963723002541, 4.533340371567625, 0.0 ], [ -75.714832678769895, 4.533524547375282, 0.0 ], [ -75.71482030345841, 4.533588787068923, 0.0 ], [ -75.714826116686865, 4.533785157822441, 0.0 ], [ -75.714800489701588, 4.533846141340056, 0.0 ], [ -75.714761419478904, 4.53388200822063, 0.0 ], [ -75.71470280601838, 4.533885638688664, 0.0 ], [ -75.714614847939927, 4.533841747246497, 0.0 ], [ -75.714561622358687, 4.533836938231049, 0.0 ], [ -75.714514109553846, 4.533853999646092, 0.0 ], [ -75.714386293003329, 4.533934020317272, 0.0 ], [ -75.714320564575232, 4.533964379772602, 0.0 ], [ -75.714242590199532, 4.533948175439117, 0.0 ], [ -75.714158371593129, 4.533910833104398, 0.0 ], [ -75.714126576553852, 4.53388497454525, 0.0 ], [ -75.714113458187242, 4.53385228633316, 0.0 ], [ -75.714112102627013, 4.533774415793093, 0.0 ], [ -75.714128481799378, 4.533638900147556, 0.0 ], [ -75.714102674217699, 4.533538147507976, 0.0 ], [ -75.714063589928998, 4.533483164170208, 0.0 ], [ -75.714005416201005, 4.533436404223119, 0.0 ], [ -75.713939530530766, 4.533405346390698, 0.0 ], [ -75.713885891203944, 4.533401912077094, 0.0 ], [ -75.713823955758897, 4.533441090463932, 0.0 ], [ -75.713699551977484, 4.533650583890124, 0.0 ], [ -75.713687763560443, 4.533725831572904, 0.0 ], [ -75.713721867039254, 4.53381239146912, 0.0 ], [ -75.713723337144316, 4.533837952750271, 0.0 ], [ -75.713687087728061, 4.53389587993153, 0.0 ], [ -75.7136270367387, 4.533949766107595, 0.0 ], [ -75.713573596296257, 4.53397211030456, 0.0 ], [ -75.713474397771691, 4.533978212111922, 0.0 ], [ -75.713156536224247, 4.533914742032681, 0.0 ], [ -75.713081211680446, 4.533927155454719, 0.0 ], [ -75.713024924975116, 4.533966985186434, 0.0 ], [ -75.712981829048218, 4.534036227612632, 0.0 ], [ -75.712960931910231, 4.534103904887385, 0.0 ], [ -75.712966313522259, 4.534483512359392, 0.0 ], [ -75.71294695684081, 4.534565914991459, 0.0 ], [ -75.712888384669995, 4.53464990246744, 0.0 ], [ -75.712850629029887, 4.534676959146946, 0.0 ], [ -75.712742769242226, 4.53478790382542, 0.0 ], [ -75.712682491717189, 4.534828926533458, 0.0 ], [ -75.712615961063349, 4.53484883927315, 0.0 ], [ -75.712466797737207, 4.534852818157563, 0.0 ], [ -75.712331101620634, 4.534829941031461, 0.0 ], [ -75.712245901246291, 4.534800403935066, 0.0 ], [ -75.712136385727035, 4.534790224882116, 0.0 ], [ -75.71205543121296, 4.534802023890135, 0.0 ], [ -75.711788127611598, 4.534904673952586, 0.0 ], [ -75.711728461483233, 4.534914029793367, 0.0 ], [ -75.71152316045962, 4.534886082129862, 0.0 ], [ -75.711402365098706, 4.53484657886256, 0.0 ], [ -75.711311560476858, 4.534807834359752, 0.0 ], [ -75.711152860113131, 4.534712886489605, 0.0 ], [ -75.711075245319677, 4.534682535114801, 0.0 ], [ -75.71099977541742, 4.534667396818429, 0.0 ], [ -75.710975856731324, 4.534676651735076, 0.0 ], [ -75.710935741555929, 4.534712129219534, 0.0 ], [ -75.71077137162537, 4.534899073630852, 0.0 ], [ -75.710709127931594, 4.534903301475894, 0.0 ], [ -75.710542944053103, 4.534869390021437, 0.0 ], [ -75.71044240346086, 4.534876368929352, 0.0 ], [ -75.71032837376805, 4.534849058903944, 0.0 ], [ -75.710166658078265, 4.534790526470203, 0.0 ], [ -75.710077744466133, 4.534734677641691, 0.0 ], [ -75.710027122855891, 4.534734670686019, 0.0 ], [ -75.710016632945155, 4.534678473962542, 0.0 ], [ -75.709977952713118, 4.534591714777784, 0.0 ], [ -75.709908812291218, 4.534502234031563, 0.0 ], [ -75.709853684416586, 4.534466635114794, 0.0 ], [ -75.709565442563203, 4.534364068540658, 0.0 ], [ -75.709436359291004, 4.534332959136396, 0.0 ], [ -75.709345779834322, 4.534289601072452, 0.0 ], [ -75.70902510694944, 4.534213601578699, 0.0 ], [ -75.708692790738866, 4.534065087132776, 0.0 ], [ -75.708418150061803, 4.533516791174652, 0.0 ], [ -75.708488301080337, 4.53346463289687, 0.0 ], [ -75.708554125297596, 4.533363134345647, 0.0 ], [ -75.708598723324172, 4.533231470171328, 0.0 ], [ -75.708621608597127, 4.533089189170179, 0.0 ], [ -75.708617011057981, 4.533030766205869, 0.0 ], [ -75.708599305872681, 4.532988408248388, 0.0 ], [ -75.708540427127531, 4.53289092234417, 0.0 ], [ -75.708432122450546, 4.532742940044192, 0.0 ], [ -75.708408822043538, 4.532696185964547, 0.0 ], [ -75.708388863890562, 4.532620696446632, 0.0 ], [ -75.708418789024179, 4.532566369393109, 0.0 ], [ -75.708438491621365, 4.532553913856008, 0.0 ], [ -75.708485843035859, 4.532553657553647, 0.0 ], [ -75.708673855096336, 4.532605830757229, 0.0 ], [ -75.708799631078563, 4.532601391931519, 0.0 ], [ -75.708917091055639, 4.532612322085892, 0.0 ], [ -75.709158447958345, 4.532692097531698, 0.0 ], [ -75.709267361051829, 4.532751682099962, 0.0 ], [ -75.709323767673524, 4.532770050046913, 0.0 ], [ -75.709371128962715, 4.532772932436655, 0.0 ], [ -75.709425029038712, 4.53275831265043, 0.0 ], [ -75.709468649657097, 4.532730388851081, 0.0 ], [ -75.709511178281716, 4.53266736834174, 0.0 ], [ -75.709525625923717, 4.532604540017711, 0.0 ], [ -75.709516241592283, 4.532497364406789, 0.0 ], [ -75.709494652037165, 4.532420689594712, 0.0 ], [ -75.709468658538754, 4.532370182210211, 0.0 ], [ -75.709356949875783, 4.532249579716379, 0.0 ], [ -75.709275889285948, 4.532138373486085, 0.0 ], [ -75.709268076967049, 4.532104689674576, 0.0 ], [ -75.709283967746799, 4.532069412609006, 0.0 ], [ -75.709329551235143, 4.532038095877172, 0.0 ], [ -75.709438397078003, 4.532002064079094, 0.0 ], [ -75.709548017925215, 4.53197868579501, 0.0 ], [ -75.709663806138323, 4.531872706562656, 0.0 ], [ -75.709708012742993, 4.531855310736799, 0.0 ], [ -75.709745625636884, 4.5318561495468, 0.0 ], [ -75.709832330486492, 4.531892570275395, 0.0 ], [ -75.70986171970759, 4.531922182693342, 0.0 ], [ -75.709886739034971, 4.531949389611867, 0.0 ], [ -75.709965800249748, 4.53209431634347, 0.0 ], [ -75.709996792852849, 4.532124381072842, 0.0 ], [ -75.710056911723768, 4.532151205812323, 0.0 ], [ -75.710117614440776, 4.532140113314798, 0.0 ], [ -75.710145385885596, 4.532069451299655, 0.0 ], [ -75.710135062447335, 4.531917935673156, 0.0 ], [ -75.710144644479001, 4.531848775729991, 0.0 ], [ -75.710160985119757, 4.531805629208117, 0.0 ], [ -75.710221349519173, 4.531711022757825, 0.0 ], [ -75.710226338628743, 4.531663245913475, 0.0 ], [ -75.710191504102909, 4.531556343077845, 0.0 ], [ -75.710128706669508, 4.531462439370988, 0.0 ], [ -75.71008193865147, 4.531418572340362, 0.0 ], [ -75.710092621336329, 4.531390939428397, 0.0 ], [ -75.71013100724474, 4.531344435775573, 0.0 ], [ -75.710198240396423, 4.531329091556421, 0.0 ], [ -75.710355045354348, 4.531377402926557, 0.0 ], [ -75.710594734636246, 4.531484122592145, 0.0 ] ] ] } },
{ "type": "Feature", "properties": { "barrio": "LA GRECIA", "barrio_alt": "LA GRECIA", "barrio_alt2": "LA GRECIA", "vulnerabilidad": "Muy baja", "indice": 1.3333333333299999, "val_suelo": 1.0, "val_falla": 1.0, "val_antig": 2.0, "clas_antiguedad": "Media", "clas_falla": null, "clas_falla_alt": null, "porcentaje_limitacion_suelo": 0.78740157480399997, "area_m2": 153582.93043400001, "shape_area": 153680.92134599999 }, "geometry": { "type": "Polygon", "coordinates": [ [ [ -75.710652753528706, 4.531465252846986, 0.0 ], [ -75.71129158536084, 4.529028833316199, 0.0 ], [ -75.711457095532921, 4.528990433680807, 0.0 ], [ -75.711563456470273, 4.528999428270778, 0.0 ], [ -75.711666900823204, 4.529042586212004, 0.0 ], [ -75.711752710297361, 4.529019199635789, 0.0 ], [ -75.711883647703957, 4.529031123192708, 0.0 ], [ -75.712053566061286, 4.529025497835076, 0.0 ], [ -75.712219244619192, 4.529080402246241, 0.0 ], [ -75.712384588141546, 4.529086028346006, 0.0 ], [ -75.712611148849007, 4.529137238922955, 0.0 ], [ -75.712689077293405, 4.529145610529711, 0.0 ], [ -75.712895995681848, 4.529129959576063, 0.0 ], [ -75.713009949519659, 4.52910365927027, 0.0 ], [ -75.713090911007598, 4.529063467698387, 0.0 ], [ -75.71316670041584, 4.529004561368286, 0.0 ], [ -75.713211375548269, 4.528989941799637, 0.0 ], [ -75.713406789888296, 4.528981201836009, 0.0 ], [ -75.713622261093946, 4.52903792128129, 0.0 ], [ -75.713672963911606, 4.529043183030008, 0.0 ], [ -75.71381579184515, 4.529014474320578, 0.0 ], [ -75.714011323050045, 4.529015838975122, 0.0 ], [ -75.714097916422674, 4.528990633934184, 0.0 ], [ -75.714182886635655, 4.528942282839767, 0.0 ], [ -75.714270354820698, 4.528932328155429, 0.0 ], [ -75.714463075916996, 4.528949539103289, 0.0 ], [ -75.714555600769984, 4.528982177614983, 0.0 ], [ -75.714767935477795, 4.529158727291952, 0.0 ], [ -75.714860790701621, 4.529308627648439, 0.0 ], [ -75.714911361655723, 4.529371742089843, 0.0 ], [ -75.714935975450786, 4.529388058581291, 0.0 ], [ -75.715029290900944, 4.529385592459277, 0.0 ], [ -75.715188880143586, 4.529303001051447, 0.0 ], [ -75.715252069068015, 4.529297588004843, 0.0 ], [ -75.715289809363611, 4.529312610300038, 0.0 ], [ -75.715301211758984, 4.52942043680904, 0.0 ], [ -75.715323330539405, 4.529450583418403, 0.0 ], [ -75.715375612265078, 4.529491510169771, 0.0 ], [ -75.715393258837835, 4.529620474650653, 0.0 ], [ -75.715447543655046, 4.529714641021219, 0.0 ], [ -75.715506305151806, 4.529787451004348, 0.0 ], [ -75.71600864109196, 4.530139821326393, 0.0 ], [ -75.716066957700917, 4.530157149185134, 0.0 ], [ -75.716119352953299, 4.530136296971861, 0.0 ], [ -75.716160136733677, 4.530131174176265, 0.0 ], [ -75.716213867581544, 4.530150283924655, 0.0 ], [ -75.716270465964485, 4.530214320204435, 0.0 ], [ -75.716329009700118, 4.530261351662951, 0.0 ], [ -75.716380970696846, 4.530362790447898, 0.0 ], [ -75.716427992559716, 4.530422277494675, 0.0 ], [ -75.716471489986574, 4.53045753272249, 0.0 ], [ -75.716522941790174, 4.530472789002254, 0.0 ], [ -75.716678978633084, 4.530493846274848, 0.0 ], [ -75.716732332372146, 4.530520516840541, 0.0 ], [ -75.716760685844434, 4.530562476303688, 0.0 ], [ -75.716824767502303, 4.530721060777941, 0.0 ], [ -75.716916819357493, 4.530834174198103, 0.0 ], [ -75.716980336618164, 4.530883611433149, 0.0 ], [ -75.71711881791785, 4.5309393126603, 0.0 ], [ -75.717176149212349, 4.531065905476259, 0.0 ], [ -75.717298117831447, 4.531137607637977, 0.0 ], [ -75.717331481072307, 4.531170702307065, 0.0 ], [ -75.717393875955253, 4.531296805924405, 0.0 ], [ -75.71740346441814, 4.531339254499635, 0.0 ], [ -75.717391034500082, 4.531386181303646, 0.0 ], [ -75.717332966717876, 4.531458853818565, 0.0 ], [ -75.717215476218371, 4.531404318557657, 0.0 ], [ -75.717097218304247, 4.53131918399441, 0.0 ], [ -75.717035523061284, 4.531292332439386, 0.0 ], [ -75.716950530297495, 4.531266594602099, 0.0 ], [ -75.716731266102428, 4.531224566023402, 0.0 ], [ -75.716436456010868, 4.531103233829687, 0.0 ], [ -75.716372715861553, 4.531087706479672, 0.0 ], [ -75.716309707066372, 4.531084689897713, 0.0 ], [ -75.716195418373104, 4.531098472243135, 0.0 ], [ -75.716105176923733, 4.53112784717086, 0.0 ], [ -75.716058178670323, 4.531154541735806, 0.0 ], [ -75.716031585263011, 4.531183705291977, 0.0 ], [ -75.715593315067451, 4.531355570881165, 0.0 ], [ -75.715476027805991, 4.531381284011882, 0.0 ], [ -75.715245740636561, 4.531412783825898, 0.0 ], [ -75.714665599857469, 4.531354593228869, 0.0 ], [ -75.714407758087091, 4.531300689861851, 0.0 ], [ -75.714258105302406, 4.531240611134953, 0.0 ], [ -75.714061521284592, 4.53111152984983, 0.0 ], [ -75.713954807055416, 4.531076214587769, 0.0 ], [ -75.713921852185862, 4.531074081080099, 0.0 ], [ -75.713888464552141, 4.5310858513349, 0.0 ], [ -75.713869358590514, 4.531116434071376, 0.0 ], [ -75.713866685430958, 4.531168470911407, 0.0 ], [ -75.713889069478, 4.531268237550309, 0.0 ], [ -75.71388925261536, 4.531310795773102, 0.0 ], [ -75.713876569896925, 4.531349916418839, 0.0 ], [ -75.713848156416674, 4.531375389317882, 0.0 ], [ -75.713800292133485, 4.531389248951156, 0.0 ], [ -75.713711272574244, 4.531367383289622, 0.0 ], [ -75.713620459402065, 4.531328601856287, 0.0 ], [ -75.713513284288567, 4.531261040685768, 0.0 ], [ -75.713419173816476, 4.531225082226035, 0.0 ], [ -75.713294092015346, 4.531213773634414, 0.0 ], [ -75.713221317714584, 4.531223700283699, 0.0 ], [ -75.713107581666563, 4.531279714502488, 0.0 ], [ -75.713057970507037, 4.531322274512534, 0.0 ], [ -75.712863092751491, 4.531587806541975, 0.0 ], [ -75.712790313428243, 4.531672228755996, 0.0 ], [ -75.712710695472452, 4.531745915109631, 0.0 ], [ -75.71256903162417, 4.531821703191834, 0.0 ], [ -75.712487681272151, 4.531849249906714, 0.0 ], [ -75.712406041938522, 4.531854148164854, 0.0 ], [ -75.712192377033887, 4.53189678021951, 0.0 ], [ -75.712086529327081, 4.531902077655795, 0.0 ], [ -75.711879753540316, 4.531897755605821, 0.0 ], [ -75.711648904263129, 4.531870822826305, 0.0 ], [ -75.711562353935918, 4.531850222303618, 0.0 ], [ -75.711412584374472, 4.53179319987486, 0.0 ], [ -75.710997887153198, 4.531583139030174, 0.0 ], [ -75.710652753528706, 4.531465252846986, 0.0 ] ] ] } },
{ "type": "Feature", "properties": { "barrio": "LA ESMERALDA", "barrio_alt": "LA ESMERALDA", "barrio_alt2": "LA ESMERALDA", "vulnerabilidad": "Baja", "indice": 1.6666666666700001, "val_suelo": 1.0, "val_falla": 1.0, "val_antig": 3.0, "clas_antiguedad": "Alto", "clas_falla": null, "clas_falla_alt": null, "porcentaje_limitacion_suelo": 0.0, "area_m2": 28647.349694500001, "shape_area": 28665.367676000002 }, "geometry": { "type": "Polygon", "coordinates": [ [ [ -75.708534016399071, 4.53053781258598, 0.0 ], [ -75.708394024283479, 4.530520605893661, 0.0 ], [ -75.707936413395487, 4.53039216828873, 0.0 ], [ -75.707859456651164, 4.530361075147068, 0.0 ], [ -75.707711725700889, 4.530327235086827, 0.0 ], [ -75.707559003392376, 4.530306022238858, 0.0 ], [ -75.707508589573237, 4.530332743669975, 0.0 ], [ -75.707472089157918, 4.530381018416, 0.0 ], [ -75.706709748473642, 4.529739907691291, 0.0 ], [ -75.706888349526167, 4.529629569309395, 0.0 ], [ -75.707383277620494, 4.529275227741443, 0.0 ], [ -75.70816218419354, 4.528761243659507, 0.0 ], [ -75.70884990103977, 4.529617284854847, 0.0 ], [ -75.708804204918934, 4.53000179977096, 0.0 ], [ -75.708915182221844, 4.530216455362466, 0.0 ], [ -75.709003232117368, 4.53031392142887, 0.0 ], [ -75.709029938152824, 4.530380194337104, 0.0 ], [ -75.709037162993226, 4.530426681456821, 0.0 ], [ -75.708975949319964, 4.530433354991203, 0.0 ], [ -75.708902123077166, 4.530494205610538, 0.0 ], [ -75.708828692061374, 4.530525243406037, 0.0 ], [ -75.708774485249648, 4.530533667071142, 0.0 ], [ -75.708534016399071, 4.53053781258598, 0.0 ] ] ] } },
{ "type": "Feature", "properties": { "barrio": "COOPERATIVO", "barrio_alt": "COOPERATIVO", "barrio_alt2": "COOPERATIVO", "vulnerabilidad": "Baja", "indice": 1.6666666666700001, "val_suelo": 1.0, "val_falla": 1.0, "val_antig": 3.0, "clas_antiguedad": "Alto", "clas_falla": null, "clas_falla_alt": null, "porcentaje_limitacion_suelo": 0.0, "area_m2": 38877.169072800003, "shape_area": 38901.477839500003 }, "geometry": { "type": "Polygon", "coordinates": [ [ [ -75.704921515584331, 4.52761698579842, 0.0 ], [ -75.703949694468605, 4.527100305067865, 0.0 ], [ -75.704111957142132, 4.52682979745916, 0.0 ], [ -75.704157573957715, 4.526734154380047, 0.0 ], [ -75.70416747835273, 4.526622290911906, 0.0 ], [ -75.704143530871235, 4.526533094384742, 0.0 ], [ -75.704330318862347, 4.526406973434348, 0.0 ], [ -75.704406974771629, 4.526388727104933, 0.0 ], [ -75.704473389542272, 4.526400175039922, 0.0 ], [ -75.704619221914768, 4.526502433546935, 0.0 ], [ -75.704711682627064, 4.526534557811404, 0.0 ], [ -75.704788826644858, 4.526532039813535, 0.0 ], [ -75.704842806582761, 4.526506693017515, 0.0 ], [ -75.704873697355083, 4.526478923015757, 0.0 ], [ -75.704906334124274, 4.526413380442021, 0.0 ], [ -75.704924924800238, 4.526325677397715, 0.0 ], [ -75.704918906420886, 4.526094374681366, 0.0 ], [ -75.704908579484709, 4.526040104354771, 0.0 ], [ -75.704919072217081, 4.525976054937592, 0.0 ], [ -75.70496083163313, 4.52582781153027, 0.0 ], [ -75.704983117608109, 4.525790083252886, 0.0 ], [ -75.70501091895143, 4.525767523022528, 0.0 ], [ -75.705092532084194, 4.525787853156293, 0.0 ], [ -75.705124307254536, 4.525810953484021, 0.0 ], [ -75.705139353519499, 4.525834641646958, 0.0 ], [ -75.705225531151768, 4.526192954087601, 0.0 ], [ -75.705254389873048, 4.526267077246989, 0.0 ], [ -75.705287266198781, 4.526321292998952, 0.0 ], [ -75.705381936900238, 4.526420650054795, 0.0 ], [ -75.705446460730329, 4.526462381970009, 0.0 ], [ -75.7055239034663, 4.526497355782883, 0.0 ], [ -75.705617056815385, 4.526512493230173, 0.0 ], [ -75.705695317093685, 4.526489424983015, 0.0 ], [ -75.705759476692634, 4.526435575628581, 0.0 ], [ -75.705804139421531, 4.526350884008417, 0.0 ], [ -75.705862009929746, 4.526279479260533, 0.0 ], [ -75.705912261011491, 4.526256737335364, 0.0 ], [ -75.705976918495708, 4.526252754423828, 0.0 ], [ -75.706040864584722, 4.52626992855616, 0.0 ], [ -75.706397442964189, 4.52652482296814, 0.0 ], [ -75.706531364811397, 4.526600226900072, 0.0 ], [ -75.70661173479472, 4.526633626522315, 0.0 ], [ -75.70672176237828, 4.526651901800543, 0.0 ], [ -75.706998753751094, 4.526671806471146, 0.0 ], [ -75.707131797978519, 4.52665678583698, 0.0 ], [ -75.707306615344649, 4.526615350196516, 0.0 ], [ -75.707325020498502, 4.526616651777061, 0.0 ], [ -75.707342688050304, 4.526638106102976, 0.0 ], [ -75.707350377951286, 4.526738263100921, 0.0 ], [ -75.707309487849685, 4.526973782960749, 0.0 ], [ -75.707330491863175, 4.527065419302588, 0.0 ], [ -75.707360503700016, 4.527125441327801, 0.0 ], [ -75.707330823888427, 4.527168255386782, 0.0 ], [ -75.707108296329039, 4.527686015745403, 0.0 ], [ -75.706955280035885, 4.527395950471316, 0.0 ], [ -75.706890430921121, 4.527316681851143, 0.0 ], [ -75.706774803527495, 4.527260089400287, 0.0 ], [ -75.706443386939071, 4.527261633359354, 0.0 ], [ -75.706248750777391, 4.527321177684215, 0.0 ], [ -75.704921515584331, 4.52761698579842, 0.0 ] ] ] } },
{ "type": "Feature", "properties": { "barrio": "LA MILAGROSA", "barrio_alt": "LA MILAGROSA", "barrio_alt2": "LA MILAGROSA", "vulnerabilidad": "Baja", "indice": 1.6666666666700001, "val_suelo": 1.0, "val_falla": 1.0, "val_antig": 3.0, "clas_antiguedad": "Alto", "clas_falla": null, "clas_falla_alt": null, "porcentaje_limitacion_suelo": 0.0, "area_m2": 58273.769215300003, "shape_area": 58309.347373500001 }, "geometry": { "type": "Polygon", "coordinates": [ [ [ -75.698171865529773, 4.525083478012752, 0.0 ], [ -75.697482056305788, 4.525860733410044, 0.0 ], [ -75.697497008363143, 4.526202364939659, 0.0 ], [ -75.697659527555558, 4.526492543810673, 0.0 ], [ -75.697590468798424, 4.526765844159168, 0.0 ], [ -75.697543319653676, 4.526892658927034, 0.0 ], [ -75.697536735002544, 4.526937269844044, 0.0 ], [ -75.697546908639069, 4.526992101672085, 0.0 ], [ -75.697541900366616, 4.52701408130014, 0.0 ], [ -75.697519036914699, 4.527052668783456, 0.0 ], [ -75.697490451216837, 4.527069584281525, 0.0 ], [ -75.697346163612437, 4.527055533360036, 0.0 ], [ -75.69730405449458, 4.527040827181335, 0.0 ], [ -75.697240729220624, 4.526993875313544, 0.0 ], [ -75.697012533074883, 4.5267760214043, 0.0 ], [ -75.696957757555097, 4.526736576378409, 0.0 ], [ -75.696916207740742, 4.526719645943321, 0.0 ], [ -75.696860369521573, 4.526718698005021, 0.0 ], [ -75.696795469132169, 4.526737269559229, 0.0 ], [ -75.696723066271105, 4.526789561784446, 0.0 ], [ -75.696691039516622, 4.526800199779681, 0.0 ], [ -75.696636832455226, 4.526798700605657, 0.0 ], [ -75.696571336314321, 4.526780232210213, 0.0 ], [ -75.696510551557722, 4.526738662457306, 0.0 ], [ -75.696402656289962, 4.526627184481377, 0.0 ], [ -75.696307068262314, 4.526548295532692, 0.0 ], [ -75.696197130219986, 4.526495510923598, 0.0 ], [ -75.696088950450758, 4.526485980802796, 0.0 ], [ -75.696019860710095, 4.526493978879012, 0.0 ], [ -75.695975887939269, 4.52651531823012, 0.0 ], [ -75.695873973943065, 4.526594224228538, 0.0 ], [ -75.695779267565044, 4.526609162320388, 0.0 ], [ -75.695740555829445, 4.526600867462967, 0.0 ], [ -75.695694618133018, 4.526573501678444, 0.0 ], [ -75.695639388564999, 4.52649511299878, 0.0 ], [ -75.695602677818385, 4.526379826417264, 0.0 ], [ -75.695567027182889, 4.526314609820348, 0.0 ], [ -75.695515002813934, 4.526247651611468, 0.0 ], [ -75.695430820137446, 4.526188408147842, 0.0 ], [ -75.695443438868693, 4.526068882077062, 0.0 ], [ -75.695488979856108, 4.525894928398409, 0.0 ], [ -75.695375766116328, 4.525824035174058, 0.0 ], [ -75.695503564868616, 4.525674343062844, 0.0 ], [ -75.695647729234352, 4.52538599137154, 0.0 ], [ -75.695679718953102, 4.525215929523091, 0.0 ], [ -75.695675875688437, 4.525126533262806, 0.0 ], [ -75.695634352042958, 4.52482240130936, 0.0 ], [ -75.695606313344356, 4.524732042025363, 0.0 ], [ -75.695640239938882, 4.524560035607524, 0.0 ], [ -75.69558508516559, 4.524351837958027, 0.0 ], [ -75.695608386714653, 4.524283108151466, 0.0 ], [ -75.69579804722234, 4.524389926986235, 0.0 ], [ -75.696015785125581, 4.524464667847914, 0.0 ], [ -75.6962383733525, 4.524503454004296, 0.0 ], [ -75.696532951945329, 4.524516522907804, 0.0 ], [ -75.697244072545203, 4.524508800275486, 0.0 ], [ -75.697396002910708, 4.524568018686957, 0.0 ], [ -75.69795039646651, 4.524974491577146, 0.0 ], [ -75.698171865529773, 4.525083478012752, 0.0 ] ] ] } },
{ "type": "Feature", "properties": { "barrio": "ANTONIO NARI?O", "barrio_alt": "GIBRALTAR", "barrio_alt2": "GIBRALTAR", "vulnerabilidad": "Muy baja", "indice": 1.0, "val_suelo": 1.0, "val_falla": 1.0, "val_antig": 1.0, "clas_antiguedad": "Baja", "clas_falla": null, "clas_falla_alt": null, "porcentaje_limitacion_suelo": 0.0, "area_m2": 63845.815805899998, "shape_area": 40947.401069699998 }, "geometry": { "type": "Polygon", "coordinates": [ [ [ -75.70739508318853, 4.526620013633043, 0.0 ], [ -75.707339603171221, 4.526552720022235, 0.0 ], [ -75.707084191981508, 4.526608838840686, 0.0 ], [ -75.706942451752568, 4.526613116857768, 0.0 ], [ -75.706959348682062, 4.526319503245042, 0.0 ], [ -75.706966763778311, 4.525849067372577, 0.0 ], [ -75.706954268087259, 4.525106243169641, 0.0 ], [ -75.70686889936691, 4.525105974222757, 0.0 ], [ -75.706893386353329, 4.524382196906975, 0.0 ], [ -75.70685555387908, 4.524382061874674, 0.0 ], [ -75.706832085941969, 4.524075759347659, 0.0 ], [ -75.706906573298042, 4.524095130632245, 0.0 ], [ -75.70703304998429, 4.524101899467964, 0.0 ], [ -75.707084347733201, 4.524116513716539, 0.0 ], [ -75.707313722356943, 4.52426515141696, 0.0 ], [ -75.707402822072893, 4.524295205126566, 0.0 ], [ -75.707497118843293, 4.524297198986704, 0.0 ], [ -75.707615088334293, 4.524239322348643, 0.0 ], [ -75.707688627458026, 4.524220740374632, 0.0 ], [ -75.707747573698796, 4.524231610355026, 0.0 ], [ -75.70786435150751, 4.524300022426528, 0.0 ], [ -75.707951513943527, 4.524330427741958, 0.0 ], [ -75.70800288366128, 4.524332659106112, 0.0 ], [ -75.708157510678376, 4.524289416120797, 0.0 ], [ -75.708208826201897, 4.524295003441474, 0.0 ], [ -75.708251134235482, 4.524325990722405, 0.0 ], [ -75.708280604278741, 4.524372391001917, 0.0 ], [ -75.708324647645725, 4.524531140418221, 0.0 ], [ -75.708384888466952, 4.524672847822028, 0.0 ], [ -75.708420513199684, 4.52473650650441, 0.0 ], [ -75.708490690313866, 4.524808005712457, 0.0 ], [ -75.708473507252251, 4.524970100598776, 0.0 ], [ -75.708288490623431, 4.525781589992503, 0.0 ], [ -75.708333583569399, 4.525790627735241, 0.0 ], [ -75.708232331849189, 4.526217186682839, 0.0 ], [ -75.708136135149999, 4.526236535342546, 0.0 ], [ -75.708065803861189, 4.52626992435378, 0.0 ], [ -75.707951655564401, 4.52636365620933, 0.0 ], [ -75.70778606418088, 4.526611076407938, 0.0 ], [ -75.707665616689084, 4.526869846707876, 0.0 ], [ -75.707594079946531, 4.526929620808304, 0.0 ], [ -75.707451654978144, 4.527091300824107, 0.0 ], [ -75.707418854458169, 4.527112250792621, 0.0 ], [ -75.707398944109173, 4.52710225716283, 0.0 ], [ -75.707385104924171, 4.527077618063696, 0.0 ], [ -75.707364471135932, 4.527008505217503, 0.0 ], [ -75.707370871765761, 4.52691168556771, 0.0 ], [ -75.707400478190948, 4.526783984033725, 0.0 ], [ -75.70740842943222, 4.526703951888608, 0.0 ], [ -75.70739508318853, 4.526620013633043, 0.0 ] ] ] } },
{ "type": "Feature", "properties": { "barrio": "LOS QUINDOS I Y II ETAPA", "barrio_alt": "ANTONIO NARI?O", "barrio_alt2": "ANTONIO NARI?O", "vulnerabilidad": "Baja", "indice": 1.6666666666700001, "val_suelo": 1.0, "val_falla": 1.0, "val_antig": 3.0, "clas_antiguedad": "Alto", "clas_falla": null, "clas_falla_alt": null, "porcentaje_limitacion_suelo": 0.0, "area_m2": 40921.681191999996, "shape_area": 27178.9167313 }, "geometry": { "type": "Polygon", "coordinates": [ [ [ -75.706765704098331, 4.52297551018552, 0.0 ], [ -75.70687177426035, 4.522991257532157, 0.0 ], [ -75.707043832744546, 4.522941617844787, 0.0 ], [ -75.707176719498321, 4.522936999095764, 0.0 ], [ -75.707255198808767, 4.522977853369751, 0.0 ], [ -75.707321816044001, 4.522991546061637, 0.0 ], [ -75.707409536259789, 4.522966771830278, 0.0 ], [ -75.707490662961263, 4.522918381815979, 0.0 ], [ -75.707525676808046, 4.522847042841951, 0.0 ], [ -75.707647126398783, 4.522785878004785, 0.0 ], [ -75.707708796200947, 4.522743795917749, 0.0 ], [ -75.707793424526642, 4.52272866389396, 0.0 ], [ -75.707900433215599, 4.522766704637244, 0.0 ], [ -75.707968051896614, 4.52276652115061, 0.0 ], [ -75.708117226693531, 4.523226853712969, 0.0 ], [ -75.708236770883047, 4.523556779254446, 0.0 ], [ -75.708240435143821, 4.523731650530024, 0.0 ], [ -75.708157510678376, 4.524289416120797, 0.0 ], [ -75.70800288366128, 4.524332659106112, 0.0 ], [ -75.707951513943527, 4.524330427741958, 0.0 ], [ -75.70786435150751, 4.524300022426528, 0.0 ], [ -75.707747573698796, 4.524231610355026, 0.0 ], [ -75.707697627664771, 4.524220758208916, 0.0 ], [ -75.707615088334293, 4.524239322348643, 0.0 ], [ -75.707497118843293, 4.524297198986704, 0.0 ], [ -75.707372723333819, 4.524289046526792, 0.0 ], [ -75.707313722356943, 4.52426515141696, 0.0 ], [ -75.707084347733201, 4.524116513716539, 0.0 ], [ -75.70703304998429, 4.524101899467964, 0.0 ], [ -75.706891068619896, 4.524092309315873, 0.0 ], [ -75.706770797306987, 4.524050281635717, 0.0 ], [ -75.706564269453295, 4.523911809899152, 0.0 ], [ -75.706468342578574, 4.523832339096387, 0.0 ], [ -75.706405962753522, 4.522788782789647, 0.0 ], [ -75.706765704098331, 4.52297551018552, 0.0 ] ] ] } },
{ "type": "Feature", "properties": { "barrio": "VILLA ALEJANDRA II", "barrio_alt": "SANTA RITA", "barrio_alt2": "SANTA RITA", "vulnerabilidad": "Baja", "indice": 1.6666666666700001, "val_suelo": 1.0, "val_falla": 1.0, "val_antig": 3.0, "clas_antiguedad": "Alto", "clas_falla": null, "clas_falla_alt": null, "porcentaje_limitacion_suelo": 0.0, "area_m2": 122477.154975, "shape_area": 72390.074847600001 }, "geometry": { "type": "Polygon", "coordinates": [ [ [ -75.706421565858363, 4.521493759854802, 0.0 ], [ -75.706293489698567, 4.521472913584929, 0.0 ], [ -75.70593951790498, 4.521477798226379, 0.0 ], [ -75.705789202371989, 4.521497278081775, 0.0 ], [ -75.70554675589419, 4.521502157777192, 0.0 ], [ -75.705469183255985, 4.52173097767158, 0.0 ], [ -75.705406158407172, 4.521993876811519, 0.0 ], [ -75.705386699397963, 4.522193251130931, 0.0 ], [ -75.705338301059001, 4.522170261694495, 0.0 ], [ -75.705292904231953, 4.522164248738187, 0.0 ], [ -75.70515414155993, 4.522195867223795, 0.0 ], [ -75.704994125486451, 4.522213349204039, 0.0 ], [ -75.704778953348821, 4.522151372001188, 0.0 ], [ -75.704524675230815, 4.522116016444226, 0.0 ], [ -75.704461892043398, 4.522120568779998, 0.0 ], [ -75.704356444334977, 4.522157739946067, 0.0 ], [ -75.704164165364261, 4.522118972129568, 0.0 ], [ -75.703959221506594, 4.5221420640822, 0.0 ], [ -75.703866519464171, 4.52212872612072, 0.0 ], [ -75.703831462257085, 4.521137361798634, 0.0 ], [ -75.703743903224776, 4.519415019583526, 0.0 ], [ -75.70436228895862, 4.519505046308321, 0.0 ], [ -75.705990295072439, 4.519669977504971, 0.0 ], [ -75.705865472985309, 4.520296953073322, 0.0 ], [ -75.70591296070738, 4.520306911584226, 0.0 ], [ -75.706083642438884, 4.520296837219633, 0.0 ], [ -75.706154057373624, 4.520313946790083, 0.0 ], [ -75.706315039928015, 4.520379824846657, 0.0 ], [ -75.706410345779418, 4.520396780750676, 0.0 ], [ -75.706671299369674, 4.520394891032965, 0.0 ], [ -75.706505199957803, 4.521152905840953, 0.0 ], [ -75.706421565858363, 4.521493759854802, 0.0 ] ] ] } },
{ "type": "Feature", "properties": { "barrio": "ASENTAMIENTO EL RECUERDO", "barrio_alt": "ASENTAMIENTO EL RECUERDO", "barrio_alt2": "ASENTAMIENTO EL RECUERDO", "vulnerabilidad": "Baja", "indice": 1.6666666666700001, "val_suelo": 1.0, "val_falla": 1.0, "val_antig": 3.0, "clas_antiguedad": "Alto", "clas_falla": null, "clas_falla_alt": null, "porcentaje_limitacion_suelo": 0.0, "area_m2": 19276.408056, "shape_area": 19288.1985776 }, "geometry": { "type": "Polygon", "coordinates": [ [ [ -75.697964331637962, 4.52244684783328, 0.0 ], [ -75.697539642247222, 4.522188079591351, 0.0 ], [ -75.697491804685185, 4.522185186911157, 0.0 ], [ -75.697413608483714, 4.522222997899152, 0.0 ], [ -75.69726811221328, 4.522175154255931, 0.0 ], [ -75.697011265022951, 4.522067615077644, 0.0 ], [ -75.696917480868919, 4.522044100679079, 0.0 ], [ -75.696790814813909, 4.522031351180441, 0.0 ], [ -75.69661829472011, 4.522060482267882, 0.0 ], [ -75.696510459484841, 4.522116113793096, 0.0 ], [ -75.696446678327874, 4.522165140754013, 0.0 ], [ -75.696370825853734, 4.522242117727361, 0.0 ], [ -75.696308129082382, 4.52243862768463, 0.0 ], [ -75.696307857356118, 4.522721598916456, 0.0 ], [ -75.696276522203391, 4.522902056488236, 0.0 ], [ -75.696386436768663, 4.52306260496907, 0.0 ], [ -75.696448716717526, 4.523111056331945, 0.0 ], [ -75.69650746422559, 4.52331203704103, 0.0 ], [ -75.696563445372391, 4.523426141592836, 0.0 ], [ -75.696812671787256, 4.52376938069565, 0.0 ], [ -75.696887541316428, 4.523924503383062, 0.0 ], [ -75.696761302075586, 4.52403005793679, 0.0 ], [ -75.696465324088464, 4.523529591513046, 0.0 ], [ -75.69618388616783, 4.523112161838956, 0.0 ], [ -75.696029978555416, 4.522660913789787, 0.0 ], [ -75.696003434848038, 4.522351019720121, 0.0 ], [ -75.696034780178891, 4.522008430460946, 0.0 ], [ -75.696152067300105, 4.522012780346865, 0.0 ], [ -75.69638952225786, 4.521956200288487, 0.0 ], [ -75.696511536630993, 4.521876240649568, 0.0 ], [ -75.696791549621395, 4.521804881767885, 0.0 ], [ -75.696962730360184, 4.521787993665816, 0.0 ], [ -75.697106476893183, 4.521846479984923, 0.0 ], [ -75.697449467453453, 4.521948379577802, 0.0 ], [ -75.697577776657923, 4.521968215934255, 0.0 ], [ -75.697765708089108, 4.521950560935742, 0.0 ], [ -75.697853505807672, 4.522065955205385, 0.0 ], [ -75.698139893285003, 4.522205703269148, 0.0 ], [ -75.698247611398799, 4.522245507832095, 0.0 ], [ -75.698442244875253, 4.52226383732508, 0.0 ], [ -75.698666165506751, 4.522253064086342, 0.0 ], [ -75.69879096797105, 4.522225042578595, 0.0 ], [ -75.698948923246235, 4.522123953202872, 0.0 ], [ -75.699084882060205, 4.521944551236965, 0.0 ], [ -75.699184900363704, 4.521786277838634, 0.0 ], [ -75.699234710286831, 4.522021586897687, 0.0 ], [ -75.699301160044499, 4.522061515396374, 0.0 ], [ -75.699342314526177, 4.522060580779921, 0.0 ], [ -75.698964962036229, 4.522694651115776, 0.0 ], [ -75.698691526846602, 4.522895028923513, 0.0 ], [ -75.698559265402736, 4.52287683941411, 0.0 ], [ -75.698401163861405, 4.522739275652372, 0.0 ], [ -75.698110347898123, 4.522582566501173, 0.0 ], [ -75.698054981429877, 4.522567573357205, 0.0 ], [ -75.697964331637962, 4.52244684783328, 0.0 ] ] ] } },
{ "type": "Feature", "properties": { "barrio": "BLOQUES DE LOS CRISTALES", "barrio_alt": "LAS ACACIAS", "barrio_alt2": "LAS ACACIAS", "vulnerabilidad": "Baja", "indice": 1.6666666666700001, "val_suelo": 1.0, "val_falla": 1.0, "val_antig": 3.0, "clas_antiguedad": "Alto", "clas_falla": null, "clas_falla_alt": null, "porcentaje_limitacion_suelo": 0.0, "area_m2": 83534.203318100001, "shape_area": 8125.3570467600002 }, "geometry": { "type": "Polygon", "coordinates": [ [ [ -75.694262307710986, 4.524073853285186, 0.0 ], [ -75.693676852472422, 4.523791007342695, 0.0 ], [ -75.693380936948088, 4.523618655993189, 0.0 ], [ -75.693368270466678, 4.523391848023474, 0.0 ], [ -75.693374125168134, 4.523345355700496, 0.0 ], [ -75.69361892904206, 4.523370312457461, 0.0 ], [ -75.693674282117215, 4.523348742902523, 0.0 ], [ -75.693852652054773, 4.523327630135852, 0.0 ], [ -75.694104731683993, 4.523345470125505, 0.0 ], [ -75.694412265679915, 4.523418112630384, 0.0 ], [ -75.69453400611232, 4.523427851330515, 0.0 ], [ -75.694623644188297, 4.523452136298164, 0.0 ], [ -75.694678523140567, 4.523472155285318, 0.0 ], [ -75.694827632289503, 4.523599169163831, 0.0 ], [ -75.694280768500761, 4.524033420833094, 0.0 ], [ -75.694262307710986, 4.524073853285186, 0.0 ] ] ] } },
{ "type": "Feature", "properties": { "barrio": "LAS COLINAS CENTRO", "barrio_alt": "LAS COLINAS CENTRO", "barrio_alt2": "LAS COLINAS CENTRO", "vulnerabilidad": "Alta", "indice": 2.3333333333300001, "val_suelo": 1.0, "val_falla": 3.0, "val_antig": 3.0, "clas_antiguedad": "Alto", "clas_falla": "Alta", "clas_falla_alt": "Alta", "porcentaje_limitacion_suelo": 0.0, "area_m2": 4002.9999842500001, "shape_area": 4005.3176197900002 }, "geometry": { "type": "Polygon", "coordinates": [ [ [ -75.677602808859348, 4.542184954233112, 0.0 ], [ -75.677354372143569, 4.54218875879489, 0.0 ], [ -75.677157832144246, 4.54224466545544, 0.0 ], [ -75.677101300369145, 4.542171558514052, 0.0 ], [ -75.677107757320428, 4.542134806396134, 0.0 ], [ -75.677079263309821, 4.541982345825337, 0.0 ], [ -75.677070649854841, 4.541774254503721, 0.0 ], [ -75.677399000835251, 4.541815633419437, 0.0 ], [ -75.677553181381356, 4.541844314732064, 0.0 ], [ -75.677645589589986, 4.541831074963889, 0.0 ], [ -75.677863255125786, 4.54187095472915, 0.0 ], [ -75.678049830664293, 4.541966940754762, 0.0 ], [ -75.677998711063594, 4.542073162746695, 0.0 ], [ -75.677807897117106, 4.542204964388746, 0.0 ], [ -75.67767139927912, 4.542209129551888, 0.0 ], [ -75.677602808859348, 4.542184954233112, 0.0 ] ] ] } },
{ "type": "Feature", "properties": { "barrio": "ALTOS DE LA CALLEJA", "barrio_alt": "NIAGARA", "barrio_alt2": "NIAGARA", "vulnerabilidad": "Media", "indice": 2.0, "val_suelo": 1.0, "val_falla": 3.0, "val_antig": 2.0, "clas_antiguedad": "Media", "clas_falla": "Alta", "clas_falla_alt": "Alta", "porcentaje_limitacion_suelo": 0.0, "area_m2": 104027.39919, "shape_area": 30202.058403899999 }, "geometry": { "type": "Polygon", "coordinates": [ [ [ -75.677479094042155, 4.547583056710944, 0.0 ], [ -75.677377243988516, 4.54786548074588, 0.0 ], [ -75.677395398959348, 4.547929496175315, 0.0 ], [ -75.677179848819705, 4.54820035648151, 0.0 ], [ -75.67754806957609, 4.548213012614585, 0.0 ], [ -75.677824321670414, 4.54883187439053, 0.0 ], [ -75.677783886879766, 4.54900472272681, 0.0 ], [ -75.677302748868115, 4.549235339731595, 0.0 ], [ -75.677167922082944, 4.549231565376968, 0.0 ], [ -75.67604455216707, 4.548975688630248, 0.0 ], [ -75.676118226109693, 4.548258922755394, 0.0 ], [ -75.676147912607831, 4.547291461488486, 0.0 ], [ -75.677479094042155, 4.547583056710944, 0.0 ] ] ] } },
{ "type": "Feature", "properties": { "barrio": "LIMONAR", "barrio_alt": "VILLA SOFIA", "barrio_alt2": "VILLA SOFIA", "vulnerabilidad": "Alta", "indice": 2.3333333333300001, "val_suelo": 1.0, "val_falla": 3.0, "val_antig": 3.0, "clas_antiguedad": "Alto", "clas_falla": "Alta", "clas_falla_alt": "Alta", "porcentaje_limitacion_suelo": 0.0, "area_m2": 22245.135465899999, "shape_area": 109419.05258800001 }, "geometry": { "type": "Polygon", "coordinates": [ [ [ -75.678576272198086, 4.549994950297076, 0.0 ], [ -75.67837776649651, 4.549931650060354, 0.0 ], [ -75.678250416556665, 4.549842979204447, 0.0 ], [ -75.677931406856587, 4.549817737979305, 0.0 ], [ -75.677743242136216, 4.549753648636646, 0.0 ], [ -75.677646867293959, 4.549693769416412, 0.0 ], [ -75.677402532685761, 4.549400060384978, 0.0 ], [ -75.677302748868115, 4.549235339731595, 0.0 ], [ -75.677783886879766, 4.54900472272681, 0.0 ], [ -75.677824321670414, 4.54883187439053, 0.0 ], [ -75.677692967426779, 4.548521834327749, 0.0 ], [ -75.67754806957609, 4.548213012614585, 0.0 ], [ -75.677179848819705, 4.54820035648151, 0.0 ], [ -75.677231102949051, 4.54812394402726, 0.0 ], [ -75.677395398959348, 4.547929496175315, 0.0 ], [ -75.677377243988516, 4.54786548074588, 0.0 ], [ -75.677498246764159, 4.547531149685861, 0.0 ], [ -75.677565204260532, 4.54742237787108, 0.0 ], [ -75.677747952929863, 4.547191902672156, 0.0 ], [ -75.677826317437876, 4.547420849332013, 0.0 ], [ -75.677924601147836, 4.547441079735503, 0.0 ], [ -75.67805378447045, 4.547506782943003, 0.0 ], [ -75.678355729871626, 4.547550867228561, 0.0 ], [ -75.678426803522612, 4.547549402093356, 0.0 ], [ -75.67856035638232, 4.547523296742481, 0.0 ], [ -75.678752442051291, 4.547430003013748, 0.0 ], [ -75.678994663256447, 4.547256569058906, 0.0 ], [ -75.679132675165135, 4.547211903108771, 0.0 ], [ -75.679425744990098, 4.547066219553701, 0.0 ], [ -75.679556971995027, 4.546956410178698, 0.0 ], [ -75.679673049040289, 4.547183586788277, 0.0 ], [ -75.67996171788586, 4.547857135625033, 0.0 ], [ -75.680453044305779, 4.547835548280194, 0.0 ], [ -75.680508797370734, 4.547816732476918, 0.0 ], [ -75.680707748346734, 4.54778414062817, 0.0 ], [ -75.680796813035741, 4.547758515238227, 0.0 ], [ -75.680945999417631, 4.547659622976768, 0.0 ], [ -75.681127376847243, 4.547623844650965, 0.0 ], [ -75.681203870600712, 4.547596491417639, 0.0 ], [ -75.681359744014316, 4.5475791539962, 0.0 ], [ -75.681454215614082, 4.547556926622859, 0.0 ], [ -75.681562872130939, 4.547517112304625, 0.0 ], [ -75.681384826446518, 4.548181282602989, 0.0 ], [ -75.681349977629679, 4.548273459377506, 0.0 ], [ -75.681067765941989, 4.549296032452214, 0.0 ], [ -75.680960753831627, 4.549356452211668, 0.0 ], [ -75.680858800913853, 4.549433396351807, 0.0 ], [ -75.680592283168565, 4.549677830055504, 0.0 ], [ -75.680427021431356, 4.549750981681539, 0.0 ], [ -75.680349763336892, 4.549814569526449, 0.0 ], [ -75.68024720895265, 4.549929861269536, 0.0 ], [ -75.680156019974163, 4.550001081509214, 0.0 ], [ -75.680080031361001, 4.550054498555315, 0.0 ], [ -75.679979356380713, 4.550095848089993, 0.0 ], [ -75.679893248410053, 4.550116216328987, 0.0 ], [ -75.679803347452633, 4.550117517762255, 0.0 ], [ -75.679705224556386, 4.550095303771379, 0.0 ], [ -75.679600126490598, 4.550106779961136, 0.0 ], [ -75.679540605843371, 4.550137309193925, 0.0 ], [ -75.679478509907028, 4.550209321439088, 0.0 ], [ -75.678576272198086, 4.549994950297076, 0.0 ] ] ] } },
{ "type": "Feature", "properties": { "barrio": "AHITAMARA", "barrio_alt": "NIAGARA", "barrio_alt2": "NIAGARA", "vulnerabilidad": "Media", "indice": 2.0, "val_suelo": 1.0, "val_falla": 3.0, "val_antig": 2.0, "clas_antiguedad": "Media", "clas_falla": "Alta", "clas_falla_alt": "Alta", "porcentaje_limitacion_suelo": 0.0, "area_m2": 104027.39919, "shape_area": 12598.5632804 }, "geometry": { "type": "Polygon", "coordinates": [ [ [ -75.678429250761084, 4.550425891514063, 0.0 ], [ -75.677497051864904, 4.550221300341739, 0.0 ], [ -75.677040544112614, 4.549611324684719, 0.0 ], [ -75.676817766484319, 4.549719026658122, 0.0 ], [ -75.676790243472922, 4.549661429608378, 0.0 ], [ -75.676248522071319, 4.549912769468364, 0.0 ], [ -75.676164931334881, 4.549718962695239, 0.0 ], [ -75.677122281829753, 4.549265460995757, 0.0 ], [ -75.677167922082944, 4.549231565376968, 0.0 ], [ -75.677302748868115, 4.549235339731595, 0.0 ], [ -75.677402532685761, 4.549400060384978, 0.0 ], [ -75.677646867293959, 4.549693769416412, 0.0 ], [ -75.677743242136216, 4.549753648636646, 0.0 ], [ -75.677931406856587, 4.549817737979305, 0.0 ], [ -75.678250416556665, 4.549842979204447, 0.0 ], [ -75.67837776649651, 4.549931650060354, 0.0 ], [ -75.678576272198086, 4.549994950297076, 0.0 ], [ -75.678429250761084, 4.550425891514063, 0.0 ] ] ] } },
{ "type": "Feature", "properties": { "barrio": "LIBERTADORES", "barrio_alt": "EL JUBILEO", "barrio_alt2": "EL JUBILEO", "vulnerabilidad": "Alta", "indice": 2.3333333333300001, "val_suelo": 1.0, "val_falla": 3.0, "val_antig": 3.0, "clas_antiguedad": "Alto", "clas_falla": "Alta", "clas_falla_alt": "Alta", "porcentaje_limitacion_suelo": 0.0, "area_m2": 55235.791473099998, "shape_area": 52609.750242599999 }, "geometry": { "type": "Polygon", "coordinates": [ [ [ -75.676971283229477, 4.544744946992434, 0.0 ], [ -75.676765110058085, 4.544603571679854, 0.0 ], [ -75.676650803684751, 4.544505213243964, 0.0 ], [ -75.676548734947204, 4.544443750778166, 0.0 ], [ -75.676385408903414, 4.544398705794267, 0.0 ], [ -75.676193479212486, 4.544415167790252, 0.0 ], [ -75.676136323621677, 4.544370088851371, 0.0 ], [ -75.676115960888083, 4.544197903117143, 0.0 ], [ -75.67613235322176, 4.544017506668975, 0.0 ], [ -75.676197733087449, 4.543878091625003, 0.0 ], [ -75.676310078252556, 4.543724312006631, 0.0 ], [ -75.676589379905849, 4.543455488398489, 0.0 ], [ -75.676982303582164, 4.543788053639858, 0.0 ], [ -75.67711207930877, 4.54361421785122, 0.0 ], [ -75.677067413043886, 4.543574635315524, 0.0 ], [ -75.677098118219035, 4.543531401390209, 0.0 ], [ -75.677033115257075, 4.543485354511371, 0.0 ], [ -75.677107039722017, 4.543347416620487, 0.0 ], [ -75.677100243646848, 4.543345490027742, 0.0 ], [ -75.67712755967294, 4.543282467197443, 0.0 ], [ -75.677294750588615, 4.54332788651093, 0.0 ], [ -75.6773045774449, 4.54320125885125, 0.0 ], [ -75.677587554794755, 4.5432548045617, 0.0 ], [ -75.677828455407649, 4.543336721202166, 0.0 ], [ -75.678189782372883, 4.543535442990528, 0.0 ], [ -75.678310238901261, 4.543557951676656, 0.0 ], [ -75.679706814793178, 4.543633910735696, 0.0 ], [ -75.67983134970757, 4.543672817932888, 0.0 ], [ -75.680117970860394, 4.543878962855679, 0.0 ], [ -75.679561861473644, 4.544596297153077, 0.0 ], [ -75.679428363955651, 4.544573578771782, 0.0 ], [ -75.679198195973996, 4.544463139084818, 0.0 ], [ -75.679057751223496, 4.544409773747273, 0.0 ], [ -75.678966424457059, 4.544414876084439, 0.0 ], [ -75.678785718947907, 4.544543453841506, 0.0 ], [ -75.678712097238375, 4.544764935138345, 0.0 ], [ -75.678634046355668, 4.544774131346037, 0.0 ], [ -75.678323729153959, 4.544679937924637, 0.0 ], [ -75.678233820019983, 4.544905457688185, 0.0 ], [ -75.677990857193663, 4.544887088812908, 0.0 ], [ -75.677923475642245, 4.544897359970135, 0.0 ], [ -75.677792813755914, 4.544864605684542, 0.0 ], [ -75.677733592141536, 4.544899472909888, 0.0 ], [ -75.677688631281654, 4.545030681869998, 0.0 ], [ -75.677060211428056, 4.544844592137927, 0.0 ], [ -75.676971283229477, 4.544744946992434, 0.0 ] ] ] } },
{ "type": "Feature", "properties": { "barrio": "TIGREROS", "barrio_alt": "LAS COLINAS CENTRO", "barrio_alt2": "LAS COLINAS CENTRO", "vulnerabilidad": "Alta", "indice": 2.3333333333300001, "val_suelo": 1.0, "val_falla": 3.0, "val_antig": 3.0, "clas_antiguedad": "Alto", "clas_falla": "Alta", "clas_falla_alt": "Alta", "porcentaje_limitacion_suelo": 0.0, "area_m2": 4002.9999842500001, "shape_area": 28463.105663800001 }, "geometry": { "type": "Polygon", "coordinates": [ [ [ -75.677399000835251, 4.541815633419437, 0.0 ], [ -75.677070649854841, 4.541774254503721, 0.0 ], [ -75.677124524452353, 4.540969404109132, 0.0 ], [ -75.677217835023086, 4.540688693845846, 0.0 ], [ -75.677309310919441, 4.540503338344585, 0.0 ], [ -75.677528482803794, 4.540204892215887, 0.0 ], [ -75.677610697274062, 4.540137862147474, 0.0 ], [ -75.679183745947142, 4.541532811433878, 0.0 ], [ -75.679154216663221, 4.541615101474798, 0.0 ], [ -75.67894010303435, 4.541815438452839, 0.0 ], [ -75.67874411290731, 4.541931339070171, 0.0 ], [ -75.67848589076965, 4.541940617331105, 0.0 ], [ -75.678145266228285, 4.541922344309202, 0.0 ], [ -75.678049830664293, 4.541966940754762, 0.0 ], [ -75.677863255125786, 4.54187095472915, 0.0 ], [ -75.677645589589986, 4.541831074963889, 0.0 ], [ -75.677553181381356, 4.541844314732064, 0.0 ], [ -75.677399000835251, 4.541815633419437, 0.0 ] ] ] } },
{ "type": "Feature", "properties": { "barrio": "FRANCISCO JOSE DE CALDAS", "barrio_alt": "LAS COLINAS CENTRO", "barrio_alt2": "LAS COLINAS CENTRO", "vulnerabilidad": "Alta", "indice": 2.3333333333300001, "val_suelo": 1.0, "val_falla": 3.0, "val_antig": 3.0, "clas_antiguedad": "Alto", "clas_falla": "Alta", "clas_falla_alt": "Alta", "porcentaje_limitacion_suelo": 0.0, "area_m2": 4002.9999842500001, "shape_area": 3161.9801410599998 }, "geometry": { "type": "Polygon", "coordinates": [ [ [ -75.676764150506671, 4.542733050497342, 0.0 ], [ -75.676669378144723, 4.542288705274952, 0.0 ], [ -75.677101300369145, 4.542171558514052, 0.0 ], [ -75.677157832144246, 4.54224466545544, 0.0 ], [ -75.677170234912566, 4.542241137849926, 0.0 ], [ -75.677153797583514, 4.542299224774543, 0.0 ], [ -75.677213810202659, 4.542587848986659, 0.0 ], [ -75.677263882492653, 4.542718723670089, 0.0 ], [ -75.677267912304771, 4.542785421586184, 0.0 ], [ -75.676764150506671, 4.542733050497342, 0.0 ] ] ] } },
{ "type": "Feature", "properties": { "barrio": "CENTENARIO", "barrio_alt": "EL JUBILEO", "barrio_alt2": "EL JUBILEO", "vulnerabilidad": "Baja", "indice": 1.6666666666700001, "val_suelo": 1.0, "val_falla": 1.0, "val_antig": 3.0, "clas_antiguedad": "Alto", "clas_falla": "Baja", "clas_falla_alt": "Baja", "porcentaje_limitacion_suelo": 0.0, "area_m2": 55235.791473099998, "shape_area": 31616.550509699999 }, "geometry": { "type": "Polygon", "coordinates": [ [ [ -75.680274647211931, 4.54484021179683, 0.0 ], [ -75.679939403123313, 4.544661692489504, 0.0 ], [ -75.679561861473644, 4.544596297153077, 0.0 ], [ -75.680117970860394, 4.543878962855679, 0.0 ], [ -75.680075906465859, 4.543848708887944, 0.0 ], [ -75.68013262827651, 4.543188614587607, 0.0 ], [ -75.680436128266791, 4.543575748451177, 0.0 ], [ -75.680491513472404, 4.543602503860424, 0.0 ], [ -75.680571536581951, 4.543583932410407, 0.0 ], [ -75.680590235646719, 4.543518778296522, 0.0 ], [ -75.680758388993851, 4.543595772498556, 0.0 ], [ -75.681034079921517, 4.543537258494784, 0.0 ], [ -75.681224943975749, 4.543606406728741, 0.0 ], [ -75.681320639042397, 4.543656449516691, 0.0 ], [ -75.681396353321034, 4.543700769900523, 0.0 ], [ -75.681456850369898, 4.543764402321786, 0.0 ], [ -75.681526338717106, 4.543811147022586, 0.0 ], [ -75.681586277501907, 4.543823926805063, 0.0 ], [ -75.681669305302009, 4.543809354417809, 0.0 ], [ -75.681721561242739, 4.543813056288765, 0.0 ], [ -75.681671178075959, 4.544123356987577, 0.0 ], [ -75.68154885868303, 4.54474302346615, 0.0 ], [ -75.681372859121581, 4.544712499096032, 0.0 ], [ -75.681274607084418, 4.545545977386743, 0.0 ], [ -75.681081050754656, 4.545587218781258, 0.0 ], [ -75.680817564472591, 4.54537198339923, 0.0 ], [ -75.680520057701216, 4.544895730917585, 0.0 ], [ -75.680338760318165, 4.544911358894013, 0.0 ], [ -75.680274647211931, 4.54484021179683, 0.0 ] ] ] } },
{ "type": "Feature", "properties": { "barrio": "PIAMONTE", "barrio_alt": "EL JUBILEO", "barrio_alt2": "EL JUBILEO", "vulnerabilidad": "Baja", "indice": 1.6666666666700001, "val_suelo": 1.0, "val_falla": 1.0, "val_antig": 3.0, "clas_antiguedad": "Alto", "clas_falla": "Baja", "clas_falla_alt": "Baja", "porcentaje_limitacion_suelo": 0.0, "area_m2": 55235.791473099998, "shape_area": 7198.7139229200002 }, "geometry": { "type": "Polygon", "coordinates": [ [ [ -75.681547565040773, 4.544748627977996, 0.0 ], [ -75.681721569353783, 4.54381305716261, 0.0 ], [ -75.68178001082461, 4.543816561513236, 0.0 ], [ -75.68185246252969, 4.543788864603462, 0.0 ], [ -75.681911788273851, 4.543779113166451, 0.0 ], [ -75.6820982202713, 4.543760860381238, 0.0 ], [ -75.682121544802385, 4.543770647557355, 0.0 ], [ -75.682176846589684, 4.543768268254018, 0.0 ], [ -75.682324336272913, 4.543727726431613, 0.0 ], [ -75.682146497612095, 4.544715126884203, 0.0 ], [ -75.681983496649124, 4.544779560972954, 0.0 ], [ -75.681857916592548, 4.544795697757759, 0.0 ], [ -75.681718981979643, 4.544795745142847, 0.0 ], [ -75.681547565040773, 4.544748627977996, 0.0 ] ] ] } },
{ "type": "Feature", "properties": { "barrio": "PARAISO", "barrio_alt": "VILLA SOFIA", "barrio_alt2": "VILLA SOFIA", "vulnerabilidad": "Media", "indice": 2.0, "val_suelo": 1.0, "val_falla": 2.0, "val_antig": 3.0, "clas_antiguedad": "Alto", "clas_falla": "Media", "clas_falla_alt": "Media", "porcentaje_limitacion_suelo": 0.0, "area_m2": 22245.135465899999, "shape_area": 136192.669819 }, "geometry": { "type": "Polygon", "coordinates": [ [ [ -75.677478855116192, 4.547583004260772, 0.0 ], [ -75.676147912607831, 4.547291461488486, 0.0 ], [ -75.6761669525889, 4.546589050967811, 0.0 ], [ -75.676503195808067, 4.545859409838844, 0.0 ], [ -75.676498253412802, 4.545837396395269, 0.0 ], [ -75.676576641826742, 4.545706291792178, 0.0 ], [ -75.676596404696269, 4.545592935705582, 0.0 ], [ -75.676575958318864, 4.545397444751654, 0.0 ], [ -75.676511532869981, 4.545206765039111, 0.0 ], [ -75.67649546361578, 4.545079032986193, 0.0 ], [ -75.676608389026484, 4.545012411936803, 0.0 ], [ -75.676891572104751, 4.544907928905793, 0.0 ], [ -75.677053608640207, 4.544837193495758, 0.0 ], [ -75.678116649218694, 4.545159420066469, 0.0 ], [ -75.679245068913872, 4.544986281187142, 0.0 ], [ -75.679393591810921, 4.544986232026454, 0.0 ], [ -75.679825550278053, 4.545331765168386, 0.0 ], [ -75.680274647211931, 4.54484021179683, 0.0 ], [ -75.680338760318165, 4.544911358894013, 0.0 ], [ -75.680520057701216, 4.544895730917585, 0.0 ], [ -75.680817564472591, 4.54537198339923, 0.0 ], [ -75.681081050754656, 4.545587218781258, 0.0 ], [ -75.681274607084418, 4.545545977386743, 0.0 ], [ -75.681281266401783, 4.545519205315637, 0.0 ], [ -75.681625908802019, 4.545514562124958, 0.0 ], [ -75.681799316947448, 4.54552541386843, 0.0 ], [ -75.681781942856205, 4.545789424456564, 0.0 ], [ -75.681840509055448, 4.545781549856429, 0.0 ], [ -75.681718373686195, 4.546448083555995, 0.0 ], [ -75.681727104353456, 4.546543130989889, 0.0 ], [ -75.681662449475411, 4.546964537705406, 0.0 ], [ -75.681643335711684, 4.546975505458008, 0.0 ], [ -75.681551911399481, 4.546977646091167, 0.0 ], [ -75.681467219390001, 4.546950349222, 0.0 ], [ -75.681333891141506, 4.546944009556121, 0.0 ], [ -75.681230671542565, 4.546918838398976, 0.0 ], [ -75.681110236209051, 4.546869055271288, 0.0 ], [ -75.680850679043473, 4.546810725435977, 0.0 ], [ -75.680614384822945, 4.546802252282482, 0.0 ], [ -75.680455254802894, 4.546762591155112, 0.0 ], [ -75.680340152320085, 4.546756811713906, 0.0 ], [ -75.680276457496319, 4.54677765318327, 0.0 ], [ -75.680166463834937, 4.54684690368563, 0.0 ], [ -75.679925584307043, 4.546869202344634, 0.0 ], [ -75.679805274934665, 4.546862021043868, 0.0 ], [ -75.679683295405923, 4.546891894921867, 0.0 ], [ -75.67952835048159, 4.546973993894423, 0.0 ], [ -75.679425744990098, 4.547066219553701, 0.0 ], [ -75.679132675165135, 4.547211903108771, 0.0 ], [ -75.678994663256447, 4.547256569058906, 0.0 ], [ -75.678830560301606, 4.547368043114852, 0.0 ], [ -75.678776307763243, 4.547417014233552, 0.0 ], [ -75.67856035638232, 4.547523296742481, 0.0 ], [ -75.6784944634488, 4.547538836799054, 0.0 ], [ -75.678374451342847, 4.547552676167104, 0.0 ], [ -75.678153958748027, 4.547524719012235, 0.0 ], [ -75.67805378447045, 4.547506782943003, 0.0 ], [ -75.677924601147836, 4.547441079735503, 0.0 ], [ -75.677826317437876, 4.547420849332013, 0.0 ], [ -75.677747952929863, 4.547191902672156, 0.0 ], [ -75.677565204260532, 4.54742237787108, 0.0 ], [ -75.677498246764159, 4.547531149685861, 0.0 ], [ -75.677478855116192, 4.547583004260772, 0.0 ] ] ] } },
{ "type": "Feature", "properties": { "barrio": "BLOQUES ALTOS DEL BOSQUE", "barrio_alt": "LA DIVISA", "barrio_alt2": "LA DIVISA", "vulnerabilidad": "Alta", "indice": 2.3333333333300001, "val_suelo": 1.0, "val_falla": 3.0, "val_antig": 3.0, "clas_antiguedad": "Alto", "clas_falla": "Alta", "clas_falla_alt": "Alta", "porcentaje_limitacion_suelo": 0.0, "area_m2": 19458.292549400001, "shape_area": 3838.0947039799998 }, "geometry": { "type": "Polygon", "coordinates": [ [ [ -75.676125129965868, 4.540406060209377, 0.0 ], [ -75.676110676908536, 4.54010003416931, 0.0 ], [ -75.676211461295537, 4.539910619267258, 0.0 ], [ -75.676226107759248, 4.53992532358798, 0.0 ], [ -75.676407447505753, 4.539805750715344, 0.0 ], [ -75.676718672946052, 4.540129252899844, 0.0 ], [ -75.676808149168622, 4.54018282576744, 0.0 ], [ -75.676780488546811, 4.540444335071971, 0.0 ], [ -75.676562632517616, 4.540424282229353, 0.0 ], [ -75.676376706031135, 4.540428444289679, 0.0 ], [ -75.676125129965868, 4.540406060209377, 0.0 ] ] ] } },
{ "type": "Feature", "properties": { "barrio": "CORBONES", "barrio_alt": "GRANADA", "barrio_alt2": "GRANADA", "vulnerabilidad": "Alta", "indice": 2.3333333333300001, "val_suelo": 1.0, "val_falla": 3.0, "val_antig": 3.0, "clas_antiguedad": "Alto", "clas_falla": "Alta", "clas_falla_alt": "Alta", "porcentaje_limitacion_suelo": 0.0, "area_m2": 213993.879717, "shape_area": 76101.435954400004 }, "geometry": { "type": "Polygon", "coordinates": [ [ [ -75.675575361053504, 4.54040665495481, 0.0 ], [ -75.67555394941607, 4.540247617007416, 0.0 ], [ -75.675446184067056, 4.539759074706814, 0.0 ], [ -75.676437247666783, 4.538823781894563, 0.0 ], [ -75.676788128899958, 4.539202840409311, 0.0 ], [ -75.676721391644847, 4.539421465406597, 0.0 ], [ -75.676783537243082, 4.539582042503182, 0.0 ], [ -75.67687864620197, 4.539732033628722, 0.0 ], [ -75.676961049605652, 4.539793166255272, 0.0 ], [ -75.677138376315568, 4.539967600437354, 0.0 ], [ -75.677455465038491, 4.540170755166848, 0.0 ], [ -75.677527127381666, 4.540206705360083, 0.0 ], [ -75.677309310919441, 4.540503338344585, 0.0 ], [ -75.677217835023086, 4.540688693845846, 0.0 ], [ -75.677124524452353, 4.540969404109132, 0.0 ], [ -75.677070400687754, 4.541768251602511, 0.0 ], [ -75.677079263309821, 4.541982345825337, 0.0 ], [ -75.677101300369145, 4.542171558514052, 0.0 ], [ -75.676669378144723, 4.542288705274952, 0.0 ], [ -75.676764150506671, 4.542733050497342, 0.0 ], [ -75.677283803267642, 4.542786780984046, 0.0 ], [ -75.677280433458989, 4.543324337074345, 0.0 ], [ -75.67712755967294, 4.543282467197443, 0.0 ], [ -75.677100243646848, 4.543345490027742, 0.0 ], [ -75.677107039722017, 4.543347416620487, 0.0 ], [ -75.677033115257075, 4.543485354511371, 0.0 ], [ -75.677098118219035, 4.543531401390209, 0.0 ], [ -75.677067413043886, 4.543574635315524, 0.0 ], [ -75.67711207930877, 4.54361421785122, 0.0 ], [ -75.676982303582164, 4.543788053639858, 0.0 ], [ -75.676589379905849, 4.543455488398489, 0.0 ], [ -75.676310078252556, 4.543724312006631, 0.0 ], [ -75.676197733087449, 4.543878091625003, 0.0 ], [ -75.67613235322176, 4.544017506668975, 0.0 ], [ -75.676115960888083, 4.544197903117143, 0.0 ], [ -75.676136323621677, 4.544370088851371, 0.0 ], [ -75.676193479212486, 4.544415167790252, 0.0 ], [ -75.676385408903414, 4.544398705794267, 0.0 ], [ -75.676548734947204, 4.544443750778166, 0.0 ], [ -75.676650803684751, 4.544505213243964, 0.0 ], [ -75.676765110058085, 4.544603571679854, 0.0 ], [ -75.676971283229477, 4.544744946992434, 0.0 ], [ -75.677053608640207, 4.544837193495758, 0.0 ], [ -75.676891572104751, 4.544907928905793, 0.0 ], [ -75.676608389026484, 4.545012411936803, 0.0 ], [ -75.67649546361578, 4.545079032986193, 0.0 ], [ -75.676511532869981, 4.545206765039111, 0.0 ], [ -75.676575958318864, 4.545397444751654, 0.0 ], [ -75.676596404696269, 4.545592935705582, 0.0 ], [ -75.676576641826742, 4.545706291792178, 0.0 ], [ -75.676495939837167, 4.545841265312493, 0.0 ], [ -75.676209278315781, 4.545715458723121, 0.0 ], [ -75.676040926847904, 4.545503238313281, 0.0 ], [ -75.675702304649576, 4.545617815840197, 0.0 ], [ -75.675637910794038, 4.545358768409017, 0.0 ], [ -75.675718587874101, 4.545277768940849, 0.0 ], [ -75.675629130855953, 4.544964759342262, 0.0 ], [ -75.675593390237694, 4.544748878001506, 0.0 ], [ -75.675459075329414, 4.544133075947214, 0.0 ], [ -75.675457315615105, 4.544062909673775, 0.0 ], [ -75.675482437820321, 4.543987334006714, 0.0 ], [ -75.675489654649795, 4.543879381918822, 0.0 ], [ -75.675517274071325, 4.54383530693805, 0.0 ], [ -75.675494360202038, 4.543828423605616, 0.0 ], [ -75.675688605876417, 4.543554302840013, 0.0 ], [ -75.675844877079371, 4.543285825272978, 0.0 ], [ -75.675904191613228, 4.543056095951902, 0.0 ], [ -75.675906041372883, 4.542888885823932, 0.0 ], [ -75.675971193376512, 4.54225661138037, 0.0 ], [ -75.676030007462103, 4.542293206950026, 0.0 ], [ -75.676197055663167, 4.542339551169446, 0.0 ], [ -75.676244825071493, 4.542324858195893, 0.0 ], [ -75.676219573647984, 4.542135580448861, 0.0 ], [ -75.676382780569185, 4.542141165117328, 0.0 ], [ -75.676389256696837, 4.542134509813626, 0.0 ], [ -75.676370975472807, 4.541920855469693, 0.0 ], [ -75.676465143566162, 4.541446857609801, 0.0 ], [ -75.676485043290455, 4.541022467234447, 0.0 ], [ -75.676512268230852, 4.540809900509622, 0.0 ], [ -75.676540807381699, 4.540707698667014, 0.0 ], [ -75.676562584764639, 4.540546910243594, 0.0 ], [ -75.676562632517616, 4.540424282229353, 0.0 ], [ -75.676780488546811, 4.540444335071971, 0.0 ], [ -75.676808149168622, 4.54018282576744, 0.0 ], [ -75.676718672946052, 4.540129252899844, 0.0 ], [ -75.676407447505753, 4.539805750715344, 0.0 ], [ -75.676226107759248, 4.53992532358798, 0.0 ], [ -75.676211461295537, 4.539910619267258, 0.0 ], [ -75.676110676908536, 4.54010003416931, 0.0 ], [ -75.676125129965868, 4.540406060209377, 0.0 ], [ -75.675929238578959, 4.540388629626437, 0.0 ], [ -75.675896659825852, 4.540410443403301, 0.0 ], [ -75.675575361053504, 4.54040665495481, 0.0 ] ] ] } },
{ "type": "Feature", "properties": { "barrio": "ASENTAMIENTO ACACIAS BAJO", "barrio_alt": "LAS ACACIAS", "barrio_alt2": "LAS ACACIAS", "vulnerabilidad": "Muy baja", "indice": 1.0, "val_suelo": 1.0, "val_falla": 1.0, "val_antig": 1.0, "clas_antiguedad": "Baja", "clas_falla": null, "clas_falla_alt": null, "porcentaje_limitacion_suelo": 0.0, "area_m2": 83534.203318100001, "shape_area": 42710.465481500003 }, "geometry": { "type": "Polygon", "coordinates": [ [ [ -75.691678397558334, 4.525102844587673, 0.0 ], [ -75.691556721829699, 4.525072004009454, 0.0 ], [ -75.691521388652049, 4.525073813432592, 0.0 ], [ -75.69146226216796, 4.525059433191656, 0.0 ], [ -75.691350974815535, 4.525070253858912, 0.0 ], [ -75.691163185269332, 4.525177036986361, 0.0 ], [ -75.690960541355921, 4.525324432635481, 0.0 ], [ -75.69090065017042, 4.525348367715189, 0.0 ], [ -75.690660925045279, 4.525361953515755, 0.0 ], [ -75.690575615213689, 4.525300403547229, 0.0 ], [ -75.690856060250439, 4.524882400898123, 0.0 ], [ -75.691023062507071, 4.524562877667414, 0.0 ], [ -75.691134382814624, 4.524397144398503, 0.0 ], [ -75.691025913678828, 4.524367580737523, 0.0 ], [ -75.691217844406182, 4.524160623244716, 0.0 ], [ -75.691394510512467, 4.524024902507623, 0.0 ], [ -75.691583226957192, 4.523956939344701, 0.0 ], [ -75.691818635250826, 4.52392889493646, 0.0 ], [ -75.69189313152178, 4.523895695109549, 0.0 ], [ -75.692107297558096, 4.523960640991991, 0.0 ], [ -75.692211830456841, 4.52397840691473, 0.0 ], [ -75.692256029943366, 4.52401081690046, 0.0 ], [ -75.692232298375615, 4.524137573533582, 0.0 ], [ -75.692297386017486, 4.524147440267083, 0.0 ], [ -75.69250838384886, 4.524256247491569, 0.0 ], [ -75.692589252302682, 4.524266105162392, 0.0 ], [ -75.692634635499942, 4.524236370359395, 0.0 ], [ -75.692660260769301, 4.524270023804766, 0.0 ], [ -75.69281547372627, 4.524623776694843, 0.0 ], [ -75.692856837841944, 4.524740595940176, 0.0 ], [ -75.692929767209691, 4.524841557330114, 0.0 ], [ -75.693087494839787, 4.524988018903131, 0.0 ], [ -75.693351727360181, 4.525150266076938, 0.0 ], [ -75.693610095321176, 4.52520359505853, 0.0 ], [ -75.693843076712525, 4.525170691471437, 0.0 ], [ -75.693987103985705, 4.525097336070283, 0.0 ], [ -75.694107464928905, 4.525016071672129, 0.0 ], [ -75.69421403341758, 4.52490906904056, 0.0 ], [ -75.694328512165839, 4.52475849374209, 0.0 ], [ -75.694608761780188, 4.524437513557597, 0.0 ], [ -75.694640267560786, 4.524571918533255, 0.0 ], [ -75.694636591183468, 4.524718721543056, 0.0 ], [ -75.694565234779745, 4.524999845288942, 0.0 ], [ -75.694533574274288, 4.525211003766673, 0.0 ], [ -75.694499207068461, 4.525301972702158, 0.0 ], [ -75.694461055658579, 4.525368652376629, 0.0 ], [ -75.694415384845428, 4.525604503661088, 0.0 ], [ -75.694384092034468, 4.525652340146111, 0.0 ], [ -75.694329675992748, 4.525679575603361, 0.0 ], [ -75.694282101820079, 4.525749909285048, 0.0 ], [ -75.694227077301093, 4.525697424033654, 0.0 ], [ -75.694099183496462, 4.525632108919567, 0.0 ], [ -75.693999708158515, 4.525651951748956, 0.0 ], [ -75.693925339786119, 4.525681712387598, 0.0 ], [ -75.693816223542271, 4.525688372208779, 0.0 ], [ -75.693686176564754, 4.525599389949098, 0.0 ], [ -75.693566085308035, 4.525560480749236, 0.0 ], [ -75.693325779338807, 4.525514555556105, 0.0 ], [ -75.693088600486732, 4.525546907854283, 0.0 ], [ -75.692983188071125, 4.525607061355387, 0.0 ], [ -75.692905803543567, 4.525676756602403, 0.0 ], [ -75.692876840813284, 4.525718192817538, 0.0 ], [ -75.692835516858466, 4.52574941779728, 0.0 ], [ -75.692755680662984, 4.52578488605181, 0.0 ], [ -75.692688365483562, 4.525793634769944, 0.0 ], [ -75.69259773413971, 4.525761762141156, 0.0 ], [ -75.692559562397818, 4.525713136572956, 0.0 ], [ -75.692347838483457, 4.525548682105276, 0.0 ], [ -75.692227422276645, 4.525478422508607, 0.0 ], [ -75.692196809431977, 4.525449270786361, 0.0 ], [ -75.691925662273007, 4.525273222394232, 0.0 ], [ -75.691820551261429, 4.525164429580413, 0.0 ], [ -75.691678397558334, 4.525102844587673, 0.0 ] ] ] } },
{ "type": "Feature", "properties": { "barrio": null, "barrio_alt": "LAS ACACIAS", "barrio_alt2": "LAS ACACIAS", "vulnerabilidad": "Baja", "indice": 1.6666666666700001, "val_suelo": 1.0, "val_falla": 1.0, "val_antig": 3.0, "clas_antiguedad": "Alto", "clas_falla": "Baja", "clas_falla_alt": "Baja", "porcentaje_limitacion_suelo": 0.0, "area_m2": 83534.203318100001, "shape_area": 28042.752727200001 }, "geometry": { "type": "Polygon", "coordinates": [ [ [ -75.689260770370595, 4.523342197834778, 0.0 ], [ -75.689086037470091, 4.523351178190723, 0.0 ], [ -75.688923136956547, 4.5234077297391, 0.0 ], [ -75.689094828087732, 4.523663385886941, 0.0 ], [ -75.688791494212495, 4.523762441628973, 0.0 ], [ -75.688776436164531, 4.52375180092722, 0.0 ], [ -75.688836896861019, 4.523653455502266, 0.0 ], [ -75.68881332727986, 4.523563622142957, 0.0 ], [ -75.68881354983894, 4.523333713278098, 0.0 ], [ -75.688742092051385, 4.523175608026524, 0.0 ], [ -75.688677899722748, 4.522909645600199, 0.0 ], [ -75.688757408083006, 4.522682986820569, 0.0 ], [ -75.688855985157318, 4.522731404613325, 0.0 ], [ -75.688925020049979, 4.522737308208893, 0.0 ], [ -75.688990119772157, 4.522719449102222, 0.0 ], [ -75.68923677692321, 4.522519293196377, 0.0 ], [ -75.689282174213773, 4.52246183686584, 0.0 ], [ -75.689378841904826, 4.522428117350465, 0.0 ], [ -75.689512983685688, 4.522400318349276, 0.0 ], [ -75.689556367276538, 4.522424056438656, 0.0 ], [ -75.689635190899978, 4.522574525718805, 0.0 ], [ -75.689680490883575, 4.522707188758504, 0.0 ], [ -75.689805643293312, 4.522884390141694, 0.0 ], [ -75.690113175170808, 4.523232773239368, 0.0 ], [ -75.690132860624033, 4.523308016962624, 0.0 ], [ -75.690174259339528, 4.523357505948172, 0.0 ], [ -75.690277132684741, 4.523435951596026, 0.0 ], [ -75.690373758676742, 4.523481447209725, 0.0 ], [ -75.69078398685032, 4.523576282586079, 0.0 ], [ -75.691022640478124, 4.523609816277441, 0.0 ], [ -75.691701026356142, 4.523842042632524, 0.0 ], [ -75.69189313152178, 4.523895695109549, 0.0 ], [ -75.691818635250826, 4.52392889493646, 0.0 ], [ -75.691583226957192, 4.523956939344701, 0.0 ], [ -75.691394510512467, 4.524024902507623, 0.0 ], [ -75.691217844406182, 4.524160623244716, 0.0 ], [ -75.691025913678828, 4.524367580737523, 0.0 ], [ -75.68965742078511, 4.523990269161883, 0.0 ], [ -75.689577501448241, 4.523850545025199, 0.0 ], [ -75.689550933915285, 4.523562131145637, 0.0 ], [ -75.689503581748411, 4.523455103640555, 0.0 ], [ -75.689260770370595, 4.523342197834778, 0.0 ] ] ] } },
{ "type": "Feature", "properties": { "barrio": "CONJUNTO NUEVO HORIZONTE", "barrio_alt": "PUERTO ESPEJO I ETAPA", "barrio_alt2": "PUERTO ESPEJO I ETAPA", "vulnerabilidad": "Muy baja", "indice": 1.0, "val_suelo": 1.0, "val_falla": 1.0, "val_antig": 1.0, "clas_antiguedad": "Baja", "clas_falla": null, "clas_falla_alt": null, "porcentaje_limitacion_suelo": 0.0, "area_m2": 120124.509129, "shape_area": 33918.969071699998 }, "geometry": { "type": "Polygon", "coordinates": [ [ [ -75.712655674240096, 4.514351483051247, 0.0 ], [ -75.712630150436226, 4.51408328719475, 0.0 ], [ -75.71257361289571, 4.513725172421057, 0.0 ], [ -75.714106986922346, 4.51277239773829, 0.0 ], [ -75.714637058195947, 4.51462729837723, 0.0 ], [ -75.713127523868778, 4.515604291617138, 0.0 ], [ -75.712995662934475, 4.515310260031156, 0.0 ], [ -75.713683752882332, 4.514898453540818, 0.0 ], [ -75.713460813016454, 4.514079237884466, 0.0 ], [ -75.71290449152464, 4.514395459406597, 0.0 ], [ -75.712655674240096, 4.514351483051247, 0.0 ] ] ] } },
{ "type": "Feature", "properties": { "barrio": "MANANTIALES", "barrio_alt": "LA FACHADA", "barrio_alt2": "LA FACHADA", "vulnerabilidad": "Muy baja", "indice": 1.3333333333299999, "val_suelo": 1.0, "val_falla": 1.0, "val_antig": 2.0, "clas_antiguedad": "Media", "clas_falla": null, "clas_falla_alt": null, "porcentaje_limitacion_suelo": 0.93896713615100003, "area_m2": 261897.66042900001, "shape_area": 82483.863052200002 }, "geometry": { "type": "Polygon", "coordinates": [ [ [ -75.70944273004136, 4.521394129144514, 0.0 ], [ -75.709246284109881, 4.521258524025309, 0.0 ], [ -75.709108807541696, 4.521131356884873, 0.0 ], [ -75.708907615996907, 4.520995454753735, 0.0 ], [ -75.709041870932367, 4.520464944796158, 0.0 ], [ -75.709067918222601, 4.52003177012796, 0.0 ], [ -75.709022006101222, 4.519311169366598, 0.0 ], [ -75.708986616556032, 4.519197198535287, 0.0 ], [ -75.709164903231596, 4.519450453985264, 0.0 ], [ -75.709394887791717, 4.51968595683869, 0.0 ], [ -75.709834713388034, 4.519957046840845, 0.0 ], [ -75.709997875809435, 4.520008905998773, 0.0 ], [ -75.710139170769025, 4.520020749597446, 0.0 ], [ -75.710466150595678, 4.520021755618696, 0.0 ], [ -75.710957411804259, 4.520073483442382, 0.0 ], [ -75.7111212080287, 4.520179514807871, 0.0 ], [ -75.711335897105641, 4.520247100556435, 0.0 ], [ -75.711662371058054, 4.520314384986524, 0.0 ], [ -75.712138610053529, 4.52036296332874, 0.0 ], [ -75.712656287844425, 4.5205145519824, 0.0 ], [ -75.712816991965781, 4.520539072652266, 0.0 ], [ -75.712333098964308, 4.522449530025586, 0.0 ], [ -75.712192353217958, 4.522456077574293, 0.0 ], [ -75.712162002835967, 4.522473508928557, 0.0 ], [ -75.712102487897511, 4.522611568449367, 0.0 ], [ -75.712066516630202, 4.522630999795415, 0.0 ], [ -75.711967302998602, 4.522657606631873, 0.0 ], [ -75.711931455239508, 4.522642213398997, 0.0 ], [ -75.711898092197202, 4.522585258045799, 0.0 ], [ -75.711878250775541, 4.522519672766832, 0.0 ], [ -75.711839681955112, 4.522483303585532, 0.0 ], [ -75.711781941539044, 4.522448048602462, 0.0 ], [ -75.711606031003512, 4.522407788816784, 0.0 ], [ -75.711450266477584, 4.522399991314376, 0.0 ], [ -75.711314764538002, 4.522421128160152, 0.0 ], [ -75.71121297989967, 4.522394712328405, 0.0 ], [ -75.711126609355787, 4.522351634402648, 0.0 ], [ -75.711073588486073, 4.522290265923019, 0.0 ], [ -75.710949970308619, 4.521989393291657, 0.0 ], [ -75.710803280872085, 4.521862262156211, 0.0 ], [ -75.710500578860916, 4.521714871126351, 0.0 ], [ -75.710304537868922, 4.521692313966964, 0.0 ], [ -75.710238681003872, 4.521660894241519, 0.0 ], [ -75.710072653646677, 4.521625292436524, 0.0 ], [ -75.70998579114061, 4.521593057257769, 0.0 ], [ -75.709862040617921, 4.52157647698453, 0.0 ], [ -75.709646144975707, 4.521452252501805, 0.0 ], [ -75.709608839047462, 4.52144127531547, 0.0 ], [ -75.709545749583199, 4.52144670338514, 0.0 ], [ -75.70944273004136, 4.521394129144514, 0.0 ] ] ] } },
{ "type": "Feature", "properties": { "barrio": "LINDARAJA I ETAPA", "barrio_alt": "LINDARAJA II ETAPA", "barrio_alt2": "LINDARAJA II ETAPA", "vulnerabilidad": "Baja", "indice": 1.6666666666700001, "val_suelo": 1.0, "val_falla": 1.0, "val_antig": 3.0, "clas_antiguedad": "Alto", "clas_falla": null, "clas_falla_alt": null, "porcentaje_limitacion_suelo": 0.0, "area_m2": 54254.638532500001, "shape_area": 33100.4146855 }, "geometry": { "type": "Polygon", "coordinates": [ [ [ -75.707495391482993, 4.520669185223981, 0.0 ], [ -75.707266916208155, 4.52045108128684, 0.0 ], [ -75.707162150800897, 4.520450842106022, 0.0 ], [ -75.70702554159999, 4.520490447923081, 0.0 ], [ -75.70697228148056, 4.520486081740847, 0.0 ], [ -75.70692988333505, 4.520468582726662, 0.0 ], [ -75.706920225984632, 4.52024644910041, 0.0 ], [ -75.706928197018044, 4.520187163541296, 0.0 ], [ -75.70688827503929, 4.519691380159669, 0.0 ], [ -75.707412168826281, 4.519602250662468, 0.0 ], [ -75.708983545870453, 4.519197980259243, 0.0 ], [ -75.709022006101222, 4.519311169366598, 0.0 ], [ -75.709067918222601, 4.52003177012796, 0.0 ], [ -75.709041870932367, 4.520464944796158, 0.0 ], [ -75.708907615996907, 4.520995454753735, 0.0 ], [ -75.708748786122129, 4.52091739755883, 0.0 ], [ -75.708659765838135, 4.520850150731473, 0.0 ], [ -75.708482711236798, 4.520803052416353, 0.0 ], [ -75.708342456633432, 4.520722656448405, 0.0 ], [ -75.708282591931749, 4.520708160099417, 0.0 ], [ -75.708178737469169, 4.520709177900802, 0.0 ], [ -75.708129289704317, 4.520748473155018, 0.0 ], [ -75.708026521138393, 4.520860420670775, 0.0 ], [ -75.707939612779725, 4.520874752011622, 0.0 ], [ -75.707904847067311, 4.520863746215155, 0.0 ], [ -75.707821970898664, 4.52080390739272, 0.0 ], [ -75.707650825092728, 4.520727320692313, 0.0 ], [ -75.707546095489491, 4.52070422389705, 0.0 ], [ -75.707495391482993, 4.520669185223981, 0.0 ] ] ] } },
{ "type": "Feature", "properties": { "barrio": "VILLA DEL CARMEN", "barrio_alt": "EL CARMELO", "barrio_alt2": "EL CARMELO", "vulnerabilidad": "Muy baja", "indice": 1.3333333333299999, "val_suelo": 1.0, "val_falla": 1.0, "val_antig": 2.0, "clas_antiguedad": "Media", "clas_falla": null, "clas_falla_alt": null, "porcentaje_limitacion_suelo": 0.0, "area_m2": 12283.801976299999, "shape_area": 33199.811268099998 }, "geometry": { "type": "Polygon", "coordinates": [ [ [ -75.702749923478152, 4.521171556639959, 0.0 ], [ -75.702692380635426, 4.520053158731639, 0.0 ], [ -75.702640873707551, 4.519950459051228, 0.0 ], [ -75.702615650454618, 4.519517329094524, 0.0 ], [ -75.702593101628622, 4.519404709776358, 0.0 ], [ -75.702791693752474, 4.519376139488234, 0.0 ], [ -75.703226684722964, 4.519366454201177, 0.0 ], [ -75.703645113121226, 4.519397126987028, 0.0 ], [ -75.703743796338827, 4.519412917196259, 0.0 ], [ -75.703831462257085, 4.521137361798634, 0.0 ], [ -75.703866527485758, 4.522128945771319, 0.0 ], [ -75.703800781443462, 4.522123543038748, 0.0 ], [ -75.703711521352886, 4.522087356258023, 0.0 ], [ -75.703449064778695, 4.521891564516394, 0.0 ], [ -75.703287024488432, 4.521797128617444, 0.0 ], [ -75.703178503961453, 4.521756345242328, 0.0 ], [ -75.703036019021681, 4.521666821052238, 0.0 ], [ -75.702943700690113, 4.521630636503081, 0.0 ], [ -75.702823881038796, 4.521547804236032, 0.0 ], [ -75.702726763162289, 4.521460130109786, 0.0 ], [ -75.702611263479199, 4.521415565768693, 0.0 ], [ -75.702665244091776, 4.521426382567618, 0.0 ], [ -75.702749923478152, 4.521171556639959, 0.0 ] ] ] } },
{ "type": "Feature", "properties": { "barrio": "VILLA ALEJANDRA I", "barrio_alt": "EL CARMELO", "barrio_alt2": "EL CARMELO", "vulnerabilidad": "Baja", "indice": 1.6666666666700001, "val_suelo": 1.0, "val_falla": 1.0, "val_antig": 3.0, "clas_antiguedad": "Alto", "clas_falla": null, "clas_falla_alt": null, "porcentaje_limitacion_suelo": 0.0, "area_m2": 12283.801976299999, "shape_area": 19627.7032339 }, "geometry": { "type": "Polygon", "coordinates": [ [ [ -75.701977335481729, 4.52113486455594, 0.0 ], [ -75.701751087121636, 4.521028958718405, 0.0 ], [ -75.701743990940699, 4.520693209634363, 0.0 ], [ -75.701772499140617, 4.520360647274789, 0.0 ], [ -75.701791667596723, 4.519682871718941, 0.0 ], [ -75.701781426280874, 4.519631372604368, 0.0 ], [ -75.702577866247978, 4.519395536437073, 0.0 ], [ -75.702593101628622, 4.519404709776358, 0.0 ], [ -75.702615650454618, 4.519517329094524, 0.0 ], [ -75.702640873707551, 4.519950459051228, 0.0 ], [ -75.702692380635426, 4.520053158731639, 0.0 ], [ -75.702749923478152, 4.521171556639959, 0.0 ], [ -75.702665244091776, 4.521426382567618, 0.0 ], [ -75.702611263479199, 4.521415565768693, 0.0 ], [ -75.702522861558478, 4.521363966249546, 0.0 ], [ -75.702426348299923, 4.521347996145835, 0.0 ], [ -75.702167038381987, 4.521190494040979, 0.0 ], [ -75.702131957974473, 4.521182589943658, 0.0 ], [ -75.702079074009745, 4.521153882629924, 0.0 ], [ -75.701977335481729, 4.52113486455594, 0.0 ] ] ] } },
{ "type": "Feature", "properties": { "barrio": "BELLO HORIZONTE", "barrio_alt": "14 DE OCTUBRE", "barrio_alt2": "14 DE OCTUBRE", "vulnerabilidad": "Muy baja", "indice": 1.3333333333299999, "val_suelo": 1.0, "val_falla": 1.0, "val_antig": 2.0, "clas_antiguedad": "Media", "clas_falla": null, "clas_falla_alt": null, "porcentaje_limitacion_suelo": 0.0, "area_m2": 22380.4808729, "shape_area": 14927.4416944 }, "geometry": { "type": "Polygon", "coordinates": [ [ [ -75.700783874131986, 4.520743717839238, 0.0 ], [ -75.700477553819937, 4.52062190532044, 0.0 ], [ -75.700384450547844, 4.52002795352391, 0.0 ], [ -75.701353496374693, 4.51973010194794, 0.0 ], [ -75.701772774808418, 4.51958786557006, 0.0 ], [ -75.701791667596723, 4.519682871718941, 0.0 ], [ -75.701772499140617, 4.520360647274789, 0.0 ], [ -75.701743990940699, 4.520693209634363, 0.0 ], [ -75.701569281776955, 4.520709120997913, 0.0 ], [ -75.700783874131986, 4.520743717839238, 0.0 ] ] ] } },
{ "type": "Feature", "properties": { "barrio": "URBANIZACION GIRASOLES I Y II", "barrio_alt": "LAS ACACIAS", "barrio_alt2": "LAS ACACIAS", "vulnerabilidad": "Muy baja", "indice": 1.3333333333299999, "val_suelo": 1.0, "val_falla": 1.0, "val_antig": 2.0, "clas_antiguedad": "Media", "clas_falla": null, "clas_falla_alt": null, "porcentaje_limitacion_suelo": 0.0, "area_m2": 83534.203318100001, "shape_area": 24208.260165200001 }, "geometry": { "type": "Polygon", "coordinates": [ [ [ -75.694533574274288, 4.525211003766673, 0.0 ], [ -75.694565234779745, 4.524999845288942, 0.0 ], [ -75.694636591183468, 4.524718721543056, 0.0 ], [ -75.694640267560786, 4.524571918533255, 0.0 ], [ -75.694608761780188, 4.524437513557597, 0.0 ], [ -75.69466405978072, 4.524294894678044, 0.0 ], [ -75.694708659239737, 4.52425375551153, 0.0 ], [ -75.694740015400654, 4.524284657265746, 0.0 ], [ -75.694812228363844, 4.524312246250751, 0.0 ], [ -75.694964992756525, 4.524293256262293, 0.0 ], [ -75.695064132724113, 4.524262946775201, 0.0 ], [ -75.695108954259467, 4.524311052866635, 0.0 ], [ -75.695273601281855, 4.524370390807912, 0.0 ], [ -75.695375494776783, 4.524431532899467, 0.0 ], [ -75.695447763189563, 4.524492117296866, 0.0 ], [ -75.695609729444499, 4.524444865979449, 0.0 ], [ -75.695640239938882, 4.524560035607524, 0.0 ], [ -75.695606313344356, 4.524732042025363, 0.0 ], [ -75.695634352042958, 4.52482240130936, 0.0 ], [ -75.695675875688437, 4.525126533262806, 0.0 ], [ -75.695679718953102, 4.525215929523091, 0.0 ], [ -75.695647729234352, 4.52538599137154, 0.0 ], [ -75.695503564868616, 4.525674343062844, 0.0 ], [ -75.695375766116328, 4.525824035174058, 0.0 ], [ -75.695488979856108, 4.525894928398409, 0.0 ], [ -75.695443438868693, 4.526068882077062, 0.0 ], [ -75.695430820137446, 4.526188408147842, 0.0 ], [ -75.69480064914022, 4.526210602989201, 0.0 ], [ -75.694555768022312, 4.526246538366736, 0.0 ], [ -75.694540758211957, 4.526183477708894, 0.0 ], [ -75.694415712303751, 4.525876313581087, 0.0 ], [ -75.694282101820079, 4.525749909285048, 0.0 ], [ -75.694329675992748, 4.525679575603361, 0.0 ], [ -75.694384092034468, 4.525652340146111, 0.0 ], [ -75.694415384845428, 4.525604503661088, 0.0 ], [ -75.694461055658579, 4.525368652376629, 0.0 ], [ -75.694499207068461, 4.525301972702158, 0.0 ], [ -75.694533574274288, 4.525211003766673, 0.0 ] ] ] } },
{ "type": "Feature", "properties": { "barrio": "ASENTAMIENTO CRISTALES BAJO", "barrio_alt": "LAS ACACIAS", "barrio_alt2": "LAS ACACIAS", "vulnerabilidad": "Baja", "indice": 1.6666666666700001, "val_suelo": 1.0, "val_falla": 1.0, "val_antig": 3.0, "clas_antiguedad": "Alto", "clas_falla": null, "clas_falla_alt": null, "porcentaje_limitacion_suelo": 0.0, "area_m2": 83534.203318100001, "shape_area": 6543.7539774799998 }, "geometry": { "type": "Polygon", "coordinates": [ [ [ -75.69466405978072, 4.524294894678044, 0.0 ], [ -75.694421112122171, 4.524143479563007, 0.0 ], [ -75.694262307710986, 4.524073853285186, 0.0 ], [ -75.694280768500761, 4.524033420833094, 0.0 ], [ -75.694827632289503, 4.523599169163831, 0.0 ], [ -75.694951954404061, 4.523665861831398, 0.0 ], [ -75.695125689346327, 4.523834169065001, 0.0 ], [ -75.695215655286148, 4.523984065668004, 0.0 ], [ -75.695282762968674, 4.524053229717991, 0.0 ], [ -75.695344922047965, 4.52415419468101, 0.0 ], [ -75.695608386714653, 4.524283108151466, 0.0 ], [ -75.69558508516559, 4.524351837958027, 0.0 ], [ -75.695609729444499, 4.524444865979449, 0.0 ], [ -75.695447763189563, 4.524492117296866, 0.0 ], [ -75.695375494776783, 4.524431532899467, 0.0 ], [ -75.695273601281855, 4.524370390807912, 0.0 ], [ -75.695108954259467, 4.524311052866635, 0.0 ], [ -75.695064132724113, 4.524262946775201, 0.0 ], [ -75.694964992756525, 4.524293256262293, 0.0 ], [ -75.694812228363844, 4.524312246250751, 0.0 ], [ -75.694740015400654, 4.524284657265746, 0.0 ], [ -75.694708659239737, 4.52425375551153, 0.0 ], [ -75.69466405978072, 4.524294894678044, 0.0 ] ] ] } },
{ "type": "Feature", "properties": { "barrio": "VERACRUZ II", "barrio_alt": "LA ISABELA", "barrio_alt2": "LA ISABELA", "vulnerabilidad": "Muy baja", "indice": 1.0, "val_suelo": 1.0, "val_falla": 1.0, "val_antig": 1.0, "clas_antiguedad": "Baja", "clas_falla": null, "clas_falla_alt": null, "porcentaje_limitacion_suelo": 0.0, "area_m2": 175968.380397, "shape_area": 42216.823867799998 }, "geometry": { "type": "Polygon", "coordinates": [ [ [ -75.694012451104612, 4.521349338830616, 0.0 ], [ -75.693892845553691, 4.521005078008501, 0.0 ], [ -75.693814515071296, 4.520599063817456, 0.0 ], [ -75.693726990889871, 4.520602128799809, 0.0 ], [ -75.693639645319067, 4.520084001531519, 0.0 ], [ -75.693876128200174, 4.519808908198211, 0.0 ], [ -75.69396240812479, 4.519815079064608, 0.0 ], [ -75.694066407902497, 4.51984285116599, 0.0 ], [ -75.694161154820648, 4.519815408028535, 0.0 ], [ -75.69425589296182, 4.519820210301551, 0.0 ], [ -75.694461436750814, 4.519807236216086, 0.0 ], [ -75.694620413742371, 4.5197829938486, 0.0 ], [ -75.694657355384479, 4.519755572353604, 0.0 ], [ -75.694691091540335, 4.519708804535707, 0.0 ], [ -75.694774638102729, 4.519557223812831, 0.0 ], [ -75.69481052396597, 4.51945253687231, 0.0 ], [ -75.694885914247621, 4.519326021256528, 0.0 ], [ -75.694968953233612, 4.519213099282386, 0.0 ], [ -75.695008405237573, 4.519182940955751, 0.0 ], [ -75.695041964432278, 4.519172880621163, 0.0 ], [ -75.695249156667444, 4.519256733105477, 0.0 ], [ -75.695280350117727, 4.519279774012915, 0.0 ], [ -75.695401837611087, 4.519333161042563, 0.0 ], [ -75.695448328240644, 4.519385747829675, 0.0 ], [ -75.695493062939505, 4.519404644806811, 0.0 ], [ -75.695560979175923, 4.519462188225547, 0.0 ], [ -75.695654187618956, 4.519590057766429, 0.0 ], [ -75.695695389156953, 4.519610138609359, 0.0 ], [ -75.695744801040945, 4.519604689486433, 0.0 ], [ -75.695831593737836, 4.520223930204018, 0.0 ], [ -75.696164148932468, 4.52125173079012, 0.0 ], [ -75.695815934225834, 4.521306078921029, 0.0 ], [ -75.695731533373859, 4.520941123548416, 0.0 ], [ -75.694941011307904, 4.521081536126982, 0.0 ], [ -75.694611270693883, 4.521149590684642, 0.0 ], [ -75.694437888910016, 4.521332165675751, 0.0 ], [ -75.694395541967708, 4.521527413861649, 0.0 ], [ -75.694124938459225, 4.521545183188332, 0.0 ], [ -75.694012451104612, 4.521349338830616, 0.0 ] ] ] } },
{ "type": "Feature", "properties": { "barrio": "VILLA CLAUDIA", "barrio_alt": "LOS NARANJOS", "barrio_alt2": "LOS NARANJOS", "vulnerabilidad": "Baja", "indice": 1.6666666666700001, "val_suelo": 1.0, "val_falla": 1.0, "val_antig": 3.0, "clas_antiguedad": "Alto", "clas_falla": null, "clas_falla_alt": null, "porcentaje_limitacion_suelo": 0.0, "area_m2": 37870.550933500002, "shape_area": 32577.323744699999 }, "geometry": { "type": "Polygon", "coordinates": [ [ [ -75.696164148932468, 4.52125173079012, 0.0 ], [ -75.695831593737836, 4.520223930204018, 0.0 ], [ -75.695744801040945, 4.519604689486433, 0.0 ], [ -75.695763680860253, 4.519601838355116, 0.0 ], [ -75.695786046283928, 4.519612469773242, 0.0 ], [ -75.695825472274663, 4.51966860586378, 0.0 ], [ -75.695898886605889, 4.51973232052491, 0.0 ], [ -75.695925648747618, 4.519743377638422, 0.0 ], [ -75.695973672551773, 4.519733082579609, 0.0 ], [ -75.696058705904036, 4.519690370000686, 0.0 ], [ -75.696202774998483, 4.519667395167512, 0.0 ], [ -75.696217731160559, 4.51967292282434, 0.0 ], [ -75.69624370114397, 4.519698995379245, 0.0 ], [ -75.696257063354722, 4.519767754884472, 0.0 ], [ -75.696296404313514, 4.519832554663498, 0.0 ], [ -75.696347087994766, 4.519872370604421, 0.0 ], [ -75.696578473747536, 4.519790303289255, 0.0 ], [ -75.696694382418443, 4.519788139395295, 0.0 ], [ -75.696780936375305, 4.519774192179951, 0.0 ], [ -75.696834551468967, 4.519736105020129, 0.0 ], [ -75.696869353202572, 4.519652344396766, 0.0 ], [ -75.696903618765106, 4.519618464399937, 0.0 ], [ -75.696923753451799, 4.519612944358858, 0.0 ], [ -75.696976546296952, 4.519629959719718, 0.0 ], [ -75.697022208605958, 4.519633204174334, 0.0 ], [ -75.697047935493913, 4.519611819085375, 0.0 ], [ -75.697067562975846, 4.519559043123994, 0.0 ], [ -75.697111768519306, 4.519509407546238, 0.0 ], [ -75.697328517434485, 4.51949750476054, 0.0 ], [ -75.697387167432893, 4.519429045682656, 0.0 ], [ -75.697417781076652, 4.519415154054056, 0.0 ], [ -75.697436433414893, 4.51949790096254, 0.0 ], [ -75.697495676570028, 4.519617054201522, 0.0 ], [ -75.697662567791895, 4.520086596395313, 0.0 ], [ -75.697795090291152, 4.52004911554396, 0.0 ], [ -75.697877826387895, 4.520248637056409, 0.0 ], [ -75.698000457311849, 4.520213702636402, 0.0 ], [ -75.698161758467407, 4.520687583867606, 0.0 ], [ -75.697447371486476, 4.52090619464279, 0.0 ], [ -75.696981471870529, 4.52103737862427, 0.0 ], [ -75.696386236432048, 4.521141579523174, 0.0 ], [ -75.69639692040073, 4.521205902905518, 0.0 ], [ -75.696164148932468, 4.52125173079012, 0.0 ] ] ] } },
{ "type": "Feature", "properties": { "barrio": "LAS BRISAS", "barrio_alt": "LOS NARANJOS", "barrio_alt2": "LOS NARANJOS", "vulnerabilidad": "Baja", "indice": 1.6666666666700001, "val_suelo": 1.0, "val_falla": 1.0, "val_antig": 3.0, "clas_antiguedad": "Alto", "clas_falla": null, "clas_falla_alt": null, "porcentaje_limitacion_suelo": 0.0, "area_m2": 37870.550933500002, "shape_area": 22962.920032400001 }, "geometry": { "type": "Polygon", "coordinates": [ [ [ -75.699342314526177, 4.522060580779921, 0.0 ], [ -75.699301160044499, 4.522061515396374, 0.0 ], [ -75.699234710286831, 4.522021586897687, 0.0 ], [ -75.699184900363704, 4.521786277838634, 0.0 ], [ -75.699350764607559, 4.521150770867143, 0.0 ], [ -75.699386050777676, 4.520748636780055, 0.0 ], [ -75.699319786384663, 4.520352929429311, 0.0 ], [ -75.699820103885486, 4.520201776054446, 0.0 ], [ -75.699987494858235, 4.520173930226857, 0.0 ], [ -75.700217485650427, 4.520109521189727, 0.0 ], [ -75.700386894586572, 4.520043546293161, 0.0 ], [ -75.700477553819937, 4.52062190532044, 0.0 ], [ -75.700544597342613, 4.521164020895586, 0.0 ], [ -75.700329802477185, 4.521345891216251, 0.0 ], [ -75.700079269259348, 4.52170363808135, 0.0 ], [ -75.699698239258311, 4.522079149883815, 0.0 ], [ -75.699617147270104, 4.522018992153928, 0.0 ], [ -75.699528974980922, 4.522029654268999, 0.0 ], [ -75.699398468880148, 4.522075746276555, 0.0 ], [ -75.699342314526177, 4.522060580779921, 0.0 ] ] ] } },
{ "type": "Feature", "properties": { "barrio": "SERRANIAS", "barrio_alt": "ASENTAMIENTO EL RECUERDO", "barrio_alt2": "ASENTAMIENTO EL RECUERDO", "vulnerabilidad": "Baja", "indice": 1.6666666666700001, "val_suelo": 1.0, "val_falla": 1.0, "val_antig": 3.0, "clas_antiguedad": "Alto", "clas_falla": null, "clas_falla_alt": null, "porcentaje_limitacion_suelo": 0.0, "area_m2": 19276.408056, "shape_area": 11604.8531396 }, "geometry": { "type": "Polygon", "coordinates": [ [ [ -75.696568935648415, 4.521861612726926, 0.0 ], [ -75.696410194194925, 4.521134330260162, 0.0 ], [ -75.696981471870529, 4.52103737862427, 0.0 ], [ -75.697447371486476, 4.52090619464279, 0.0 ], [ -75.697741633941419, 4.521952403623308, 0.0 ], [ -75.697577776657923, 4.521968215934255, 0.0 ], [ -75.697449467453453, 4.521948379577802, 0.0 ], [ -75.697106476893183, 4.521846479984923, 0.0 ], [ -75.696962730360184, 4.521787993665816, 0.0 ], [ -75.696791549621395, 4.521804881767885, 0.0 ], [ -75.696568935648415, 4.521861612726926, 0.0 ] ] ] } },
{ "type": "Feature", "properties": { "barrio": "SAN FRANCISCO", "barrio_alt": "LOS NARANJOS", "barrio_alt2": "LOS NARANJOS", "vulnerabilidad": "Baja", "indice": 1.6666666666700001, "val_suelo": 1.0, "val_falla": 1.0, "val_antig": 3.0, "clas_antiguedad": "Alto", "clas_falla": null, "clas_falla_alt": null, "porcentaje_limitacion_suelo": 0.0, "area_m2": 37870.550933500002, "shape_area": 31870.732091599999 }, "geometry": { "type": "Polygon", "coordinates": [ [ [ -75.697853505807672, 4.522065955205385, 0.0 ], [ -75.697765708089108, 4.521950560935742, 0.0 ], [ -75.697741633941419, 4.521952403623308, 0.0 ], [ -75.697447371486476, 4.52090619464279, 0.0 ], [ -75.698161758467407, 4.520687583867606, 0.0 ], [ -75.699319786384663, 4.520352929429311, 0.0 ], [ -75.699386050777676, 4.520748636780055, 0.0 ], [ -75.699350764607559, 4.521150770867143, 0.0 ], [ -75.699184900363704, 4.521786277838634, 0.0 ], [ -75.699084882060205, 4.521944551236965, 0.0 ], [ -75.698948131492088, 4.52212445970582, 0.0 ], [ -75.69879096797105, 4.522225042578595, 0.0 ], [ -75.698666165506751, 4.522253064086342, 0.0 ], [ -75.69840902777203, 4.522262154031379, 0.0 ], [ -75.698247611398799, 4.522245507832095, 0.0 ], [ -75.698139893285003, 4.522205703269148, 0.0 ], [ -75.697853505807672, 4.522065955205385, 0.0 ] ] ] } },
{ "type": "Feature", "properties": { "barrio": "JESUS MARIA OCAMPO", "barrio_alt": "FARALLONES", "barrio_alt2": "FARALLONES", "vulnerabilidad": "Muy baja", "indice": 1.0, "val_suelo": 1.0, "val_falla": 1.0, "val_antig": 1.0, "clas_antiguedad": "Baja", "clas_falla": null, "clas_falla_alt": null, "porcentaje_limitacion_suelo": 0.0, "area_m2": 127032.24754700001, "shape_area": 40959.0749191 }, "geometry": { "type": "Polygon", "coordinates": [ [ [ -75.69426450428638, 4.522397034538271, 0.0 ], [ -75.694216493403061, 4.522252275428553, 0.0 ], [ -75.693810562837427, 4.522338254260456, 0.0 ], [ -75.693383242720117, 4.522488589101405, 0.0 ], [ -75.692886173791862, 4.52247862620208, 0.0 ], [ -75.69294401969529, 4.522148996482738, 0.0 ], [ -75.693004154030817, 4.521944504085283, 0.0 ], [ -75.693058951953674, 4.521790507915112, 0.0 ], [ -75.693141535178285, 4.521720382212473, 0.0 ], [ -75.693368844756009, 4.521644533175714, 0.0 ], [ -75.693547334339726, 4.521697565362693, 0.0 ], [ -75.693695300669418, 4.521650813476192, 0.0 ], [ -75.693948937117682, 4.521625235041735, 0.0 ], [ -75.694139178565337, 4.521569975973844, 0.0 ], [ -75.694124938459225, 4.521545183188332, 0.0 ], [ -75.694146137538866, 4.521540258598377, 0.0 ], [ -75.694395541967708, 4.521527413861649, 0.0 ], [ -75.694437888910016, 4.521332165675751, 0.0 ], [ -75.694611270693883, 4.521149590684642, 0.0 ], [ -75.694941011307904, 4.521081536126982, 0.0 ], [ -75.695731533373859, 4.520941123548416, 0.0 ], [ -75.695815934225834, 4.521306078921029, 0.0 ], [ -75.696061119506112, 4.521272015272725, 0.0 ], [ -75.69639692040073, 4.521205902905518, 0.0 ], [ -75.696386236432048, 4.521141579523174, 0.0 ], [ -75.696410194194925, 4.521134330260162, 0.0 ], [ -75.696568935648415, 4.521861612726926, 0.0 ], [ -75.696511536630993, 4.521876240649568, 0.0 ], [ -75.69638952225786, 4.521956200288487, 0.0 ], [ -75.696152067300105, 4.522012780346865, 0.0 ], [ -75.696034780178891, 4.522008430460946, 0.0 ], [ -75.696016258522334, 4.522210863647447, 0.0 ], [ -75.695695898846608, 4.522214072361973, 0.0 ], [ -75.695535663862714, 4.522246318001003, 0.0 ], [ -75.695006922638058, 4.52226264377408, 0.0 ], [ -75.694494146833605, 4.52242374180259, 0.0 ], [ -75.694451445541716, 4.522359414588135, 0.0 ], [ -75.69426450428638, 4.522397034538271, 0.0 ] ] ] } },
{ "type": "Feature", "properties": { "barrio": "BLOQUES DE PORVENIR", "barrio_alt": "LA MILAGROSA", "barrio_alt2": "LA MILAGROSA", "vulnerabilidad": "Muy baja", "indice": 1.0, "val_suelo": 1.0, "val_falla": 1.0, "val_antig": 1.0, "clas_antiguedad": null, "clas_falla": null, "clas_falla_alt": null, "porcentaje_limitacion_suelo": 0.0, "area_m2": 58273.769215300003, "shape_area": 2369.3343290600001 }, "geometry": { "type": "Polygon", "coordinates": [ [ [ -75.697760592567249, 4.524834362970678, 0.0 ], [ -75.697396002910708, 4.524568018686957, 0.0 ], [ -75.697426575486588, 4.524252559223547, 0.0 ], [ -75.69796861778039, 4.524409868937562, 0.0 ], [ -75.697760592567249, 4.524834362970678, 0.0 ] ] ] } },
{ "type": "Feature", "properties": { "barrio": "MARCO FIDEL SUAREZ", "barrio_alt": "ASENTAMIENTO EL RECUERDO", "barrio_alt2": "ASENTAMIENTO EL RECUERDO", "vulnerabilidad": "Baja", "indice": 1.6666666666700001, "val_suelo": 1.0, "val_falla": 1.0, "val_antig": 3.0, "clas_antiguedad": "Alto", "clas_falla": null, "clas_falla_alt": null, "porcentaje_limitacion_suelo": 0.0, "area_m2": 19276.408056, "shape_area": 15597.0049015 }, "geometry": { "type": "Polygon", "coordinates": [ [ [ -75.697426575486588, 4.524252559223547, 0.0 ], [ -75.697446962408861, 4.524042190824622, 0.0 ], [ -75.697591438533081, 4.523467779201494, 0.0 ], [ -75.697740852148115, 4.522988257173727, 0.0 ], [ -75.697989674955409, 4.522708461955092, 0.0 ], [ -75.69812420410598, 4.522590255214206, 0.0 ], [ -75.698401163861405, 4.522739275652372, 0.0 ], [ -75.698559265402736, 4.52287683941411, 0.0 ], [ -75.698691526846602, 4.522895028923513, 0.0 ], [ -75.698708114742672, 4.522882872810174, 0.0 ], [ -75.698642754090855, 4.523052136686589, 0.0 ], [ -75.69796861778039, 4.524409868937562, 0.0 ], [ -75.697426575486588, 4.524252559223547, 0.0 ] ] ] } },
{ "type": "Feature", "properties": { "barrio": "LUIS CARLOS GALAN", "barrio_alt": "LA MILAGROSA", "barrio_alt2": "LA MILAGROSA", "vulnerabilidad": "Muy baja", "indice": 1.3333333333299999, "val_suelo": 1.0, "val_falla": 1.0, "val_antig": 2.0, "clas_antiguedad": "Media", "clas_falla": null, "clas_falla_alt": null, "porcentaje_limitacion_suelo": 0.0, "area_m2": 58273.769215300003, "shape_area": 31811.823221 }, "geometry": { "type": "Polygon", "coordinates": [ [ [ -75.696563445372391, 4.523426141592836, 0.0 ], [ -75.69650746422559, 4.52331203704103, 0.0 ], [ -75.696448716717526, 4.523111056331945, 0.0 ], [ -75.696386436768663, 4.52306260496907, 0.0 ], [ -75.696276522203391, 4.522902056488236, 0.0 ], [ -75.696307857356118, 4.522721598916456, 0.0 ], [ -75.696308129082382, 4.52243862768463, 0.0 ], [ -75.696350106930808, 4.522295484529715, 0.0 ], [ -75.696370825853734, 4.522242117727361, 0.0 ], [ -75.696446678327874, 4.522165140754013, 0.0 ], [ -75.696510459484841, 4.522116113793096, 0.0 ], [ -75.69661829472011, 4.522060482267882, 0.0 ], [ -75.696790814813909, 4.522031351180441, 0.0 ], [ -75.696917480868919, 4.522044100679079, 0.0 ], [ -75.697011265022951, 4.522067615077644, 0.0 ], [ -75.69726811221328, 4.522175154255931, 0.0 ], [ -75.697413608483714, 4.522222997899152, 0.0 ], [ -75.697491804685185, 4.522185186911157, 0.0 ], [ -75.697539642247222, 4.522188079591351, 0.0 ], [ -75.697964331637962, 4.52244684783328, 0.0 ], [ -75.698054981429877, 4.522567573357205, 0.0 ], [ -75.69812420410598, 4.522590255214206, 0.0 ], [ -75.697989674955409, 4.522708461955092, 0.0 ], [ -75.697740852148115, 4.522988257173727, 0.0 ], [ -75.697591438533081, 4.523467779201494, 0.0 ], [ -75.697446962408861, 4.524042190824622, 0.0 ], [ -75.697396002910708, 4.524568018686957, 0.0 ], [ -75.697244072545203, 4.524508800275486, 0.0 ], [ -75.69690062126142, 4.524512530186057, 0.0 ], [ -75.696914632297563, 4.524247199035071, 0.0 ], [ -75.696829855222347, 4.523974522965927, 0.0 ], [ -75.696888682412748, 4.523926866810171, 0.0 ], [ -75.696812671787256, 4.52376938069565, 0.0 ], [ -75.696563445372391, 4.523426141592836, 0.0 ] ] ] } },
{ "type": "Feature", "properties": { "barrio": "SINAI", "barrio_alt": "LOMA VERDE", "barrio_alt2": "LOMA VERDE", "vulnerabilidad": "Muy baja", "indice": 1.0, "val_suelo": 1.0, "val_falla": 1.0, "val_antig": 1.0, "clas_antiguedad": "Baja", "clas_falla": null, "clas_falla_alt": null, "porcentaje_limitacion_suelo": 0.0, "area_m2": 21659.545018500001, "shape_area": 29443.207376800001 }, "geometry": { "type": "Polygon", "coordinates": [ [ [ -75.700442941867578, 4.53238524341389, 0.0 ], [ -75.700179728898746, 4.531352014055665, 0.0 ], [ -75.700138348744403, 4.531231397463007, 0.0 ], [ -75.700735033833681, 4.531064514692796, 0.0 ], [ -75.701259465845411, 4.530930878410413, 0.0 ], [ -75.701374736317646, 4.531351952665166, 0.0 ], [ -75.701448750641859, 4.531333912356044, 0.0 ], [ -75.701456872187251, 4.531421832106854, 0.0 ], [ -75.701614354052552, 4.532178350225141, 0.0 ], [ -75.701879636197262, 4.532757569073, 0.0 ], [ -75.701898445128407, 4.532755710490317, 0.0 ], [ -75.701892465620361, 4.532766689793566, 0.0 ], [ -75.701858376817896, 4.532816104551425, 0.0 ], [ -75.701785532453599, 4.532889617718791, 0.0 ], [ -75.701722317929608, 4.532941765908121, 0.0 ], [ -75.701680111711951, 4.532958718163528, 0.0 ], [ -75.701533561162805, 4.532966213261172, 0.0 ], [ -75.701440326384088, 4.532956619588245, 0.0 ], [ -75.701213817966476, 4.532896432974957, 0.0 ], [ -75.701152925408877, 4.532895395180069, 0.0 ], [ -75.701045285849531, 4.532912142037605, 0.0 ], [ -75.700918738095567, 4.532973871296782, 0.0 ], [ -75.700805522504851, 4.532993584345825, 0.0 ], [ -75.700665225006603, 4.533006773917064, 0.0 ], [ -75.700482114884409, 4.532987916387496, 0.0 ], [ -75.700427347658234, 4.532971022304826, 0.0 ], [ -75.700399372989665, 4.532955514226268, 0.0 ], [ -75.70048690704958, 4.532980315392449, 0.0 ], [ -75.700386016093447, 4.532412928239706, 0.0 ], [ -75.700442941867578, 4.53238524341389, 0.0 ] ] ] } },
{ "type": "Feature", "properties": { "barrio": "ASENTAMIENTO EL SINAI", "barrio_alt": "CIUDADELA NUEVO ARMENIA", "barrio_alt2": "CIUDADELA NUEVO ARMENIA", "vulnerabilidad": "Muy baja", "indice": 1.0, "val_suelo": 1.0, "val_falla": 1.0, "val_antig": 1.0, "clas_antiguedad": null, "clas_falla": null, "clas_falla_alt": null, "porcentaje_limitacion_suelo": 0.0, "area_m2": 59049.506616400002, "shape_area": 9690.5897025199993 }, "geometry": { "type": "Polygon", "coordinates": [ [ [ -75.699099328556329, 4.531493519492912, 0.0 ], [ -75.698725504550481, 4.531546545476568, 0.0 ], [ -75.698398574263351, 4.531522777833939, 0.0 ], [ -75.697803902290062, 4.53133146486806, 0.0 ], [ -75.697805775013876, 4.531289176843438, 0.0 ], [ -75.698392205233887, 4.531243552072298, 0.0 ], [ -75.698527293490883, 4.531218314570673, 0.0 ], [ -75.698616000507073, 4.531199723296594, 0.0 ], [ -75.69869483415566, 4.531073543979282, 0.0 ], [ -75.699240634631892, 4.531030256449176, 0.0 ], [ -75.699392262856563, 4.530998173099896, 0.0 ], [ -75.699514729792753, 4.530957058002089, 0.0 ], [ -75.699681549826749, 4.53094830528939, 0.0 ], [ -75.699876337471309, 4.530898349507871, 0.0 ], [ -75.70002237826921, 4.530891181440841, 0.0 ], [ -75.700141580689078, 4.531145432169034, 0.0 ], [ -75.700136247135418, 4.531225344651252, 0.0 ], [ -75.699099328556329, 4.531493519492912, 0.0 ] ] ] } },
{ "type": "Feature", "properties": { "barrio": "ASENTAMIENTO SANTA HELENA", "barrio_alt": "MIRAFLORES", "barrio_alt2": "MIRAFLORES", "vulnerabilidad": "Baja", "indice": 1.6666666666700001, "val_suelo": 1.0, "val_falla": 1.0, "val_antig": 3.0, "clas_antiguedad": "Alto", "clas_falla": null, "clas_falla_alt": null, "porcentaje_limitacion_suelo": 0.0, "area_m2": 122476.095305, "shape_area": 13073.7990455 }, "geometry": { "type": "Polygon", "coordinates": [ [ [ -75.688800620927324, 4.530500030840427, 0.0 ], [ -75.687965065898481, 4.53036113148653, 0.0 ], [ -75.687726188591256, 4.530386324841586, 0.0 ], [ -75.687533636738209, 4.530450866175249, 0.0 ], [ -75.686742164523679, 4.530472797639855, 0.0 ], [ -75.686697463637586, 4.530466969182202, 0.0 ], [ -75.686818560722401, 4.530309091451197, 0.0 ], [ -75.686989229673571, 4.530204645674784, 0.0 ], [ -75.687174170650806, 4.53014481939307, 0.0 ], [ -75.687439223168269, 4.53013429648139, 0.0 ], [ -75.68827138638018, 4.530173956713966, 0.0 ], [ -75.688425587965426, 4.530163745650704, 0.0 ], [ -75.688581949426435, 4.530131021185533, 0.0 ], [ -75.688785150791603, 4.530049672687654, 0.0 ], [ -75.688975662982529, 4.529936454951307, 0.0 ], [ -75.689172536071382, 4.529788172696123, 0.0 ], [ -75.689351009664009, 4.529590272572318, 0.0 ], [ -75.6895935233171, 4.529700875591786, 0.0 ], [ -75.689744569675966, 4.529690857777136, 0.0 ], [ -75.689742441231317, 4.529956506840045, 0.0 ], [ -75.689702897861721, 4.529937537137499, 0.0 ], [ -75.689581664991564, 4.529973401829679, 0.0 ], [ -75.689488906467275, 4.530095156937733, 0.0 ], [ -75.689371152642735, 4.530292093359375, 0.0 ], [ -75.689321184366506, 4.530399505581589, 0.0 ], [ -75.689246280179418, 4.530467558092139, 0.0 ], [ -75.689150004441103, 4.530499829383952, 0.0 ], [ -75.688950353339536, 4.530507103547615, 0.0 ], [ -75.688800620927324, 4.530500030840427, 0.0 ] ] ] } },
{ "type": "Feature", "properties": { "barrio": "BELEN", "barrio_alt": "EL PLACER", "barrio_alt2": "EL PLACER", "vulnerabilidad": "Baja", "indice": 1.6666666666700001, "val_suelo": 1.0, "val_falla": 1.0, "val_antig": 3.0, "clas_antiguedad": "Alto", "clas_falla": null, "clas_falla_alt": null, "porcentaje_limitacion_suelo": 0.0, "area_m2": 143185.48136500001, "shape_area": 33286.716037400001 }, "geometry": { "type": "Polygon", "coordinates": [ [ [ -75.689742714724602, 4.529710076556703, 0.0 ], [ -75.6895935233171, 4.529700875591786, 0.0 ], [ -75.689351009664009, 4.529590272572318, 0.0 ], [ -75.689484089353186, 4.529371346104464, 0.0 ], [ -75.689582314893258, 4.529051409300251, 0.0 ], [ -75.689640855007212, 4.528713776209877, 0.0 ], [ -75.689651990800655, 4.52842922796692, 0.0 ], [ -75.689943718675025, 4.528180316926819, 0.0 ], [ -75.690158095583854, 4.528140042831496, 0.0 ], [ -75.690319567632557, 4.528124346846267, 0.0 ], [ -75.690446095684052, 4.528130258330968, 0.0 ], [ -75.690624663900095, 4.528174267755096, 0.0 ], [ -75.690852179504191, 4.528267527118614, 0.0 ], [ -75.690485089791053, 4.528776263083141, 0.0 ], [ -75.69078383356397, 4.529278541720523, 0.0 ], [ -75.691296853568758, 4.53010348155397, 0.0 ], [ -75.690935150310395, 4.530323665829825, 0.0 ], [ -75.690867519901929, 4.530321855666895, 0.0 ], [ -75.690531155794588, 4.530432093158509, 0.0 ], [ -75.690391879887116, 4.530616266018633, 0.0 ], [ -75.690500384051759, 4.530767024472762, 0.0 ], [ -75.690381797259136, 4.530749388055922, 0.0 ], [ -75.690137507421113, 4.530574425079272, 0.0 ], [ -75.690059206432153, 4.530323910139821, 0.0 ], [ -75.689991539880211, 4.530191509767229, 0.0 ], [ -75.689920290023267, 4.530091327528511, 0.0 ], [ -75.689784875140248, 4.529976864334003, 0.0 ], [ -75.689742463792243, 4.529956517604581, 0.0 ], [ -75.689742714724602, 4.529710076556703, 0.0 ] ] ] } },
{ "type": "Feature", "properties": { "barrio": "PORVENIR", "barrio_alt": "MIRAFLORES", "barrio_alt2": "MIRAFLORES", "vulnerabilidad": "Baja", "indice": 1.6666666666700001, "val_suelo": 1.0, "val_falla": 1.0, "val_antig": 3.0, "clas_antiguedad": "Alto", "clas_falla": "Baja", "clas_falla_alt": "Baja", "porcentaje_limitacion_suelo": 0.0, "area_m2": 122476.095305, "shape_area": 9762.2235497599995 }, "geometry": { "type": "Polygon", "coordinates": [ [ [ -75.685851823129354, 4.5311793710954, 0.0 ], [ -75.685782019795766, 4.531091523050294, 0.0 ], [ -75.685614544787526, 4.530958840307797, 0.0 ], [ -75.685582435091234, 4.530919121909173, 0.0 ], [ -75.685535444527929, 4.530827994065092, 0.0 ], [ -75.685447015012258, 4.530753239835268, 0.0 ], [ -75.685354085445042, 4.530578841784346, 0.0 ], [ -75.685396990757013, 4.530496033214171, 0.0 ], [ -75.685443182752053, 4.530456276788444, 0.0 ], [ -75.685492659628252, 4.530459571604739, 0.0 ], [ -75.68590157809281, 4.530783984000069, 0.0 ], [ -75.685875674593049, 4.530151238306994, 0.0 ], [ -75.686572591012066, 4.530486787539749, 0.0 ], [ -75.686560176316064, 4.530784314299879, 0.0 ], [ -75.686535558828069, 4.530882601752625, 0.0 ], [ -75.686560418867003, 4.530970946855288, 0.0 ], [ -75.686607623615643, 4.531056377348211, 0.0 ], [ -75.68643520722533, 4.531138750119519, 0.0 ], [ -75.686146344614471, 4.531299990348018, 0.0 ], [ -75.686067908133779, 4.531307194464046, 0.0 ], [ -75.685968173752471, 4.53128683380156, 0.0 ], [ -75.685851823129354, 4.5311793710954, 0.0 ] ] ] } },
{ "type": "Feature", "properties": { "barrio": "CINCUENTENARIO", "barrio_alt": "MIRAFLORES", "barrio_alt2": "MIRAFLORES", "vulnerabilidad": "Alta", "indice": 2.3333333333300001, "val_suelo": 1.0, "val_falla": 3.0, "val_antig": 3.0, "clas_antiguedad": "Alto", "clas_falla": "Alta", "clas_falla_alt": "Alta", "porcentaje_limitacion_suelo": 0.0, "area_m2": 122476.095305, "shape_area": 50054.051133699999 }, "geometry": { "type": "Polygon", "coordinates": [ [ [ -75.68028520190316, 4.532492313377004, 0.0 ], [ -75.679535412477563, 4.531644709125612, 0.0 ], [ -75.679653466454639, 4.531520914809686, 0.0 ], [ -75.680427340572081, 4.53082815475776, 0.0 ], [ -75.681026168632698, 4.530229013571827, 0.0 ], [ -75.681708819547353, 4.5306891186775, 0.0 ], [ -75.682408029486751, 4.530940576667712, 0.0 ], [ -75.682451998727615, 4.531484143024347, 0.0 ], [ -75.682444136907478, 4.531483632511134, 0.0 ], [ -75.682436734827689, 4.532121330516929, 0.0 ], [ -75.681443990096952, 4.532242843243456, 0.0 ], [ -75.68117696863392, 4.532197109002026, 0.0 ], [ -75.68028520190316, 4.532492313377004, 0.0 ] ] ] } },
{ "type": "Feature", "properties": { "barrio": "LA UNION", "barrio_alt": "LA UNION", "barrio_alt2": "LA UNION", "vulnerabilidad": "Baja", "indice": 1.6666666666700001, "val_suelo": 1.0, "val_falla": 1.0, "val_antig": 3.0, "clas_antiguedad": "Alto", "clas_falla": null, "clas_falla_alt": null, "porcentaje_limitacion_suelo": 0.0, "area_m2": 106650.74607199999, "shape_area": 106714.75124699999 }, "geometry": { "type": "Polygon", "coordinates": [ [ [ -75.689608858124231, 4.534465967107698, 0.0 ], [ -75.689536824264934, 4.53439366422673, 0.0 ], [ -75.689479765466459, 4.534375458760648, 0.0 ], [ -75.687875514135769, 4.534299023886907, 0.0 ], [ -75.687598865537822, 4.534352224996565, 0.0 ], [ -75.687522152404739, 4.534303702094006, 0.0 ], [ -75.687129026772226, 4.534347562251668, 0.0 ], [ -75.686888587546193, 4.534415582149534, 0.0 ], [ -75.686614638092792, 4.534468924779392, 0.0 ], [ -75.686585373026674, 4.534463088714779, 0.0 ], [ -75.686553649404473, 4.534419932762328, 0.0 ], [ -75.686518164697603, 4.534317549455209, 0.0 ], [ -75.686514183816811, 4.534248577285911, 0.0 ], [ -75.686548848871922, 4.533991037788834, 0.0 ], [ -75.686570143508149, 4.533930428899433, 0.0 ], [ -75.686631721157326, 4.533825842723708, 0.0 ], [ -75.686645338662871, 4.533816398071611, 0.0 ], [ -75.686701386209336, 4.534006525834305, 0.0 ], [ -75.687232040581321, 4.534015343559649, 0.0 ], [ -75.687304003969189, 4.533988224491064, 0.0 ], [ -75.687429948722752, 4.533915931675701, 0.0 ], [ -75.687632388800353, 4.533721700901765, 0.0 ], [ -75.687753843924455, 4.533626834468495, 0.0 ], [ -75.687888770258283, 4.533590659216038, 0.0 ], [ -75.6881091134006, 4.533631206881957, 0.0 ], [ -75.688351953658383, 4.533640139334339, 0.0 ], [ -75.688450912389001, 4.533576887970786, 0.0 ], [ -75.688657852969911, 4.533369109500083, 0.0 ], [ -75.688671416875025, 4.533165923386537, 0.0 ], [ -75.688923341784729, 4.532922005396936, 0.0 ], [ -75.689197746828924, 4.532691624032505, 0.0 ], [ -75.689251714732578, 4.532682571478295, 0.0 ], [ -75.689319160085091, 4.532714149871961, 0.0 ], [ -75.689341611318113, 4.532808958498551, 0.0 ], [ -75.689341560242482, 4.532953442387464, 0.0 ], [ -75.689260566943233, 4.533079899210756, 0.0 ], [ -75.689143607031284, 4.533179278252512, 0.0 ], [ -75.689098997170902, 4.533313518984752, 0.0 ], [ -75.689107547086721, 4.533414079424058, 0.0 ], [ -75.689264998389334, 4.533265016830371, 0.0 ], [ -75.689480916793585, 4.533102385452994, 0.0 ], [ -75.689620651799913, 4.532947466469485, 0.0 ], [ -75.689626932282835, 4.533040416926867, 0.0 ], [ -75.689667563642047, 4.53315568322211, 0.0 ], [ -75.689706416113381, 4.533227927184256, 0.0 ], [ -75.689724422326535, 4.533308769450159, 0.0 ], [ -75.689834367000117, 4.533339586378779, 0.0 ], [ -75.689915640411058, 4.533319053679691, 0.0 ], [ -75.690136908675385, 4.533226280421619, 0.0 ], [ -75.690266896198636, 4.533212766861589, 0.0 ], [ -75.690393282630467, 4.533183085200931, 0.0 ], [ -75.690765567594411, 4.533076321156789, 0.0 ], [ -75.690917764346963, 4.533042803185709, 0.0 ], [ -75.691089577926974, 4.532982027439718, 0.0 ], [ -75.691533849442962, 4.532729814296005, 0.0 ], [ -75.691672094195894, 4.532687675752485, 0.0 ], [ -75.691842876029142, 4.53265292304989, 0.0 ], [ -75.692036319679303, 4.532654219538165, 0.0 ], [ -75.692204391747438, 4.53267884180391, 0.0 ], [ -75.69250034139462, 4.532811874602182, 0.0 ], [ -75.692465219250423, 4.532905297467765, 0.0 ], [ -75.692474374710457, 4.533060279659161, 0.0 ], [ -75.692538605482298, 4.533217260464691, 0.0 ], [ -75.692552292667244, 4.53328601253869, 0.0 ], [ -75.692563321597461, 4.533452327141759, 0.0 ], [ -75.692619640137295, 4.533509549114733, 0.0 ], [ -75.692609515030142, 4.53363490538257, 0.0 ], [ -75.692424987357029, 4.533634219622757, 0.0 ], [ -75.692319813799841, 4.533671544848353, 0.0 ], [ -75.692188538468429, 4.533699712733179, 0.0 ], [ -75.69203775443583, 4.533760011664329, 0.0 ], [ -75.69191853374042, 4.533820406207103, 0.0 ], [ -75.69186459253514, 4.533868755873981, 0.0 ], [ -75.691785331069056, 4.533978618920632, 0.0 ], [ -75.691755728156963, 4.534029666788931, 0.0 ], [ -75.691735406940225, 4.534097566677963, 0.0 ], [ -75.691719441668525, 4.534179180038374, 0.0 ], [ -75.691721174138621, 4.534292078732324, 0.0 ], [ -75.691766490803573, 4.534435677106919, 0.0 ], [ -75.691950197271353, 4.534543632591372, 0.0 ], [ -75.69200450167159, 4.534691089292966, 0.0 ], [ -75.692003895358511, 4.535385564451945, 0.0 ], [ -75.691861684747963, 4.535865382978694, 0.0 ], [ -75.691808145500829, 4.535854962047043, 0.0 ], [ -75.691746611966849, 4.535821405716169, 0.0 ], [ -75.691670753888573, 4.535743076703345, 0.0 ], [ -75.691586156465391, 4.535679038862012, 0.0 ], [ -75.691507783489484, 4.535643089937444, 0.0 ], [ -75.691430298090893, 4.535628118746872, 0.0 ], [ -75.691284530428021, 4.535623238274118, 0.0 ], [ -75.691168764305857, 4.535634547586156, 0.0 ], [ -75.691122457699507, 4.535650558276533, 0.0 ], [ -75.690981107462932, 4.535753586104635, 0.0 ], [ -75.690952368778113, 4.535762903709154, 0.0 ], [ -75.690792185624247, 4.535696244784829, 0.0 ], [ -75.690691823321743, 4.535675261957434, 0.0 ], [ -75.690508578084518, 4.53567128683362, 0.0 ], [ -75.690233405234608, 4.535705222062007, 0.0 ], [ -75.690128943636921, 4.53513666974251, 0.0 ], [ -75.690118705565283, 4.534969524643123, 0.0 ], [ -75.690128465492421, 4.534827926529608, 0.0 ], [ -75.690093140627084, 4.534768602788142, 0.0 ], [ -75.689850149198023, 4.534651429462842, 0.0 ], [ -75.689748242904614, 4.534582242123486, 0.0 ], [ -75.689608858124231, 4.534465967107698, 0.0 ] ] ] } },
{ "type": "Feature", "properties": { "barrio": "NUEVA LIBERTAD", "barrio_alt": "LA UNION", "barrio_alt2": "LA UNION", "vulnerabilidad": "Baja", "indice": 1.6666666666700001, "val_suelo": 1.0, "val_falla": 1.0, "val_antig": 3.0, "clas_antiguedad": "Alto", "clas_falla": null, "clas_falla_alt": null, "porcentaje_limitacion_suelo": 0.0, "area_m2": 106650.74607199999, "shape_area": 39023.830427300003 }, "geometry": { "type": "Polygon", "coordinates": [ [ [ -75.692583943499145, 4.535278553484857, 0.0 ], [ -75.692589712479474, 4.535215087094998, 0.0 ], [ -75.692004043880914, 4.53521532521628, 0.0 ], [ -75.69200450167159, 4.534691089292966, 0.0 ], [ -75.691950197271353, 4.534543632591372, 0.0 ], [ -75.691766490803573, 4.534435677106919, 0.0 ], [ -75.691721174138621, 4.534292078732324, 0.0 ], [ -75.691719446490595, 4.534179509092432, 0.0 ], [ -75.692213792855583, 4.534210207032307, 0.0 ], [ -75.692332163509889, 4.534183957699138, 0.0 ], [ -75.692490881826544, 4.53418847881755, 0.0 ], [ -75.692808222322626, 4.53422921254011, 0.0 ], [ -75.692912596374555, 4.534264218166872, 0.0 ], [ -75.693022555833707, 4.534331597504587, 0.0 ], [ -75.69344537282268, 4.534743690493907, 0.0 ], [ -75.693540663250289, 4.534806528282443, 0.0 ], [ -75.693877006221456, 4.534900454774562, 0.0 ], [ -75.694013405342005, 4.534920108378352, 0.0 ], [ -75.694208453102263, 4.534884805017064, 0.0 ], [ -75.694381262808434, 4.534796379970225, 0.0 ], [ -75.69455277057628, 4.534686047599838, 0.0 ], [ -75.694570411436359, 4.534776064982577, 0.0 ], [ -75.694654862606185, 4.53489859081872, 0.0 ], [ -75.695008414307395, 4.535234666842866, 0.0 ], [ -75.695249341948568, 4.535445093779459, 0.0 ], [ -75.695299381689836, 4.535526782250195, 0.0 ], [ -75.695377397694898, 4.535598626047593, 0.0 ], [ -75.695389232248516, 4.535631681496636, 0.0 ], [ -75.69530849400779, 4.535686148780358, 0.0 ], [ -75.694949455381206, 4.536021742301873, 0.0 ], [ -75.694914296159993, 4.536113541665603, 0.0 ], [ -75.694804621513924, 4.536218001167097, 0.0 ], [ -75.694646627377551, 4.536125822229029, 0.0 ], [ -75.694652404218033, 4.53603927751722, 0.0 ], [ -75.694629438414978, 4.535981592317824, 0.0 ], [ -75.694560496515507, 4.53593546525635, 0.0 ], [ -75.694411096318376, 4.535912448583487, 0.0 ], [ -75.694146795224157, 4.535808706030097, 0.0 ], [ -75.693842263406907, 4.53572228855793, 0.0 ], [ -75.693664128615538, 4.535705053661458, 0.0 ], [ -75.693560728930294, 4.535601245197168, 0.0 ], [ -75.693428578418136, 4.535549373711827, 0.0 ], [ -75.693279218925554, 4.535410967264091, 0.0 ], [ -75.693147084750095, 4.535312940623864, 0.0 ], [ -75.692848252628892, 4.535359218416425, 0.0 ], [ -75.692779318985558, 4.53529001263482, 0.0 ], [ -75.692583943499145, 4.535278553484857, 0.0 ] ] ] } },
{ "type": "Feature", "properties": { "barrio": "MONTEPRADO", "barrio_alt": "LA UNION", "barrio_alt2": "LA UNION", "vulnerabilidad": "Baja", "indice": 1.6666666666700001, "val_suelo": 1.0, "val_falla": 1.0, "val_antig": 3.0, "clas_antiguedad": "Alto", "clas_falla": null, "clas_falla_alt": null, "porcentaje_limitacion_suelo": 0.0, "area_m2": 106650.74607199999, "shape_area": 14032.612000700001 }, "geometry": { "type": "Polygon", "coordinates": [ [ [ -75.692474374710457, 4.533060279659161, 0.0 ], [ -75.692465219250423, 4.532905297467765, 0.0 ], [ -75.69250034139462, 4.532811874602182, 0.0 ], [ -75.692461922989978, 4.532794605113318, 0.0 ], [ -75.692474539266399, 4.532459622592295, 0.0 ], [ -75.692548139827977, 4.532451980140054, 0.0 ], [ -75.692621832785477, 4.532425746587927, 0.0 ], [ -75.692701201454284, 4.532369212738323, 0.0 ], [ -75.692765794441286, 4.532308788752688, 0.0 ], [ -75.692812279265752, 4.532224215700646, 0.0 ], [ -75.692848131847185, 4.532111059394499, 0.0 ], [ -75.692873083170383, 4.531973300436847, 0.0 ], [ -75.692915783266614, 4.531875520785356, 0.0 ], [ -75.692970378221617, 4.531853178050285, 0.0 ], [ -75.693043441392703, 4.531848834636294, 0.0 ], [ -75.693126958701242, 4.531994278372364, 0.0 ], [ -75.693209934299944, 4.532081743302606, 0.0 ], [ -75.693285612112376, 4.532130765696397, 0.0 ], [ -75.693360207458468, 4.532165045367028, 0.0 ], [ -75.693533350103152, 4.532221518665804, 0.0 ], [ -75.693516617194604, 4.532868899203858, 0.0 ], [ -75.693685236332755, 4.532888754718387, 0.0 ], [ -75.693697532877707, 4.533219884047715, 0.0 ], [ -75.69251792691729, 4.533172367765665, 0.0 ], [ -75.692474374710457, 4.533060279659161, 0.0 ] ] ] } },
{ "type": "Feature", "properties": { "barrio": "LA ANUNCIACION", "barrio_alt": "MONTEPRADO", "barrio_alt2": "MONTEPRADO", "vulnerabilidad": "Baja", "indice": 1.6666666666700001, "val_suelo": 1.0, "val_falla": 1.0, "val_antig": 3.0, "clas_antiguedad": "Alto", "clas_falla": null, "clas_falla_alt": null, "porcentaje_limitacion_suelo": 0.0, "area_m2": 14024.133658799999, "shape_area": 12770.6800945 }, "geometry": { "type": "Polygon", "coordinates": [ [ [ -75.693697532877707, 4.533219884047715, 0.0 ], [ -75.69374711616679, 4.533259701988938, 0.0 ], [ -75.694238417462188, 4.534445826764109, 0.0 ], [ -75.693893237903126, 4.534653852764522, 0.0 ], [ -75.693592353806082, 4.534285396115384, 0.0 ], [ -75.693403968847974, 4.534107302183696, 0.0 ], [ -75.693246577563741, 4.534004552948531, 0.0 ], [ -75.693167295599622, 4.533934003484367, 0.0 ], [ -75.69313405056495, 4.533878285711172, 0.0 ], [ -75.69306764655849, 4.53361525356196, 0.0 ], [ -75.69305260042394, 4.533568762333634, 0.0 ], [ -75.69302106728685, 4.533516029630858, 0.0 ], [ -75.692909260965678, 4.533387048374521, 0.0 ], [ -75.692735022853398, 4.533283485725592, 0.0 ], [ -75.692657571840172, 4.533177993445802, 0.0 ], [ -75.693697532877707, 4.533219884047715, 0.0 ] ] ] } },
{ "type": "Feature", "properties": { "barrio": "VILLA LILIANA", "barrio_alt": "LOMA VERDE", "barrio_alt2": "LOMA VERDE", "vulnerabilidad": "Baja", "indice": 1.6666666666700001, "val_suelo": 1.0, "val_falla": 1.0, "val_antig": 3.0, "clas_antiguedad": "Alto", "clas_falla": null, "clas_falla_alt": null, "porcentaje_limitacion_suelo": 0.0, "area_m2": 21659.545018500001, "shape_area": 149939.91528099999 }, "geometry": { "type": "Polygon", "coordinates": [ [ [ -75.699841845692049, 4.533250884084106, 0.0 ], [ -75.700214276107843, 4.532796121429941, 0.0 ], [ -75.700256307361997, 4.532866408640112, 0.0 ], [ -75.700399959727193, 4.532959472620297, 0.0 ], [ -75.700482114884409, 4.532987916387496, 0.0 ], [ -75.700665225006603, 4.533006773917064, 0.0 ], [ -75.70089796358485, 4.5329791454337, 0.0 ], [ -75.701045285849531, 4.532912142037605, 0.0 ], [ -75.701152925408877, 4.532895395180069, 0.0 ], [ -75.701212071244527, 4.532896434990985, 0.0 ], [ -75.701451924849422, 4.53296005310836, 0.0 ], [ -75.701698053462948, 4.532950158492167, 0.0 ], [ -75.701909715706805, 4.532747515704865, 0.0 ], [ -75.702180456533753, 4.532732678695409, 0.0 ], [ -75.702170629559305, 4.533177485991113, 0.0 ], [ -75.702190335028149, 4.533572869349512, 0.0 ], [ -75.702160850224786, 4.534847984655213, 0.0 ], [ -75.701999921110144, 4.534951199956771, 0.0 ], [ -75.701942542092894, 4.535176788405311, 0.0 ], [ -75.701906239112404, 4.535268869385978, 0.0 ], [ -75.701807686594677, 4.535447334555418, 0.0 ], [ -75.701705888587952, 4.535560222227637, 0.0 ], [ -75.701648322294304, 4.535604637060129, 0.0 ], [ -75.701601205119445, 4.535627070887502, 0.0 ], [ -75.701552916935483, 4.535636931235347, 0.0 ], [ -75.701413815588964, 4.53561504737069, 0.0 ], [ -75.701264803237081, 4.535561686759268, 0.0 ], [ -75.70110020682867, 4.535542878889319, 0.0 ], [ -75.701061648043279, 4.535548217849745, 0.0 ], [ -75.700991017808377, 4.535576441440013, 0.0 ], [ -75.700907593070156, 4.53557418268545, 0.0 ], [ -75.700873899884456, 4.535583681882112, 0.0 ], [ -75.700811918212835, 4.535622940307637, 0.0 ], [ -75.700655071295031, 4.535665096017651, 0.0 ], [ -75.700597144533376, 4.535697389920212, 0.0 ], [ -75.700363184396906, 4.535870432429205, 0.0 ], [ -75.700320933666262, 4.535926604755937, 0.0 ], [ -75.700275803087649, 4.536061831494781, 0.0 ], [ -75.700209589052548, 4.536125783272457, 0.0 ], [ -75.700148237487142, 4.536148941129794, 0.0 ], [ -75.700021299318536, 4.536135107159299, 0.0 ], [ -75.699917962751883, 4.536082830113051, 0.0 ], [ -75.69980561798215, 4.536053889241539, 0.0 ], [ -75.699716698226467, 4.536049279652985, 0.0 ], [ -75.699665257536878, 4.536076507428192, 0.0 ], [ -75.699607689362679, 4.536081936459941, 0.0 ], [ -75.699333449090304, 4.53599068028714, 0.0 ], [ -75.699240295465117, 4.536014473283376, 0.0 ], [ -75.699073626920992, 4.53598842867175, 0.0 ], [ -75.698983626723219, 4.536009687573, 0.0 ], [ -75.6989147082881, 4.536061790235189, 0.0 ], [ -75.698861465287592, 4.536083049018454, 0.0 ], [ -75.698802816889568, 4.53609743291898, 0.0 ], [ -75.698686058866031, 4.536105124644359, 0.0 ], [ -75.698466689200828, 4.536160398279703, 0.0 ], [ -75.698290656432079, 4.536290112879435, 0.0 ], [ -75.698232729704699, 4.536346737089657, 0.0 ], [ -75.698137058752025, 4.536528367485446, 0.0 ], [ -75.698102471133765, 4.536740206592954, 0.0 ], [ -75.698084003912768, 4.536793845427487, 0.0 ], [ -75.69802328447166, 4.536852640754848, 0.0 ], [ -75.69784923226662, 4.536946173747114, 0.0 ], [ -75.697699774651113, 4.537054177901278, 0.0 ], [ -75.697539234896922, 4.537144273794082, 0.0 ], [ -75.697420675324423, 4.537163000541233, 0.0 ], [ -75.697084544025657, 4.537113896310253, 0.0 ], [ -75.697105204135426, 4.536949426603776, 0.0 ], [ -75.697077674353494, 4.536876926098858, 0.0 ], [ -75.697116549704731, 4.536774825803483, 0.0 ], [ -75.69704326441304, 4.536678643294369, 0.0 ], [ -75.697008737050083, 4.536546987765878, 0.0 ], [ -75.697016204541328, 4.536339629098547, 0.0 ], [ -75.696970157920703, 4.536101156368778, 0.0 ], [ -75.697043553636348, 4.536044879388159, 0.0 ], [ -75.697060481107187, 4.535978539114827, 0.0 ], [ -75.697165834346038, 4.535904788701068, 0.0 ], [ -75.697344032548529, 4.535804053349383, 0.0 ], [ -75.697665510620283, 4.535669189012753, 0.0 ], [ -75.697811829547561, 4.535590302317878, 0.0 ], [ -75.6978743055449, 4.535489757372132, 0.0 ], [ -75.697853291112139, 4.535347233670195, 0.0 ], [ -75.697792660258656, 4.535206421178913, 0.0 ], [ -75.697712507882457, 4.535061177732325, 0.0 ], [ -75.697269452566488, 4.535295491525238, 0.0 ], [ -75.697313242963588, 4.534760678620847, 0.0 ], [ -75.697411676058138, 4.534496002864162, 0.0 ], [ -75.697479964324458, 4.534366075747296, 0.0 ], [ -75.697635719102337, 4.534239037351733, 0.0 ], [ -75.697752288865772, 4.534204701913291, 0.0 ], [ -75.697877313186581, 4.534186424950835, 0.0 ], [ -75.698298597626007, 4.534171169968833, 0.0 ], [ -75.698520245115844, 4.534131198115117, 0.0 ], [ -75.698781691289796, 4.534097635275237, 0.0 ], [ -75.699154291318479, 4.533968921533558, 0.0 ], [ -75.699327502836056, 4.533898362599634, 0.0 ], [ -75.699489170791054, 4.533818314641168, 0.0 ], [ -75.699580187553224, 4.533799184669524, 0.0 ], [ -75.699721681731688, 4.533793533121351, 0.0 ], [ -75.699863994846794, 4.533860177116599, 0.0 ], [ -75.699841845692049, 4.533250884084106, 0.0 ] ] ] } },
{ "type": "Feature", "properties": { "barrio": "ASENTAMIENTO MONTEVIDEO BAJO", "barrio_alt": "NUEVA LIBERTAD", "barrio_alt2": "NUEVA LIBERTAD", "vulnerabilidad": "Baja", "indice": 1.6666666666700001, "val_suelo": 1.0, "val_falla": 1.0, "val_antig": 3.0, "clas_antiguedad": "Alto", "clas_falla": null, "clas_falla_alt": null, "porcentaje_limitacion_suelo": 0.0, "area_m2": 39000.210431500003, "shape_area": 11691.792513799999 }, "geometry": { "type": "Polygon", "coordinates": [ [ [ -75.69527434626427, 4.537211098532498, 0.0 ], [ -75.695083078542538, 4.537067829350163, 0.0 ], [ -75.695038752639718, 4.537045850492671, 0.0 ], [ -75.694891985625631, 4.53673831870277, 0.0 ], [ -75.694844142119038, 4.536591336652078, 0.0 ], [ -75.694816660168328, 4.536423368030663, 0.0 ], [ -75.694755746656014, 4.536309264152015, 0.0 ], [ -75.694804621513924, 4.536218001167097, 0.0 ], [ -75.695076435773672, 4.536424441500317, 0.0 ], [ -75.69510928199125, 4.536629951148218, 0.0 ], [ -75.6954043286879, 4.536584445732825, 0.0 ], [ -75.695446402538678, 4.536625147551862, 0.0 ], [ -75.695508203919857, 4.536597828808691, 0.0 ], [ -75.69555333634608, 4.536490009633013, 0.0 ], [ -75.695629460631523, 4.536402087401462, 0.0 ], [ -75.695814774782235, 4.536297610030213, 0.0 ], [ -75.695854956233191, 4.536335237018696, 0.0 ], [ -75.695905495814827, 4.536289648101445, 0.0 ], [ -75.696100638160658, 4.536452183087435, 0.0 ], [ -75.696127664557466, 4.536426222886103, 0.0 ], [ -75.696512725579467, 4.536800590398853, 0.0 ], [ -75.696568039805186, 4.53674098090819, 0.0 ], [ -75.69666259338257, 4.536867298815817, 0.0 ], [ -75.69676597418065, 4.536737569426702, 0.0 ], [ -75.697098469430514, 4.536822310313054, 0.0 ], [ -75.697077674353494, 4.536876926098858, 0.0 ], [ -75.697105204135426, 4.536949426603776, 0.0 ], [ -75.697084544025657, 4.537113896310253, 0.0 ], [ -75.696785443249738, 4.537160217715375, 0.0 ], [ -75.69670913533092, 4.537147194674959, 0.0 ], [ -75.69655760009168, 4.537084154807108, 0.0 ], [ -75.696413903659959, 4.537038481132321, 0.0 ], [ -75.69637552419961, 4.537014784168044, 0.0 ], [ -75.696219031280449, 4.536877393632464, 0.0 ], [ -75.695994065642907, 4.536606225879718, 0.0 ], [ -75.695960910547171, 4.536574117132608, 0.0 ], [ -75.695911630240417, 4.536561906925731, 0.0 ], [ -75.695837576651186, 4.536595105262458, 0.0 ], [ -75.695778298007241, 4.536641689655839, 0.0 ], [ -75.695659743669836, 4.53681843612426, 0.0 ], [ -75.69563767546137, 4.536932496488918, 0.0 ], [ -75.695613802441287, 4.536997170412302, 0.0 ], [ -75.695584168754735, 4.537184496335595, 0.0 ], [ -75.695505789762294, 4.537189202816522, 0.0 ], [ -75.695418131932158, 4.537235154689351, 0.0 ], [ -75.695354437870094, 4.53724112617284, 0.0 ], [ -75.69527434626427, 4.537211098532498, 0.0 ] ] ] } },
{ "type": "Feature", "properties": { "barrio": "MONTEVIDEO", "barrio_alt": "NUEVA LIBERTAD", "barrio_alt2": "NUEVA LIBERTAD", "vulnerabilidad": "Muy baja", "indice": 1.3333333333299999, "val_suelo": 1.0, "val_falla": 1.0, "val_antig": 2.0, "clas_antiguedad": "Media", "clas_falla": null, "clas_falla_alt": null, "porcentaje_limitacion_suelo": 0.0, "area_m2": 39000.210431500003, "shape_area": 54796.189416300003 }, "geometry": { "type": "Polygon", "coordinates": [ [ [ -75.69510928199125, 4.536629951148218, 0.0 ], [ -75.695076435773672, 4.536424441500317, 0.0 ], [ -75.694804621513924, 4.536218001167097, 0.0 ], [ -75.694914296159993, 4.536113541665603, 0.0 ], [ -75.694949455381206, 4.536021742301873, 0.0 ], [ -75.69530849400779, 4.535686148780358, 0.0 ], [ -75.695383956510796, 4.535642265834275, 0.0 ], [ -75.694591689261699, 4.534782329186297, 0.0 ], [ -75.694782540634421, 4.534424378021435, 0.0 ], [ -75.694902768800375, 4.534345242156624, 0.0 ], [ -75.695056144627955, 4.534274404546944, 0.0 ], [ -75.695300643774587, 4.534278397637372, 0.0 ], [ -75.695681719888427, 4.534569384537602, 0.0 ], [ -75.695880594867219, 4.534635819051479, 0.0 ], [ -75.696158221030089, 4.534681395931666, 0.0 ], [ -75.696253558947291, 4.53464388453299, 0.0 ], [ -75.696567721866572, 4.534752420411182, 0.0 ], [ -75.696890730337742, 4.534577708933434, 0.0 ], [ -75.697038710205547, 4.534608473619976, 0.0 ], [ -75.69711580270868, 4.534653848537648, 0.0 ], [ -75.69718712057194, 4.534730230092952, 0.0 ], [ -75.697313242963588, 4.534760678620847, 0.0 ], [ -75.697269452566488, 4.535295491525238, 0.0 ], [ -75.697186164258127, 4.535585823438152, 0.0 ], [ -75.697149490040786, 4.535754033336653, 0.0 ], [ -75.697060481107187, 4.535978539114827, 0.0 ], [ -75.697043553636348, 4.536044879388159, 0.0 ], [ -75.696970157920703, 4.536101156368778, 0.0 ], [ -75.697016204541328, 4.536339629098547, 0.0 ], [ -75.697008737050083, 4.536546987765878, 0.0 ], [ -75.69704326441304, 4.536678643294369, 0.0 ], [ -75.697116549704731, 4.536774825803483, 0.0 ], [ -75.697098469430514, 4.536822310313054, 0.0 ], [ -75.69676597418065, 4.536737569426702, 0.0 ], [ -75.69666259338257, 4.536867298815817, 0.0 ], [ -75.696568039805186, 4.53674098090819, 0.0 ], [ -75.696512725579467, 4.536800590398853, 0.0 ], [ -75.696127664557466, 4.536426222886103, 0.0 ], [ -75.696100638160658, 4.536452183087435, 0.0 ], [ -75.695905495814827, 4.536289648101445, 0.0 ], [ -75.695854956233191, 4.536335237018696, 0.0 ], [ -75.695814774782235, 4.536297610030213, 0.0 ], [ -75.695629460631523, 4.536402087401462, 0.0 ], [ -75.69555333634608, 4.536490009633013, 0.0 ], [ -75.695508203919857, 4.536597828808691, 0.0 ], [ -75.695446402538678, 4.536625147551862, 0.0 ], [ -75.6954043286879, 4.536584445732825, 0.0 ], [ -75.69510928199125, 4.536629951148218, 0.0 ] ] ] } },
{ "type": "Feature", "properties": { "barrio": "ASENTAMIENTO NUEVA LIBERTAD", "barrio_alt": "LA UNION", "barrio_alt2": "LA UNION", "vulnerabilidad": "Baja", "indice": 1.6666666666700001, "val_suelo": 1.0, "val_falla": 1.0, "val_antig": 3.0, "clas_antiguedad": "Alto", "clas_falla": null, "clas_falla_alt": null, "porcentaje_limitacion_suelo": 0.0, "area_m2": 106650.74607199999, "shape_area": 11341.29921 }, "geometry": { "type": "Polygon", "coordinates": [ [ [ -75.692735716627737, 4.535672768286155, 0.0 ], [ -75.692702653670764, 4.535659653786971, 0.0 ], [ -75.692605262010332, 4.535561244223755, 0.0 ], [ -75.692578054165253, 4.535550933901433, 0.0 ], [ -75.692423638341538, 4.535543340351397, 0.0 ], [ -75.692309132593095, 4.535525704882337, 0.0 ], [ -75.692259042407102, 4.535540720833856, 0.0 ], [ -75.692162737192902, 4.535611276492387, 0.0 ], [ -75.692033010156138, 4.535773911677258, 0.0 ], [ -75.691978957014044, 4.535826104036071, 0.0 ], [ -75.691921389656144, 4.535858849060702, 0.0 ], [ -75.691861684747963, 4.535865382978694, 0.0 ], [ -75.692003895358511, 4.535385564451945, 0.0 ], [ -75.692004043880914, 4.53521532521628, 0.0 ], [ -75.692589712479474, 4.535215087094998, 0.0 ], [ -75.692583943499145, 4.535278553484857, 0.0 ], [ -75.692779318985558, 4.53529001263482, 0.0 ], [ -75.692848252628892, 4.535359218416425, 0.0 ], [ -75.693147084750095, 4.535312940623864, 0.0 ], [ -75.693279218925554, 4.535410967264091, 0.0 ], [ -75.693428578418136, 4.535549373711827, 0.0 ], [ -75.693560728930294, 4.535601245197168, 0.0 ], [ -75.693664128615538, 4.535705053661458, 0.0 ], [ -75.693842263406907, 4.53572228855793, 0.0 ], [ -75.694146795224157, 4.535808706030097, 0.0 ], [ -75.694411096318376, 4.535912448583487, 0.0 ], [ -75.694560496515507, 4.53593546525635, 0.0 ], [ -75.694629438414978, 4.535981592317824, 0.0 ], [ -75.694652404218033, 4.53603927751722, 0.0 ], [ -75.694646627377551, 4.536125822229029, 0.0 ], [ -75.694804621513924, 4.536218001167097, 0.0 ], [ -75.694738096409651, 4.53628136174969, 0.0 ], [ -75.694664760785884, 4.536226912251444, 0.0 ], [ -75.694584579042242, 4.536208009926485, 0.0 ], [ -75.694520794931194, 4.536213981623229, 0.0 ], [ -75.694429171609528, 4.536190738317001, 0.0 ], [ -75.694217815424153, 4.536083920524647, 0.0 ], [ -75.694132136349864, 4.536018526596327, 0.0 ], [ -75.694060872717515, 4.535943182262479, 0.0 ], [ -75.694012313182071, 4.535931967251822, 0.0 ], [ -75.693897807849638, 4.535959377814239, 0.0 ], [ -75.693798619631465, 4.536012294775017, 0.0 ], [ -75.693634657517705, 4.536134680664853, 0.0 ], [ -75.693586548735937, 4.536143727157388, 0.0 ], [ -75.693552043571472, 4.536136220456805, 0.0 ], [ -75.693498168015012, 4.536090724980737, 0.0 ], [ -75.693445913245682, 4.536010766760276, 0.0 ], [ -75.69338131295207, 4.535839362780892, 0.0 ], [ -75.69330527373134, 4.53574864210325, 0.0 ], [ -75.693235632412296, 4.535704594049152, 0.0 ], [ -75.693183108943657, 4.535688223542067, 0.0 ], [ -75.693112117774334, 4.535685873161574, 0.0 ], [ -75.692986171342, 4.535725133088755, 0.0 ], [ -75.692849051237616, 4.535679458267837, 0.0 ], [ -75.692735716627737, 4.535672768286155, 0.0 ] ] ] } },
{ "type": "Feature", "properties": { "barrio": "LOS ARTESANOS", "barrio_alt": "VILLA LILIANA", "barrio_alt2": "VILLA LILIANA", "vulnerabilidad": "Baja", "indice": 1.6666666666700001, "val_suelo": 1.0, "val_falla": 1.0, "val_antig": 3.0, "clas_antiguedad": "Alto", "clas_falla": null, "clas_falla_alt": null, "porcentaje_limitacion_suelo": 0.0, "area_m2": 149847.65657799999, "shape_area": 4428.77620097 }, "geometry": { "type": "Polygon", "coordinates": [ [ [ -75.697060481107187, 4.535978539114827, 0.0 ], [ -75.697149490040786, 4.535754033336653, 0.0 ], [ -75.697186164258127, 4.535585823438152, 0.0 ], [ -75.697269452566488, 4.535295491525238, 0.0 ], [ -75.697712507882457, 4.535061177732325, 0.0 ], [ -75.697792660258656, 4.535206421178913, 0.0 ], [ -75.697853291112139, 4.535347233670195, 0.0 ], [ -75.6978743055449, 4.535489757372132, 0.0 ], [ -75.697811829547561, 4.535590302317878, 0.0 ], [ -75.697665510620283, 4.535669189012753, 0.0 ], [ -75.697279264678585, 4.535838837070342, 0.0 ], [ -75.697060481107187, 4.535978539114827, 0.0 ] ] ] } },
{ "type": "Feature", "properties": { "barrio": "GUAYAQUIL", "barrio_alt": "GUAYAQUIL", "barrio_alt2": "GUAYAQUIL", "vulnerabilidad": "Baja", "indice": 1.6666666666700001, "val_suelo": 1.0, "val_falla": 1.0, "val_antig": 3.0, "clas_antiguedad": "Alto", "clas_falla": "Baja", "clas_falla_alt": "Baja", "porcentaje_limitacion_suelo": 0.0, "area_m2": 17296.741727799999, "shape_area": 17306.5426601 }, "geometry": { "type": "Polygon", "coordinates": [ [ [ -75.669131216194998, 4.533675974580823, 0.0 ], [ -75.668952786701098, 4.533027801746112, 0.0 ], [ -75.669037036319139, 4.533049368510865, 0.0 ], [ -75.669089649050761, 4.533045569484637, 0.0 ], [ -75.669141361455758, 4.533027931711425, 0.0 ], [ -75.669169289875313, 4.532995007425754, 0.0 ], [ -75.669176824521941, 4.53296477851645, 0.0 ], [ -75.66926140594974, 4.532915765828868, 0.0 ], [ -75.669399880928097, 4.532811875370073, 0.0 ], [ -75.669515988349886, 4.532684929098972, 0.0 ], [ -75.669563702445117, 4.532611534618991, 0.0 ], [ -75.669636627171087, 4.532363690751596, 0.0 ], [ -75.66966188923233, 4.532335492816452, 0.0 ], [ -75.669840720336552, 4.531723805288094, 0.0 ], [ -75.669964697330286, 4.531670421385584, 0.0 ], [ -75.670171298436713, 4.531652564356858, 0.0 ], [ -75.670513650821988, 4.531664288717073, 0.0 ], [ -75.670696618301861, 4.531705704113778, 0.0 ], [ -75.670960742520791, 4.531897702232841, 0.0 ], [ -75.669958586846079, 4.532861771837032, 0.0 ], [ -75.669131216194998, 4.533675974580823, 0.0 ] ] ] } },
{ "type": "Feature", "properties": { "barrio": "PATIO BONITO ALTO", "barrio_alt": "GUAYAQUIL", "barrio_alt2": "GUAYAQUIL", "vulnerabilidad": "Media", "indice": 2.0, "val_suelo": 1.0, "val_falla": 2.0, "val_antig": 3.0, "clas_antiguedad": "Alto", "clas_falla": "Media", "clas_falla_alt": "Media", "porcentaje_limitacion_suelo": 0.0, "area_m2": 17296.741727799999, "shape_area": 51091.514456800003 }, "geometry": { "type": "Polygon", "coordinates": [ [ [ -75.667281087562188, 4.532648315941405, 0.0 ], [ -75.667117880344705, 4.532324825309585, 0.0 ], [ -75.666953244759071, 4.532436121450629, 0.0 ], [ -75.666567238143784, 4.532077132814758, 0.0 ], [ -75.666860819510802, 4.531497275911083, 0.0 ], [ -75.6670779041537, 4.531247429418546, 0.0 ], [ -75.667500735457494, 4.530930676420635, 0.0 ], [ -75.667903217817894, 4.530734314689871, 0.0 ], [ -75.668020701495379, 4.530844955496575, 0.0 ], [ -75.668120196801965, 4.531251995976068, 0.0 ], [ -75.668362653458573, 4.531298737817413, 0.0 ], [ -75.668527610157398, 4.531292542069044, 0.0 ], [ -75.668620795365101, 4.531310958786152, 0.0 ], [ -75.668808435714524, 4.531270142210236, 0.0 ], [ -75.669004619145383, 4.531291991541913, 0.0 ], [ -75.669096880775328, 4.531984845408567, 0.0 ], [ -75.668978580497424, 4.532624936456974, 0.0 ], [ -75.669019851846798, 4.532749375196036, 0.0 ], [ -75.669114253885638, 4.532856014513151, 0.0 ], [ -75.669283424565734, 4.532899245877877, 0.0 ], [ -75.669176824521941, 4.53296477851645, 0.0 ], [ -75.669169289875313, 4.532995007425754, 0.0 ], [ -75.669141361455758, 4.533027931711425, 0.0 ], [ -75.669089649050761, 4.533045569484637, 0.0 ], [ -75.669037036319139, 4.533049368510865, 0.0 ], [ -75.668848476810268, 4.532997447530746, 0.0 ], [ -75.668728386086414, 4.532986863781634, 0.0 ], [ -75.668495230879586, 4.533036249390792, 0.0 ], [ -75.668244508474928, 4.533063473531652, 0.0 ], [ -75.668206940956111, 4.533075593919592, 0.0 ], [ -75.668149642607659, 4.533151754099213, 0.0 ], [ -75.668116307744071, 4.533291863084617, 0.0 ], [ -75.668081893355634, 4.533330033197256, 0.0 ], [ -75.667950990603273, 4.533426544656749, 0.0 ], [ -75.667921843979641, 4.533428747100685, 0.0 ], [ -75.667748160324734, 4.533312529142113, 0.0 ], [ -75.667450889380277, 4.533052599787819, 0.0 ], [ -75.667561167710588, 4.533002218446107, 0.0 ], [ -75.667429569446028, 4.532871630231231, 0.0 ], [ -75.667361039111498, 4.532786747940951, 0.0 ], [ -75.667281087562188, 4.532648315941405, 0.0 ] ] ] } },
{ "type": "Feature", "properties": { "barrio": "LA FLORIDA", "barrio_alt": "GUAYAQUIL", "barrio_alt2": "GUAYAQUIL", "vulnerabilidad": "Baja", "indice": 1.6666666666700001, "val_suelo": 1.0, "val_falla": 2.0, "val_antig": 2.0, "clas_antiguedad": "Media", "clas_falla": "Media", "clas_falla_alt": "Media", "porcentaje_limitacion_suelo": 0.0, "area_m2": 17296.741727799999, "shape_area": 63543.040795399997 }, "geometry": { "type": "Polygon", "coordinates": [ [ [ -75.667903217817894, 4.530734314689871, 0.0 ], [ -75.66848666803061, 4.530604858317036, 0.0 ], [ -75.66884792606244, 4.530540288933191, 0.0 ], [ -75.668957857777045, 4.530528649750927, 0.0 ], [ -75.669121279694437, 4.530455824041034, 0.0 ], [ -75.669383868085006, 4.530175253898022, 0.0 ], [ -75.669545534946963, 4.529968875092968, 0.0 ], [ -75.669491243767155, 4.529867249597942, 0.0 ], [ -75.669466432720981, 4.529319117208777, 0.0 ], [ -75.669390634670208, 4.52905423361538, 0.0 ], [ -75.669271025396455, 4.528901615353778, 0.0 ], [ -75.669318143025521, 4.52883703238559, 0.0 ], [ -75.670151528629788, 4.528508217468934, 0.0 ], [ -75.670399639288433, 4.529140586327771, 0.0 ], [ -75.670465618879703, 4.529288301773277, 0.0 ], [ -75.670573534208344, 4.529485056581216, 0.0 ], [ -75.671018980302676, 4.529817659474102, 0.0 ], [ -75.670762115898739, 4.530218161932807, 0.0 ], [ -75.670360538469211, 4.530727980526842, 0.0 ], [ -75.670313298514458, 4.53077540949526, 0.0 ], [ -75.670118449032131, 4.530935494886572, 0.0 ], [ -75.669811450373416, 4.531089695404662, 0.0 ], [ -75.66956352369121, 4.531125346842311, 0.0 ], [ -75.669433641690816, 4.531184659598027, 0.0 ], [ -75.669463111336597, 4.531297249029024, 0.0 ], [ -75.669575195103803, 4.531368275343447, 0.0 ], [ -75.669811336401693, 4.531386014209599, 0.0 ], [ -75.669964819636789, 4.531350398133224, 0.0 ], [ -75.670313094726623, 4.531308782040021, 0.0 ], [ -75.670897422624591, 4.5314093095431, 0.0 ], [ -75.67113346300502, 4.531587011655355, 0.0 ], [ -75.671206220898497, 4.531660062607477, 0.0 ], [ -75.670960742520791, 4.531897702232841, 0.0 ], [ -75.670696618301861, 4.531705704113778, 0.0 ], [ -75.670513650821988, 4.531664288717073, 0.0 ], [ -75.670171298436713, 4.531652564356858, 0.0 ], [ -75.669964697330286, 4.531670421385584, 0.0 ], [ -75.669840720336552, 4.531723805288094, 0.0 ], [ -75.66966188923233, 4.532335492816452, 0.0 ], [ -75.669636627171087, 4.532363690751596, 0.0 ], [ -75.669563702445117, 4.532611534618991, 0.0 ], [ -75.669515988349886, 4.532684929098972, 0.0 ], [ -75.669399880928097, 4.532811875370073, 0.0 ], [ -75.669283424565734, 4.532899245877877, 0.0 ], [ -75.669114253885638, 4.532856014513151, 0.0 ], [ -75.669019851846798, 4.532749375196036, 0.0 ], [ -75.668978580497424, 4.532624936456974, 0.0 ], [ -75.669096880775328, 4.531984845408567, 0.0 ], [ -75.669004619145383, 4.531291991541913, 0.0 ], [ -75.668808435714524, 4.531270142210236, 0.0 ], [ -75.668620795365101, 4.531310958786152, 0.0 ], [ -75.668527610157398, 4.531292542069044, 0.0 ], [ -75.668362653458573, 4.531298737817413, 0.0 ], [ -75.668120196801965, 4.531251995976068, 0.0 ], [ -75.668020701495379, 4.530844955496575, 0.0 ], [ -75.667903217817894, 4.530734314689871, 0.0 ] ] ] } },
{ "type": "Feature", "properties": { "barrio": "BARRIO ALBERTO ZULETA", "barrio_alt": "BARRIO ALBERTO ZULETA", "barrio_alt2": "BARRIO ALBERTO ZULETA", "vulnerabilidad": "Media", "indice": 2.0, "val_suelo": 1.0, "val_falla": 2.0, "val_antig": 3.0, "clas_antiguedad": "Alto", "clas_falla": "Media", "clas_falla_alt": "Media", "porcentaje_limitacion_suelo": 0.0, "area_m2": 20258.348660700001, "shape_area": 20269.733699 }, "geometry": { "type": "Polygon", "coordinates": [ [ [ -75.666246604844488, 4.535098251748012, 0.0 ], [ -75.666206720455875, 4.535052030655864, 0.0 ], [ -75.666103183034394, 4.534838249793702, 0.0 ], [ -75.666050855788384, 4.534778498340769, 0.0 ], [ -75.66593954484479, 4.534685773031108, 0.0 ], [ -75.666002586890173, 4.53463351491543, 0.0 ], [ -75.666078264269061, 4.534593716922446, 0.0 ], [ -75.666306825712738, 4.534494131616086, 0.0 ], [ -75.666405474983947, 4.534462384388868, 0.0 ], [ -75.666501782749236, 4.534407028979296, 0.0 ], [ -75.666519440950168, 4.53437518954923, 0.0 ], [ -75.666528089818371, 4.534327702444989, 0.0 ], [ -75.666531335166638, 4.534133593652999, 0.0 ], [ -75.666550255409902, 4.533983624755032, 0.0 ], [ -75.666561157251095, 4.533951333853069, 0.0 ], [ -75.666622239249804, 4.5338873844194, 0.0 ], [ -75.666797376783606, 4.533772964669832, 0.0 ], [ -75.666979091059943, 4.533620374606975, 0.0 ], [ -75.667048551224795, 4.533605088813129, 0.0 ], [ -75.667095668143787, 4.533609702619698, 0.0 ], [ -75.66717873199093, 4.533624536905813, 0.0 ], [ -75.667223506275093, 4.533648688003658, 0.0 ], [ -75.667286660083349, 4.53369617553139, 0.0 ], [ -75.667382425572029, 4.533823533019177, 0.0 ], [ -75.667453866582122, 4.533898788886892, 0.0 ], [ -75.667405667633531, 4.53392140132296, 0.0 ], [ -75.667359540874756, 4.533970335094527, 0.0 ], [ -75.667352783637028, 4.534005973780237, 0.0 ], [ -75.667362241796098, 4.534186876872885, 0.0 ], [ -75.667384944209687, 4.534254535225275, 0.0 ], [ -75.667469718150272, 4.534413006783567, 0.0 ], [ -75.667519988095947, 4.534542534846809, 0.0 ], [ -75.667526834590021, 4.534582514272532, 0.0 ], [ -75.667520706438708, 4.534785849575124, 0.0 ], [ -75.667529895190455, 4.534852331952241, 0.0 ], [ -75.667590705286074, 4.534960241064955, 0.0 ], [ -75.667621623459283, 4.535079122978579, 0.0 ], [ -75.667576580827102, 4.535077855664825, 0.0 ], [ -75.667481806777502, 4.535145817213847, 0.0 ], [ -75.667428591643557, 4.535118585616396, 0.0 ], [ -75.667337488416777, 4.535097900259999, 0.0 ], [ -75.667247042931294, 4.535106450726302, 0.0 ], [ -75.667078096949226, 4.535150905981085, 0.0 ], [ -75.666888315626537, 4.535240521092876, 0.0 ], [ -75.666749241725498, 4.535281860781304, 0.0 ], [ -75.66666587513555, 4.535281312761257, 0.0 ], [ -75.666520231595229, 4.535246426258224, 0.0 ], [ -75.666331432309093, 4.535163767605682, 0.0 ], [ -75.666246604844488, 4.535098251748012, 0.0 ] ] ] } },
{ "type": "Feature", "properties": { "barrio": "BLOQUES TORRES DEL RIO", "barrio_alt": "LA FLORIDA", "barrio_alt2": "LA FLORIDA", "vulnerabilidad": "Baja", "indice": 1.6666666666700001, "val_suelo": 1.0, "val_falla": 3.0, "val_antig": 1.0, "clas_antiguedad": "Baja", "clas_falla": "Alta", "clas_falla_alt": "Alta", "porcentaje_limitacion_suelo": 0.0, "area_m2": 63507.063737900004, "shape_area": 10426.161486700001 }, "geometry": { "type": "Polygon", "coordinates": [ [ [ -75.669491243767155, 4.529867249597942, 0.0 ], [ -75.668697047379453, 4.529841246051483, 0.0 ], [ -75.668226155871622, 4.529688470627105, 0.0 ], [ -75.668197699241006, 4.529611518965644, 0.0 ], [ -75.668290224530736, 4.529458411642441, 0.0 ], [ -75.668533424249631, 4.529245680955714, 0.0 ], [ -75.668921328073836, 4.529021934959353, 0.0 ], [ -75.669187964112226, 4.528951878800095, 0.0 ], [ -75.669283254198234, 4.528943020450363, 0.0 ], [ -75.669390634670208, 4.52905423361538, 0.0 ], [ -75.669466432720981, 4.529319117208777, 0.0 ], [ -75.669491243767155, 4.529867249597942, 0.0 ] ] ] } },
{ "type": "Feature", "properties": { "barrio": "MARIA CRISTINA", "barrio_alt": "PATIO BONITO ALTO", "barrio_alt2": "PATIO BONITO ALTO", "vulnerabilidad": "Media", "indice": 2.0, "val_suelo": 1.0, "val_falla": 3.0, "val_antig": 2.0, "clas_antiguedad": "Media", "clas_falla": "Alta", "clas_falla_alt": "Alta", "porcentaje_limitacion_suelo": 0.0, "area_m2": 51062.720711200003, "shape_area": 54345.493297699999 }, "geometry": { "type": "Polygon", "coordinates": [ [ [ -75.669545534946963, 4.529968875092968, 0.0 ], [ -75.669383868085006, 4.530175253898022, 0.0 ], [ -75.669121279694437, 4.530455824041034, 0.0 ], [ -75.668957857777045, 4.530528649750927, 0.0 ], [ -75.66848666803061, 4.530604858317036, 0.0 ], [ -75.667903217817894, 4.530734314689871, 0.0 ], [ -75.667500735457494, 4.530930676420635, 0.0 ], [ -75.6670779041537, 4.531247429418546, 0.0 ], [ -75.666860819510802, 4.531497275911083, 0.0 ], [ -75.666567238143784, 4.532077132814758, 0.0 ], [ -75.666482088037597, 4.532362729670407, 0.0 ], [ -75.666426446175009, 4.532475994536228, 0.0 ], [ -75.666126642230438, 4.532413719728755, 0.0 ], [ -75.666106495381683, 4.53230048883328, 0.0 ], [ -75.666043483279282, 4.532225750296066, 0.0 ], [ -75.666006581054077, 4.532161600454146, 0.0 ], [ -75.665992932758925, 4.53209447174052, 0.0 ], [ -75.665995897350783, 4.53193840234935, 0.0 ], [ -75.666014394970233, 4.531789294751342, 0.0 ], [ -75.666044059258482, 4.531704933789516, 0.0 ], [ -75.666289041881868, 4.531263063562562, 0.0 ], [ -75.666314667471497, 4.531143044119539, 0.0 ], [ -75.666297317276459, 4.530875309419975, 0.0 ], [ -75.666304039708436, 4.530670404994247, 0.0 ], [ -75.666255467763179, 4.530382335637279, 0.0 ], [ -75.666174819531392, 4.530087553551699, 0.0 ], [ -75.666162955531163, 4.529957621126914, 0.0 ], [ -75.666323572108766, 4.529737148457247, 0.0 ], [ -75.666635044254491, 4.5296022300252, 0.0 ], [ -75.66691029010407, 4.529559777148053, 0.0 ], [ -75.6669922809741, 4.52953516874269, 0.0 ], [ -75.667056308097756, 4.529539404760361, 0.0 ], [ -75.667387322999005, 4.529496103951604, 0.0 ], [ -75.66756821531213, 4.529518314206768, 0.0 ], [ -75.667744001550474, 4.529559447196772, 0.0 ], [ -75.668072671999496, 4.529669624611843, 0.0 ], [ -75.668226155871622, 4.529688470627105, 0.0 ], [ -75.668697047379453, 4.529841246051483, 0.0 ], [ -75.669491243767155, 4.529867249597942, 0.0 ], [ -75.669545534946963, 4.529968875092968, 0.0 ] ] ] } },
{ "type": "Feature", "properties": { "barrio": "ALAMEDA", "barrio_alt": "PATIO BONITO ALTO", "barrio_alt2": "PATIO BONITO ALTO", "vulnerabilidad": "Media", "indice": 2.0, "val_suelo": 1.0, "val_falla": 2.0, "val_antig": 3.0, "clas_antiguedad": "Alto", "clas_falla": "Media", "clas_falla_alt": "Media", "porcentaje_limitacion_suelo": 0.0, "area_m2": 51062.720711200003, "shape_area": 3968.6020438700002 }, "geometry": { "type": "Polygon", "coordinates": [ [ [ -75.667561167710588, 4.533002218446107, 0.0 ], [ -75.667443094646671, 4.533056160761275, 0.0 ], [ -75.667457909180925, 4.533100791987666, 0.0 ], [ -75.667442580112237, 4.533142299870811, 0.0 ], [ -75.667269422243166, 4.533239089434145, 0.0 ], [ -75.667214064808277, 4.533207622885937, 0.0 ], [ -75.667209844835142, 4.533194768251679, 0.0 ], [ -75.66709463201471, 4.533240137601739, 0.0 ], [ -75.666968106646678, 4.53279599723273, 0.0 ], [ -75.666828245124179, 4.532456965285405, 0.0 ], [ -75.666919642226716, 4.532411486931085, 0.0 ], [ -75.666953244759071, 4.532436121450629, 0.0 ], [ -75.667117880344705, 4.532324825309585, 0.0 ], [ -75.667306138291778, 4.53269777592746, 0.0 ], [ -75.667361039111498, 4.532786747940951, 0.0 ], [ -75.667429569446028, 4.532871630231231, 0.0 ], [ -75.667561167710588, 4.533002218446107, 0.0 ] ] ] } },
{ "type": "Feature", "properties": { "barrio": "NUEVO RECREO", "barrio_alt": "NUEVO RECREO", "barrio_alt2": "NUEVO RECREO", "vulnerabilidad": "Baja", "indice": 1.6666666666700001, "val_suelo": 1.0, "val_falla": 1.0, "val_antig": 3.0, "clas_antiguedad": "Alto", "clas_falla": null, "clas_falla_alt": null, "porcentaje_limitacion_suelo": 0.0, "area_m2": 7405.1579616500003, "shape_area": 7409.5607190800001 }, "geometry": { "type": "Polygon", "coordinates": [ [ [ -75.686305968903213, 4.536572445660761, 0.0 ], [ -75.685987209326427, 4.536209720793696, 0.0 ], [ -75.686138718209193, 4.536073601842233, 0.0 ], [ -75.686361980353396, 4.535918781254334, 0.0 ], [ -75.686638374924627, 4.535806630016222, 0.0 ], [ -75.686667614403504, 4.535777271563369, 0.0 ], [ -75.686953723193724, 4.535727118019813, 0.0 ], [ -75.686950273756409, 4.535825509318757, 0.0 ], [ -75.687106967326841, 4.536103861372469, 0.0 ], [ -75.687236868409244, 4.536303708932974, 0.0 ], [ -75.687319742987327, 4.536556842599997, 0.0 ], [ -75.687331070847137, 4.536635876502588, 0.0 ], [ -75.687323681487186, 4.536670793928468, 0.0 ], [ -75.686874771733216, 4.536129364280227, 0.0 ], [ -75.686710174296508, 4.536278568429641, 0.0 ], [ -75.686538164681096, 4.536482372129826, 0.0 ], [ -75.686632606077964, 4.536603483706024, 0.0 ], [ -75.686474020198048, 4.536739366052287, 0.0 ], [ -75.686385380186664, 4.536641609714628, 0.0 ], [ -75.686305968903213, 4.536572445660761, 0.0 ] ] ] } },
{ "type": "Feature", "properties": { "barrio": "KENNEDY", "barrio_alt": "NUEVO RECREO", "barrio_alt2": "NUEVO RECREO", "vulnerabilidad": "Baja", "indice": 1.6666666666700001, "val_suelo": 1.0, "val_falla": 1.0, "val_antig": 3.0, "clas_antiguedad": "Alto", "clas_falla": null, "clas_falla_alt": null, "porcentaje_limitacion_suelo": 0.0, "area_m2": 7405.1579616500003, "shape_area": 10597.721351599999 }, "geometry": { "type": "Polygon", "coordinates": [ [ [ -75.685861931465595, 4.536348265274419, 0.0 ], [ -75.685987209326427, 4.536209720793696, 0.0 ], [ -75.686305968903213, 4.536572445660761, 0.0 ], [ -75.686385380186664, 4.536641609714628, 0.0 ], [ -75.686474020198048, 4.536739366052287, 0.0 ], [ -75.686632606077964, 4.536603483706024, 0.0 ], [ -75.686538164681096, 4.536482372129826, 0.0 ], [ -75.686710174296508, 4.536278568429641, 0.0 ], [ -75.686874771733216, 4.536129364280227, 0.0 ], [ -75.687323681487186, 4.536670793928468, 0.0 ], [ -75.687331070847137, 4.536635876502588, 0.0 ], [ -75.687388838773614, 4.536721503261885, 0.0 ], [ -75.687420736842583, 4.537016279169066, 0.0 ], [ -75.68735992484298, 4.537015375705987, 0.0 ], [ -75.687286861701821, 4.537032381859527, 0.0 ], [ -75.687221816571835, 4.537079689823778, 0.0 ], [ -75.687080015911377, 4.537216636198154, 0.0 ], [ -75.687042989217233, 4.537240335439117, 0.0 ], [ -75.686965330194795, 4.537247934910395, 0.0 ], [ -75.686863616549203, 4.537212932155534, 0.0 ], [ -75.686819202352638, 4.537217997561628, 0.0 ], [ -75.686783166096603, 4.537245948456468, 0.0 ], [ -75.686716882503433, 4.537327183600003, 0.0 ], [ -75.686477432576638, 4.536965627478712, 0.0 ], [ -75.686413669735785, 4.536901260817013, 0.0 ], [ -75.686130280990298, 4.536715127720718, 0.0 ], [ -75.685950184302769, 4.536551838412703, 0.0 ], [ -75.685876614321799, 4.536411318598311, 0.0 ], [ -75.685861931465595, 4.536348265274419, 0.0 ] ] ] } },
{ "type": "Feature", "properties": { "barrio": "CONDOMINIO LA ALDEA", "barrio_alt": "URIBE", "barrio_alt2": "URIBE", "vulnerabilidad": "Alta", "indice": 2.3333333333300001, "val_suelo": 1.0, "val_falla": 3.0, "val_antig": 3.0, "clas_antiguedad": "Alto", "clas_falla": "Alta", "clas_falla_alt": "Alta", "porcentaje_limitacion_suelo": 2.4844720496899999, "area_m2": 200135.453668, "shape_area": 15617.6731217 }, "geometry": { "type": "Polygon", "coordinates": [ [ [ -75.677206867397629, 4.531788319944394, 0.0 ], [ -75.676764897779563, 4.53128749376113, 0.0 ], [ -75.677152084380182, 4.53093445977597, 0.0 ], [ -75.677312292678522, 4.530800388514553, 0.0 ], [ -75.677641648704025, 4.530451853252942, 0.0 ], [ -75.677788539718321, 4.530268662565157, 0.0 ], [ -75.678178617637485, 4.529868088175459, 0.0 ], [ -75.67819998116083, 4.529857017478825, 0.0 ], [ -75.678218105849069, 4.529956968491821, 0.0 ], [ -75.678225719561397, 4.530114713062527, 0.0 ], [ -75.678254433153668, 4.530201271023246, 0.0 ], [ -75.678325279044785, 4.530353222989256, 0.0 ], [ -75.678367381745801, 4.530514803016915, 0.0 ], [ -75.678388397024932, 4.530709093964187, 0.0 ], [ -75.678415184391639, 4.530828356856953, 0.0 ], [ -75.678355845384047, 4.530866351913915, 0.0 ], [ -75.678353725227268, 4.530888981918459, 0.0 ], [ -75.678169785082034, 4.530941818943991, 0.0 ], [ -75.677890798934584, 4.531153843487259, 0.0 ], [ -75.677206867397629, 4.531788319944394, 0.0 ] ] ] } },
{ "type": "Feature", "properties": { "barrio": "VELEZ", "barrio_alt": "VELEZ", "barrio_alt2": "VELEZ", "vulnerabilidad": "Baja", "indice": 1.6666666666700001, "val_suelo": 1.0, "val_falla": 1.0, "val_antig": 3.0, "clas_antiguedad": "Alto", "clas_falla": "Baja", "clas_falla_alt": "Baja", "porcentaje_limitacion_suelo": 0.0, "area_m2": 44627.090210199996, "shape_area": 44652.562111599997 }, "geometry": { "type": "Polygon", "coordinates": [ [ [ -75.671631124588643, 4.53143180508546, 0.0 ], [ -75.670772668925636, 4.530725161970477, 0.0 ], [ -75.670996093618299, 4.530371568141672, 0.0 ], [ -75.67116792399483, 4.530181812540605, 0.0 ], [ -75.671339717758997, 4.53007827720168, 0.0 ], [ -75.671533055002911, 4.52979798193155, 0.0 ], [ -75.671809761154421, 4.529459805189385, 0.0 ], [ -75.672097520984593, 4.52927431202733, 0.0 ], [ -75.672544212067066, 4.528937867980127, 0.0 ], [ -75.67260717414652, 4.528835187205929, 0.0 ], [ -75.672904840559823, 4.52904980243928, 0.0 ], [ -75.673059358403123, 4.529187688132082, 0.0 ], [ -75.673153686979362, 4.529506662268946, 0.0 ], [ -75.673149228708127, 4.529898963899538, 0.0 ], [ -75.673110515126154, 4.530067108223792, 0.0 ], [ -75.673545484453342, 4.530620391695718, 0.0 ], [ -75.673091156940458, 4.531069069374342, 0.0 ], [ -75.6726748479999, 4.530625212437148, 0.0 ], [ -75.672498765774279, 4.530715816908824, 0.0 ], [ -75.671815830538108, 4.531254977604164, 0.0 ], [ -75.671631124588643, 4.53143180508546, 0.0 ] ] ] } },
{ "type": "Feature", "properties": { "barrio": "RINCON SANTO", "barrio_alt": "URIBE", "barrio_alt2": "URIBE", "vulnerabilidad": "Baja", "indice": 1.6666666666700001, "val_suelo": 1.0, "val_falla": 1.0, "val_antig": 3.0, "clas_antiguedad": "Alto", "clas_falla": "Baja", "clas_falla_alt": "Baja", "porcentaje_limitacion_suelo": 2.4844720496899999, "area_m2": 200135.453668, "shape_area": 72406.201369100003 }, "geometry": { "type": "Polygon", "coordinates": [ [ [ -75.673149228708127, 4.529898963899538, 0.0 ], [ -75.673153686979362, 4.529506662268946, 0.0 ], [ -75.673059358403123, 4.529187688132082, 0.0 ], [ -75.672904840559823, 4.52904980243928, 0.0 ], [ -75.672600076424061, 4.528830070273425, 0.0 ], [ -75.67266453811304, 4.5286964018844, 0.0 ], [ -75.672643157948684, 4.528485172741314, 0.0 ], [ -75.672694744877347, 4.528338577852418, 0.0 ], [ -75.672793589134628, 4.528127297308501, 0.0 ], [ -75.672892394307027, 4.528010858940731, 0.0 ], [ -75.672986882091664, 4.527950465536994, 0.0 ], [ -75.673145749021003, 4.527954710087223, 0.0 ], [ -75.673351907069446, 4.527816670833003, 0.0 ], [ -75.673751367103449, 4.527475934651861, 0.0 ], [ -75.674026249850655, 4.527277513169231, 0.0 ], [ -75.674219538750307, 4.527109303380323, 0.0 ], [ -75.674528755909492, 4.526945354896246, 0.0 ], [ -75.674666173693566, 4.526902186692512, 0.0 ], [ -75.674994667287919, 4.526871928277122, 0.0 ], [ -75.675031246212114, 4.526908654000965, 0.0 ], [ -75.675048984659895, 4.527006896355011, 0.0 ], [ -75.675191217792346, 4.527203322235207, 0.0 ], [ -75.675272883485107, 4.527465786628996, 0.0 ], [ -75.675312792355882, 4.527693531587796, 0.0 ], [ -75.675285989548229, 4.527898984471351, 0.0 ], [ -75.67527699538627, 4.528077631256602, 0.0 ], [ -75.675227954885941, 4.528278629925822, 0.0 ], [ -75.675165591670833, 4.52843944200061, 0.0 ], [ -75.675032063410796, 4.528591362176269, 0.0 ], [ -75.675054242944256, 4.528703000641039, 0.0 ], [ -75.674791733620154, 4.528823730146594, 0.0 ], [ -75.674689368919886, 4.528926506171053, 0.0 ], [ -75.675033273578876, 4.529284926268101, 0.0 ], [ -75.673545484453342, 4.530620391695718, 0.0 ], [ -75.673110515126154, 4.530067108223792, 0.0 ], [ -75.673149228708127, 4.529898963899538, 0.0 ] ] ] } },
{ "type": "Feature", "properties": { "barrio": "SECTOR PARQUE VALENCIA", "barrio_alt": "ALAMOS", "barrio_alt2": "ALAMOS", "vulnerabilidad": "Baja", "indice": 1.6666666666700001, "val_suelo": 1.0, "val_falla": 3.0, "val_antig": 1.0, "clas_antiguedad": "Baja", "clas_falla": "Alta", "clas_falla_alt": "Alta", "porcentaje_limitacion_suelo": 0.0, "area_m2": 93172.782168200007, "shape_area": 138224.46882800001 }, "geometry": { "type": "Polygon", "coordinates": [ [ [ -75.675423796230476, 4.539651180983769, 0.0 ], [ -75.674434493693809, 4.538514042187897, 0.0 ], [ -75.673812389279519, 4.537834448191391, 0.0 ], [ -75.674230412600863, 4.537440472292743, 0.0 ], [ -75.675359246181614, 4.536479914399169, 0.0 ], [ -75.675496790794057, 4.5361349770022, 0.0 ], [ -75.675720147319311, 4.535945199087854, 0.0 ], [ -75.676188286415112, 4.535664786572476, 0.0 ], [ -75.676716613835836, 4.535203285412069, 0.0 ], [ -75.676974134325206, 4.535461835328228, 0.0 ], [ -75.677367147577044, 4.534921244924052, 0.0 ], [ -75.678895021515871, 4.536614989305296, 0.0 ], [ -75.677989608220358, 4.537372077649902, 0.0 ], [ -75.676922668281733, 4.53828862706704, 0.0 ], [ -75.676437247666783, 4.538823781894563, 0.0 ], [ -75.675446184067056, 4.539759074706814, 0.0 ], [ -75.675423796230476, 4.539651180983769, 0.0 ] ] ] } },
{ "type": "Feature", "properties": { "barrio": "ASENTAMIENTO SALAZAR BAJO", "barrio_alt": "ASENTAMIENTO MIRAFLOREZ", "barrio_alt2": "ASENTAMIENTO MIRAFLOREZ", "vulnerabilidad": "Baja", "indice": 1.6666666666700001, "val_suelo": 1.0, "val_falla": 1.0, "val_antig": 3.0, "clas_antiguedad": "Alto", "clas_falla": "Baja", "clas_falla_alt": "Baja", "porcentaje_limitacion_suelo": 0.0, "area_m2": 52248.273832500003, "shape_area": 5928.7208102000004 }, "geometry": { "type": "Polygon", "coordinates": [ [ [ -75.683190704024184, 4.533240117259866, 0.0 ], [ -75.683188095092987, 4.533041183447803, 0.0 ], [ -75.683233545668344, 4.533041861597019, 0.0 ], [ -75.68337974581425, 4.532988086751774, 0.0 ], [ -75.68345462010079, 4.532977306065134, 0.0 ], [ -75.683672165205806, 4.532844741983932, 0.0 ], [ -75.683914583372086, 4.532866080351099, 0.0 ], [ -75.684075013840712, 4.532869568354251, 0.0 ], [ -75.68417482214808, 4.532898146717629, 0.0 ], [ -75.684242531060946, 4.532951799808302, 0.0 ], [ -75.684313791764538, 4.533030506259756, 0.0 ], [ -75.684320871969362, 4.533123568100854, 0.0 ], [ -75.684302204501165, 4.533240674867193, 0.0 ], [ -75.68431242192068, 4.533417041339511, 0.0 ], [ -75.68413438484481, 4.533466187614216, 0.0 ], [ -75.683720170195599, 4.533629834864629, 0.0 ], [ -75.683647704232982, 4.533668047290943, 0.0 ], [ -75.683512619208159, 4.533415452597653, 0.0 ], [ -75.683689877116251, 4.533350675620202, 0.0 ], [ -75.683887290352857, 4.533241404994841, 0.0 ], [ -75.683843015988572, 4.533148406373972, 0.0 ], [ -75.683770531601112, 4.533091816559201, 0.0 ], [ -75.683689983184266, 4.533059494290666, 0.0 ], [ -75.683601366356896, 4.533059529025897, 0.0 ], [ -75.683516769902127, 4.533079784157596, 0.0 ], [ -75.683266972377666, 4.533241649982874, 0.0 ], [ -75.683190704024184, 4.533240117259866, 0.0 ] ] ] } },
{ "type": "Feature", "properties": { "barrio": "7 DE AGOSTO", "barrio_alt": "LAS MARGARITAS", "barrio_alt2": "LAS MARGARITAS", "vulnerabilidad": "Baja", "indice": 1.6666666666700001, "val_suelo": 1.0, "val_falla": 1.0, "val_antig": 3.0, "clas_antiguedad": "Alto", "clas_falla": null, "clas_falla_alt": null, "porcentaje_limitacion_suelo": 0.0, "area_m2": 15773.6963127, "shape_area": 68151.834340200003 }, "geometry": { "type": "Polygon", "coordinates": [ [ [ -75.687236868409244, 4.536303708932974, 0.0 ], [ -75.687106967326841, 4.536103861372469, 0.0 ], [ -75.686950273756409, 4.535825509318757, 0.0 ], [ -75.686953723193724, 4.535727118019813, 0.0 ], [ -75.686972148513675, 4.535682824294139, 0.0 ], [ -75.686999892131453, 4.535657006235607, 0.0 ], [ -75.687092366209384, 4.535594782474071, 0.0 ], [ -75.687268485881503, 4.535509534772073, 0.0 ], [ -75.687425932249127, 4.535385709495197, 0.0 ], [ -75.687523743496854, 4.535272988369295, 0.0 ], [ -75.687629140192726, 4.535065844728903, 0.0 ], [ -75.687664547248033, 4.534945748513417, 0.0 ], [ -75.6876939974252, 4.534944150753518, 0.0 ], [ -75.687671566305184, 4.534655790875725, 0.0 ], [ -75.687645852874724, 4.534467876506961, 0.0 ], [ -75.68761362078628, 4.534396612093089, 0.0 ], [ -75.687606541311666, 4.534396455841978, 0.0 ], [ -75.687598865537822, 4.534352224996565, 0.0 ], [ -75.687875514135769, 4.534299023886907, 0.0 ], [ -75.689479765466459, 4.534375458760648, 0.0 ], [ -75.689536824264934, 4.53439366422673, 0.0 ], [ -75.689608858124231, 4.534465967107698, 0.0 ], [ -75.689748242904614, 4.534582242123486, 0.0 ], [ -75.689850149198023, 4.534651429462842, 0.0 ], [ -75.690093140627084, 4.534768602788142, 0.0 ], [ -75.690128465492421, 4.534827926529608, 0.0 ], [ -75.690118705565283, 4.534969524643123, 0.0 ], [ -75.690128943636921, 4.53513666974251, 0.0 ], [ -75.690233405234608, 4.535705222062007, 0.0 ], [ -75.689968574855698, 4.535754695336801, 0.0 ], [ -75.689864702244279, 4.535826516690952, 0.0 ], [ -75.689753169954585, 4.535868488803316, 0.0 ], [ -75.689697044825024, 4.535916609763851, 0.0 ], [ -75.68965191098188, 4.536013394292777, 0.0 ], [ -75.689604163716979, 4.536052741898715, 0.0 ], [ -75.689460108527584, 4.536081508718403, 0.0 ], [ -75.689328845979517, 4.536076355940827, 0.0 ], [ -75.689268936345101, 4.536096256748354, 0.0 ], [ -75.68922245021345, 4.536136328303743, 0.0 ], [ -75.689159028490963, 4.536247585188293, 0.0 ], [ -75.68913650593646, 4.536264047751674, 0.0 ], [ -75.689092902024839, 4.536261153725688, 0.0 ], [ -75.689054882877087, 4.536240351424178, 0.0 ], [ -75.688995601978078, 4.53619015195809, 0.0 ], [ -75.688923166813993, 4.536096626289872, 0.0 ], [ -75.688894067313925, 4.536080526116869, 0.0 ], [ -75.688780012123445, 4.536079081680739, 0.0 ], [ -75.688725777565153, 4.536099886138251, 0.0 ], [ -75.688656318961321, 4.536162661633462, 0.0 ], [ -75.688592988316444, 4.536334340115873, 0.0 ], [ -75.688560466033465, 4.536384088958034, 0.0 ], [ -75.688467224485507, 4.536477437550024, 0.0 ], [ -75.688347404943002, 4.536562736129276, 0.0 ], [ -75.688295873863751, 4.536614475114773, 0.0 ], [ -75.688275063698399, 4.536653550531266, 0.0 ], [ -75.688235876341935, 4.53679492764289, 0.0 ], [ -75.688199931775912, 4.536858334929581, 0.0 ], [ -75.688089661704268, 4.536952045339731, 0.0 ], [ -75.68799155360675, 4.537009122746358, 0.0 ], [ -75.68789840050097, 4.537050460307965, 0.0 ], [ -75.687798129499114, 4.537075427692591, 0.0 ], [ -75.687728939006817, 4.537067559069593, 0.0 ], [ -75.687561459378571, 4.537016005214192, 0.0 ], [ -75.687420736842583, 4.537016279169066, 0.0 ], [ -75.687388838773614, 4.536721503261885, 0.0 ], [ -75.687331070847137, 4.536635876502588, 0.0 ], [ -75.687319742987327, 4.536556842599997, 0.0 ], [ -75.687287824301947, 4.536442988280584, 0.0 ], [ -75.687236868409244, 4.536303708932974, 0.0 ] ] ] } },
{ "type": "Feature", "properties": { "barrio": "ASENTAMIENTO UNION BAJO", "barrio_alt": "ASENTAMIENTO MIRAFLOREZ", "barrio_alt2": "ASENTAMIENTO MIRAFLOREZ", "vulnerabilidad": "Baja", "indice": 1.6666666666700001, "val_suelo": 1.0, "val_falla": 1.0, "val_antig": 3.0, "clas_antiguedad": "Alto", "clas_falla": null, "clas_falla_alt": null, "porcentaje_limitacion_suelo": 0.0, "area_m2": 52248.273832500003, "shape_area": 24376.848860800001 }, "geometry": { "type": "Polygon", "coordinates": [ [ [ -75.687232040581321, 4.534015343559649, 0.0 ], [ -75.686701386209336, 4.534006525834305, 0.0 ], [ -75.686629520445251, 4.533762737531041, 0.0 ], [ -75.686844056464366, 4.533320852242213, 0.0 ], [ -75.686999629614917, 4.533382435427813, 0.0 ], [ -75.687163603359068, 4.533425293396775, 0.0 ], [ -75.687295508490365, 4.533435956446637, 0.0 ], [ -75.687448823282594, 4.533410811809361, 0.0 ], [ -75.68757718806873, 4.533374944027193, 0.0 ], [ -75.687647590742159, 4.533340418498411, 0.0 ], [ -75.68784110386305, 4.533195819757063, 0.0 ], [ -75.687803387608497, 4.533146509735671, 0.0 ], [ -75.687840470464948, 4.533107592560648, 0.0 ], [ -75.687915064238538, 4.533068787033248, 0.0 ], [ -75.688069659464787, 4.533014783997904, 0.0 ], [ -75.688247317364954, 4.532977605248593, 0.0 ], [ -75.688308127304111, 4.53294151344965, 0.0 ], [ -75.688371820153321, 4.532872587695179, 0.0 ], [ -75.688464159925289, 4.532729581652791, 0.0 ], [ -75.688514159360054, 4.532670515804639, 0.0 ], [ -75.688533437581881, 4.532635691560257, 0.0 ], [ -75.688551273868711, 4.532549309495602, 0.0 ], [ -75.688576497892768, 4.532499922427911, 0.0 ], [ -75.6886446963385, 4.532460122745201, 0.0 ], [ -75.688714876357679, 4.532440221875741, 0.0 ], [ -75.688803435311158, 4.532461928178481, 0.0 ], [ -75.688845057024892, 4.532461384420573, 0.0 ], [ -75.688945778262777, 4.53242339282439, 0.0 ], [ -75.689045597133671, 4.532361611897509, 0.0 ], [ -75.689131271423022, 4.53227197213611, 0.0 ], [ -75.689207396062898, 4.532212363286944, 0.0 ], [ -75.689286044571716, 4.532163879265029, 0.0 ], [ -75.689385863474016, 4.532133304181651, 0.0 ], [ -75.689470548930998, 4.532127061802661, 0.0 ], [ -75.68965118076504, 4.53216459478422, 0.0 ], [ -75.689746498393987, 4.532217145334478, 0.0 ], [ -75.689808932560382, 4.532277293929356, 0.0 ], [ -75.689833438004072, 4.53234051926218, 0.0 ], [ -75.689816775552046, 4.532504056269574, 0.0 ], [ -75.68984500803613, 4.532653535343385, 0.0 ], [ -75.689602384638519, 4.53297139772012, 0.0 ], [ -75.689480916793585, 4.533102385452994, 0.0 ], [ -75.689264998389334, 4.533265016830371, 0.0 ], [ -75.689107547086721, 4.533414079424058, 0.0 ], [ -75.689098997170902, 4.533313518984752, 0.0 ], [ -75.689143607031284, 4.533179278252512, 0.0 ], [ -75.689260566943233, 4.533079899210756, 0.0 ], [ -75.689341560242482, 4.532953442387464, 0.0 ], [ -75.689341611318113, 4.532808958498551, 0.0 ], [ -75.689319160085091, 4.532714149871961, 0.0 ], [ -75.689251714732578, 4.532682571478295, 0.0 ], [ -75.689197746828924, 4.532691624032505, 0.0 ], [ -75.688923341784729, 4.532922005396936, 0.0 ], [ -75.688671416875025, 4.533165923386537, 0.0 ], [ -75.688657852969911, 4.533369109500083, 0.0 ], [ -75.688450912389001, 4.533576887970786, 0.0 ], [ -75.688351953658383, 4.533640139334339, 0.0 ], [ -75.6881091134006, 4.533631206881957, 0.0 ], [ -75.687888770258283, 4.533590659216038, 0.0 ], [ -75.687753843924455, 4.533626834468495, 0.0 ], [ -75.687632388800353, 4.533721700901765, 0.0 ], [ -75.687429948722752, 4.533915931675701, 0.0 ], [ -75.687304003969189, 4.533988224491064, 0.0 ], [ -75.687232040581321, 4.534015343559649, 0.0 ] ] ] } },
{ "type": "Feature", "properties": { "barrio": "QUINTAS DE LA MARINA", "barrio_alt": "GIBRALTAR", "barrio_alt2": "GIBRALTAR", "vulnerabilidad": "Muy baja", "indice": 1.3333333333299999, "val_suelo": 1.0, "val_falla": 1.0, "val_antig": 2.0, "clas_antiguedad": "Media", "clas_falla": null, "clas_falla_alt": null, "porcentaje_limitacion_suelo": 0.0, "area_m2": 63845.815805899998, "shape_area": 46510.899322800004 }, "geometry": { "type": "Polygon", "coordinates": [ [ [ -75.707951655564401, 4.52636365620933, 0.0 ], [ -75.708065803861189, 4.52626992435378, 0.0 ], [ -75.708136135149999, 4.526236535342546, 0.0 ], [ -75.708232495006357, 4.526216489062961, 0.0 ], [ -75.708291899406206, 4.526214141137697, 0.0 ], [ -75.708380233378875, 4.52622740593934, 0.0 ], [ -75.708454054475339, 4.526261104691148, 0.0 ], [ -75.708563314609563, 4.526335136014489, 0.0 ], [ -75.708639391364187, 4.526350426527385, 0.0 ], [ -75.708763336947129, 4.526352346937442, 0.0 ], [ -75.709041396190983, 4.526301806539061, 0.0 ], [ -75.709182600728781, 4.526248550649683, 0.0 ], [ -75.709266666944089, 4.526195350677026, 0.0 ], [ -75.70913461190483, 4.527364456989899, 0.0 ], [ -75.709132071740527, 4.527445098870235, 0.0 ], [ -75.709231006591821, 4.5279687053986, 0.0 ], [ -75.708543165361746, 4.528460754630498, 0.0 ], [ -75.708012674348367, 4.528867030666415, 0.0 ], [ -75.707565203360943, 4.529154236398738, 0.0 ], [ -75.707534157783826, 4.529094136051835, 0.0 ], [ -75.70770934131383, 4.527829353026093, 0.0 ], [ -75.707140431994191, 4.527846930723186, 0.0 ], [ -75.70709097126182, 4.52770700267417, 0.0 ], [ -75.707311243302954, 4.527178866135617, 0.0 ], [ -75.707392166691392, 4.527151778333823, 0.0 ], [ -75.707594079946531, 4.526929620808304, 0.0 ], [ -75.707665578465779, 4.526870468825348, 0.0 ], [ -75.70778606418088, 4.526611076407938, 0.0 ], [ -75.707951655564401, 4.52636365620933, 0.0 ] ] ] } },
{ "type": "Feature", "properties": { "barrio": "VILLA ITALIA", "barrio_alt": "GIBRALTAR", "barrio_alt2": "GIBRALTAR", "vulnerabilidad": "Muy baja", "indice": 1.3333333333299999, "val_suelo": 1.0, "val_falla": 1.0, "val_antig": 2.0, "clas_antiguedad": "Media", "clas_falla": null, "clas_falla_alt": null, "porcentaje_limitacion_suelo": 0.0, "area_m2": 63845.815805899998, "shape_area": 22660.4562783 }, "geometry": { "type": "Polygon", "coordinates": [ [ [ -75.710472907593186, 4.526117675855736, 0.0 ], [ -75.710513356457113, 4.526041457284233, 0.0 ], [ -75.71050053895577, 4.525840457137718, 0.0 ], [ -75.710528202626364, 4.525774217280381, 0.0 ], [ -75.710588278690665, 4.525690266192071, 0.0 ], [ -75.710651275719698, 4.525625083575139, 0.0 ], [ -75.710730226958049, 4.525565634169602, 0.0 ], [ -75.710837160577839, 4.525504275405934, 0.0 ], [ -75.71095110425145, 4.525477966716817, 0.0 ], [ -75.710979140991682, 4.525483880626481, 0.0 ], [ -75.711037637798313, 4.525523079709254, 0.0 ], [ -75.711086595353876, 4.525571115283348, 0.0 ], [ -75.711147108712808, 4.525754403718046, 0.0 ], [ -75.711207300638648, 4.52581095107145, 0.0 ], [ -75.711267076585756, 4.525834890717656, 0.0 ], [ -75.711326291513572, 4.525817756063494, 0.0 ], [ -75.711397539246576, 4.52574003612691, 0.0 ], [ -75.711546820286173, 4.525668219759838, 0.0 ], [ -75.711621306679277, 4.527376195368991, 0.0 ], [ -75.710642849178214, 4.527466437516559, 0.0 ], [ -75.710472907593186, 4.526117675855736, 0.0 ] ] ] } },
{ "type": "Feature", "properties": { "barrio": "LA CECILIA I", "barrio_alt": "BOSQUES DE GIBRALTAR", "barrio_alt2": "BOSQUES DE GIBRALTAR", "vulnerabilidad": "Muy baja", "indice": 1.3333333333299999, "val_suelo": 1.0, "val_falla": 1.0, "val_antig": 2.0, "clas_antiguedad": "Media", "clas_falla": null, "clas_falla_alt": null, "porcentaje_limitacion_suelo": 0.0, "area_m2": 57569.257003, "shape_area": 230574.925934 }, "geometry": { "type": "Polygon", "coordinates": [ [ [ -75.717140252317634, 4.530979136593441, 0.0 ], [ -75.71710636653232, 4.530929381780746, 0.0 ], [ -75.716993877121695, 4.530890413003132, 0.0 ], [ -75.716916819357493, 4.530834174198103, 0.0 ], [ -75.716824767502303, 4.530721060777941, 0.0 ], [ -75.716753712432563, 4.530547732565501, 0.0 ], [ -75.716724791199056, 4.530514873350631, 0.0 ], [ -75.716669105210386, 4.530491576340009, 0.0 ], [ -75.716522941790174, 4.530472789002254, 0.0 ], [ -75.716471489986574, 4.53045753272249, 0.0 ], [ -75.716427992559716, 4.530422277494675, 0.0 ], [ -75.716380970696846, 4.530362790447898, 0.0 ], [ -75.716329009700118, 4.530261351662951, 0.0 ], [ -75.716270465964485, 4.530214320204435, 0.0 ], [ -75.716213867581544, 4.530150283924655, 0.0 ], [ -75.716160136733677, 4.530131174176265, 0.0 ], [ -75.716119352953299, 4.530136296971861, 0.0 ], [ -75.716066957700917, 4.530157149185134, 0.0 ], [ -75.71600864109196, 4.530139821326393, 0.0 ], [ -75.715506305151806, 4.529787451004348, 0.0 ], [ -75.715447543655046, 4.529714641021219, 0.0 ], [ -75.715393258837835, 4.529620474650653, 0.0 ], [ -75.715375612265078, 4.529491510169771, 0.0 ], [ -75.715323330539405, 4.529450583418403, 0.0 ], [ -75.715301211758984, 4.52942043680904, 0.0 ], [ -75.715289809363611, 4.529312610300038, 0.0 ], [ -75.715252069068015, 4.529297588004843, 0.0 ], [ -75.715188880143586, 4.529303001051447, 0.0 ], [ -75.715029290900944, 4.529385592459277, 0.0 ], [ -75.714948227446868, 4.529391160358163, 0.0 ], [ -75.714911361655723, 4.529371742089843, 0.0 ], [ -75.714823661642868, 4.529255589596039, 0.0 ], [ -75.714817556731703, 4.529241341566872, 0.0 ], [ -75.715251002238375, 4.529003989452583, 0.0 ], [ -75.715572700268851, 4.528567064001375, 0.0 ], [ -75.71561087076401, 4.527617543594227, 0.0 ], [ -75.714787376520761, 4.527517265627112, 0.0 ], [ -75.712969948693669, 4.527333481359989, 0.0 ], [ -75.712450656344032, 4.527355451984058, 0.0 ], [ -75.711623024462838, 4.527415585622969, 0.0 ], [ -75.711546820286173, 4.525668219759838, 0.0 ], [ -75.711692384251933, 4.525637221592317, 0.0 ], [ -75.711783034716319, 4.525589486049005, 0.0 ], [ -75.711968562568373, 4.525540297143235, 0.0 ], [ -75.712083642612271, 4.525528170962904, 0.0 ], [ -75.712215919382672, 4.525489206534561, 0.0 ], [ -75.712376168995576, 4.525462957188731, 0.0 ], [ -75.712495598235975, 4.525414577546978, 0.0 ], [ -75.712580739047112, 4.525346987547913, 0.0 ], [ -75.712616534828882, 4.525302194237244, 0.0 ], [ -75.712643818185654, 4.525240808678258, 0.0 ], [ -75.712686407283556, 4.525066210237138, 0.0 ], [ -75.71275394148239, 4.524940823044183, 0.0 ], [ -75.712832611683666, 4.524850276025324, 0.0 ], [ -75.712906519053504, 4.524809984647054, 0.0 ], [ -75.712950121591106, 4.524804682569789, 0.0 ], [ -75.713062662824413, 4.524828808336213, 0.0 ], [ -75.713184593987151, 4.524886482598036, 0.0 ], [ -75.713243992040816, 4.524928711997199, 0.0 ], [ -75.713281543832807, 4.524975174657356, 0.0 ], [ -75.713303753848493, 4.525023601475207, 0.0 ], [ -75.713315432403277, 4.525090172781641, 0.0 ], [ -75.713307888246746, 4.525176789817991, 0.0 ], [ -75.713320845455684, 4.525218559734269, 0.0 ], [ -75.713350150078028, 4.525256513875936, 0.0 ], [ -75.713424391081503, 4.525320276632503, 0.0 ], [ -75.713496013074547, 4.525331732192941, 0.0 ], [ -75.713551921381324, 4.525320531204295, 0.0 ], [ -75.713648985631522, 4.525187037055421, 0.0 ], [ -75.713693318681635, 4.525087685250369, 0.0 ], [ -75.713724861712748, 4.524904163111357, 0.0 ], [ -75.713752262652406, 4.524819002103599, 0.0 ], [ -75.713811356331988, 4.524734824173891, 0.0 ], [ -75.713893785497234, 4.524685387249385, 0.0 ], [ -75.71401219798679, 4.524656997552538, 0.0 ], [ -75.71411935077542, 4.524654385959365, 0.0 ], [ -75.714263369659932, 4.524743875718246, 0.0 ], [ -75.714425365784422, 4.524799887805344, 0.0 ], [ -75.714538428647671, 4.524807859098209, 0.0 ], [ -75.714619687101276, 4.524828871026254, 0.0 ], [ -75.714661843299268, 4.524814989639102, 0.0 ], [ -75.714754529747893, 4.5246992688374, 0.0 ], [ -75.714824389982752, 4.524635423637244, 0.0 ], [ -75.714930901512886, 4.524559884665478, 0.0 ], [ -75.714973263660241, 4.524509187808068, 0.0 ], [ -75.714982182596671, 4.524460350427211, 0.0 ], [ -75.714933252721067, 4.524279806454976, 0.0 ], [ -75.714933390839306, 4.524186596228629, 0.0 ], [ -75.714941857794173, 4.524153526776829, 0.0 ], [ -75.714952946243869, 4.524127737558647, 0.0 ], [ -75.71505277767082, 4.524023314722202, 0.0 ], [ -75.715164754673637, 4.52394809789241, 0.0 ], [ -75.715238582001618, 4.523938623172932, 0.0 ], [ -75.715273447181744, 4.523948743045137, 0.0 ], [ -75.715310854385649, 4.523978897453212, 0.0 ], [ -75.715394906267221, 4.524114967887477, 0.0 ], [ -75.715446008029062, 4.524276409665336, 0.0 ], [ -75.715473235076573, 4.524316947050274, 0.0 ], [ -75.715517577943814, 4.524344504337769, 0.0 ], [ -75.715731230715718, 4.524307809520421, 0.0 ], [ -75.715763232799702, 4.524312048565113, 0.0 ], [ -75.715896724612776, 4.524294268620518, 0.0 ], [ -75.716023591819763, 4.524347039331467, 0.0 ], [ -75.716139531868862, 4.524420280230992, 0.0 ], [ -75.716181349182321, 4.524389710833143, 0.0 ], [ -75.71621171834596, 4.524332424355552, 0.0 ], [ -75.716226757511365, 4.524276140162192, 0.0 ], [ -75.71627570858206, 4.524221947989934, 0.0 ], [ -75.716466754039018, 4.524222403871122, 0.0 ], [ -75.716502838842487, 4.524215835287014, 0.0 ], [ -75.716555050880729, 4.524186773628693, 0.0 ], [ -75.716969708278825, 4.525103433823839, 0.0 ], [ -75.716835900520422, 4.529034438160473, 0.0 ], [ -75.717289757940222, 4.529262100563419, 0.0 ], [ -75.717140252317634, 4.530979136593441, 0.0 ] ] ] } },
{ "type": "Feature", "properties": { "barrio": "CIUDADELA NUEVO ARMENIA", "barrio_alt": "LA CRISTALINA", "barrio_alt2": "LA CRISTALINA", "vulnerabilidad": "Muy baja", "indice": 1.3333333333299999, "val_suelo": 1.0, "val_falla": 1.0, "val_antig": 2.0, "clas_antiguedad": "Media", "clas_falla": null, "clas_falla_alt": null, "porcentaje_limitacion_suelo": 0.0, "area_m2": 17919.130398199999, "shape_area": 17505.188671299999 }, "geometry": { "type": "Polygon", "coordinates": [ [ [ -75.702451442210759, 4.530057267667466, 0.0 ], [ -75.702151009730116, 4.530067193337575, 0.0 ], [ -75.702019619210517, 4.529999296300783, 0.0 ], [ -75.701970562569613, 4.529988192006941, 0.0 ], [ -75.701978252961823, 4.529605926644035, 0.0 ], [ -75.702005343841904, 4.529427416416663, 0.0 ], [ -75.702048519472726, 4.529415878532296, 0.0 ], [ -75.70215762176781, 4.529437794723799, 0.0 ], [ -75.702180024423569, 4.529331013838475, 0.0 ], [ -75.702292509511878, 4.529355161179818, 0.0 ], [ -75.702466749798447, 4.529260780732725, 0.0 ], [ -75.703759844727941, 4.529547859017387, 0.0 ], [ -75.704082372492692, 4.529633979765947, 0.0 ], [ -75.703988759570862, 4.530175886956224, 0.0 ], [ -75.703788653652992, 4.530100312876523, 0.0 ], [ -75.703618372844886, 4.530083948072139, 0.0 ], [ -75.703442725245452, 4.530118109962388, 0.0 ], [ -75.703185422760356, 4.530207188401338, 0.0 ], [ -75.703031882790441, 4.530231499375341, 0.0 ], [ -75.702938746441546, 4.530214570888002, 0.0 ], [ -75.702766931285751, 4.530102652316059, 0.0 ], [ -75.702598116937438, 4.53002664341338, 0.0 ], [ -75.702562630228954, 4.530025650663383, 0.0 ], [ -75.702451442210759, 4.530057267667466, 0.0 ] ] ] } },
{ "type": "Feature", "properties": { "barrio": "CIUDAD DORADA", "barrio_alt": "VILLA ANGELA", "barrio_alt2": "VILLA ANGELA", "vulnerabilidad": "Baja", "indice": 1.6666666666700001, "val_suelo": 1.0, "val_falla": 1.0, "val_antig": 3.0, "clas_antiguedad": "Alto", "clas_falla": null, "clas_falla_alt": null, "porcentaje_limitacion_suelo": 0.0, "area_m2": 12678.514834199999, "shape_area": 170952.350252 }, "geometry": { "type": "Polygon", "coordinates": [ [ [ -75.700500728977474, 4.527845273913502, 0.0 ], [ -75.700877501621363, 4.527830582842872, 0.0 ], [ -75.701127467379635, 4.527848674045352, 0.0 ], [ -75.701442654410059, 4.527830368907979, 0.0 ], [ -75.702036778508798, 4.527866515944931, 0.0 ], [ -75.702525837429505, 4.527920890204645, 0.0 ], [ -75.703034898777332, 4.527919600108667, 0.0 ], [ -75.704056564677572, 4.527773716931532, 0.0 ], [ -75.704839120312101, 4.527649749021068, 0.0 ], [ -75.705010590436103, 4.52759438422868, 0.0 ], [ -75.706248750777391, 4.527321177684215, 0.0 ], [ -75.706443386939071, 4.527261633359354, 0.0 ], [ -75.706774803527495, 4.527260089400287, 0.0 ], [ -75.706890430921121, 4.527316681851143, 0.0 ], [ -75.706955280035885, 4.527395950471316, 0.0 ], [ -75.707108296329039, 4.527686015745403, 0.0 ], [ -75.707111168386675, 4.527756067527559, 0.0 ], [ -75.70713185054251, 4.527836234713084, 0.0 ], [ -75.707137394285937, 4.528076730053059, 0.0 ], [ -75.707116809604543, 4.528238550383165, 0.0 ], [ -75.707099090481961, 4.52853864354742, 0.0 ], [ -75.707034379042156, 4.529080004778875, 0.0 ], [ -75.706963841229054, 4.529544877780221, 0.0 ], [ -75.706888349526167, 4.529629569309395, 0.0 ], [ -75.706709598688661, 4.52973984135409, 0.0 ], [ -75.706510611865809, 4.52996983167166, 0.0 ], [ -75.7063264215343, 4.530148118240271, 0.0 ], [ -75.705977961289875, 4.530454715916264, 0.0 ], [ -75.705874261880879, 4.530532469820561, 0.0 ], [ -75.705648419110872, 4.530421290752173, 0.0 ], [ -75.70554120932303, 4.530386246099755, 0.0 ], [ -75.705450999877328, 4.530322082998213, 0.0 ], [ -75.705365945453678, 4.530315926895204, 0.0 ], [ -75.705267693560799, 4.530337802779949, 0.0 ], [ -75.705188596046852, 4.530373715270706, 0.0 ], [ -75.705136895215148, 4.53043447468207, 0.0 ], [ -75.705105340540456, 4.530508772490424, 0.0 ], [ -75.705095011397702, 4.530611671287202, 0.0 ], [ -75.705075517547328, 4.530653632727555, 0.0 ], [ -75.705037978565926, 4.530684315222855, 0.0 ], [ -75.704904998979032, 4.530753553344518, 0.0 ], [ -75.704860845189387, 4.530751302231038, 0.0 ], [ -75.70479979033243, 4.530722270014352, 0.0 ], [ -75.704634674379392, 4.530553630514964, 0.0 ], [ -75.704447118281735, 4.530401109820726, 0.0 ], [ -75.704381521506662, 4.530367247113406, 0.0 ], [ -75.704183617219115, 4.530301858853633, 0.0 ], [ -75.703988759570862, 4.530175886956224, 0.0 ], [ -75.704082372492692, 4.529633979765947, 0.0 ], [ -75.703759844727941, 4.529547859017387, 0.0 ], [ -75.703225171779664, 4.529425733180826, 0.0 ], [ -75.703004668080965, 4.529385213086299, 0.0 ], [ -75.702466749798447, 4.529260780732725, 0.0 ], [ -75.702292509511878, 4.529355161179818, 0.0 ], [ -75.702180024423569, 4.529331013838475, 0.0 ], [ -75.70215762176781, 4.529437794723799, 0.0 ], [ -75.702048519472726, 4.529415878532296, 0.0 ], [ -75.702005343841904, 4.529427416416663, 0.0 ], [ -75.701978252961823, 4.529605926644035, 0.0 ], [ -75.701970570157528, 4.529987809571108, 0.0 ], [ -75.701805212741476, 4.529974249187409, 0.0 ], [ -75.701618012777587, 4.529938627883267, 0.0 ], [ -75.701489822813471, 4.529930854366633, 0.0 ], [ -75.701354255382455, 4.529937742966513, 0.0 ], [ -75.701315444761576, 4.52995742615652, 0.0 ], [ -75.701221817169028, 4.529789044999248, 0.0 ], [ -75.701109029198705, 4.529683600385715, 0.0 ], [ -75.700999188331693, 4.52961442734758, 0.0 ], [ -75.700902071114314, 4.529603793753084, 0.0 ], [ -75.700971333709646, 4.529030862414177, 0.0 ], [ -75.700819257497812, 4.528761758379769, 0.0 ], [ -75.700924315450706, 4.528772630868245, 0.0 ], [ -75.700844708000332, 4.528459851259398, 0.0 ], [ -75.700692660369725, 4.528096176527318, 0.0 ], [ -75.700500728977474, 4.527845273913502, 0.0 ] ] ] } },
{ "type": "Feature", "properties": { "barrio": "MONTECARLO", "barrio_alt": "LA ALAMBRA", "barrio_alt2": "LA ALAMBRA", "vulnerabilidad": "Muy baja", "indice": 1.0, "val_suelo": 1.0, "val_falla": 1.0, "val_antig": 1.0, "clas_antiguedad": null, "clas_falla": null, "clas_falla_alt": null, "porcentaje_limitacion_suelo": 0.0, "area_m2": 18930.3284021, "shape_area": 6125.9665256500002 }, "geometry": { "type": "Polygon", "coordinates": [ [ [ -75.696878896301271, 4.530955007096199, 0.0 ], [ -75.696055468410336, 4.530297035165901, 0.0 ], [ -75.696255945183154, 4.530113308963958, 0.0 ], [ -75.697430952878051, 4.530996929541309, 0.0 ], [ -75.697225157873433, 4.531270273498993, 0.0 ], [ -75.696706161717515, 4.531150805531853, 0.0 ], [ -75.696878896301271, 4.530955007096199, 0.0 ] ] ] } },
{ "type": "Feature", "properties": { "barrio": "13 DE JUNIO", "barrio_alt": "LA ALAMBRA", "barrio_alt2": "LA ALAMBRA", "vulnerabilidad": "Muy baja", "indice": 1.3333333333299999, "val_suelo": 1.0, "val_falla": 1.0, "val_antig": 2.0, "clas_antiguedad": "Media", "clas_falla": null, "clas_falla_alt": null, "porcentaje_limitacion_suelo": 0.0, "area_m2": 18930.3284021, "shape_area": 7863.24669584 }, "geometry": { "type": "Polygon", "coordinates": [ [ [ -75.695964044714572, 4.530979976173875, 0.0 ], [ -75.695136446861554, 4.530839573955086, 0.0 ], [ -75.69557957863158, 4.530664650651783, 0.0 ], [ -75.695744179971584, 4.530566087945261, 0.0 ], [ -75.696055468410336, 4.530297035165901, 0.0 ], [ -75.696878896301271, 4.530955007096199, 0.0 ], [ -75.696706161717515, 4.531150805531853, 0.0 ], [ -75.695964044714572, 4.530979976173875, 0.0 ] ] ] } },
{ "type": "Feature", "properties": { "barrio": "ALFONSO LOPEZ", "barrio_alt": "EL PLACER", "barrio_alt2": "EL PLACER", "vulnerabilidad": "Baja", "indice": 1.6666666666700001, "val_suelo": 1.0, "val_falla": 1.0, "val_antig": 3.0, "clas_antiguedad": "Alto", "clas_falla": null, "clas_falla_alt": null, "porcentaje_limitacion_suelo": 0.0, "area_m2": 143185.48136500001, "shape_area": 28999.412714900001 }, "geometry": { "type": "Polygon", "coordinates": [ [ [ -75.694506571947727, 4.531030095227838, 0.0 ], [ -75.691962536075465, 4.53182407701875, 0.0 ], [ -75.691611168129427, 4.53184154943462, 0.0 ], [ -75.691707913054231, 4.531010478024561, 0.0 ], [ -75.691779322345809, 4.531004936762401, 0.0 ], [ -75.691837570362011, 4.531125737692373, 0.0 ], [ -75.692062217661572, 4.531182195862122, 0.0 ], [ -75.692169189989727, 4.531154614284158, 0.0 ], [ -75.692196018702631, 4.53113580869636, 0.0 ], [ -75.692337054905906, 4.53111851740363, 0.0 ], [ -75.692409910626637, 4.531119223048294, 0.0 ], [ -75.692597128882227, 4.531167221313122, 0.0 ], [ -75.692705506437278, 4.531140607179882, 0.0 ], [ -75.692807453451422, 4.531046030245599, 0.0 ], [ -75.692908290775307, 4.530909652683454, 0.0 ], [ -75.693047122784293, 4.530568608157422, 0.0 ], [ -75.693097316389824, 4.530394993888309, 0.0 ], [ -75.693155162213927, 4.530325887403764, 0.0 ], [ -75.693491536680156, 4.530174724701945, 0.0 ], [ -75.693620423750062, 4.530107555543899, 0.0 ], [ -75.693724994018652, 4.530082140770331, 0.0 ], [ -75.693927640958606, 4.529994016534736, 0.0 ], [ -75.694160108837167, 4.529944446032624, 0.0 ], [ -75.694506571947727, 4.531030095227838, 0.0 ] ] ] } },
{ "type": "Feature", "properties": { "barrio": "19 DE ENERO", "barrio_alt": "TRES ESQUINAS", "barrio_alt2": "TRES ESQUINAS", "vulnerabilidad": "Media", "indice": 2.0, "val_suelo": 1.0, "val_falla": 2.0, "val_antig": 3.0, "clas_antiguedad": "Alto", "clas_falla": "Media", "clas_falla_alt": "Media", "porcentaje_limitacion_suelo": 0.0, "area_m2": 114547.156248, "shape_area": 12407.047233 }, "geometry": { "type": "Polygon", "coordinates": [ [ [ -75.687776039852963, 4.522279334738434, 0.0 ], [ -75.687329659349928, 4.521659952813448, 0.0 ], [ -75.68804653294309, 4.521225104296184, 0.0 ], [ -75.688383512721288, 4.520929014929308, 0.0 ], [ -75.688959272919476, 4.521434674372957, 0.0 ], [ -75.688693524341701, 4.521640669670006, 0.0 ], [ -75.688285075681634, 4.521935974315145, 0.0 ], [ -75.687776039852963, 4.522279334738434, 0.0 ] ] ] } },
{ "type": "Feature", "properties": { "barrio": "BRASILIA VIEJA", "barrio_alt": "LAS ACACIAS", "barrio_alt2": "LAS ACACIAS", "vulnerabilidad": "Media", "indice": 2.0, "val_suelo": 1.0, "val_falla": 2.0, "val_antig": 3.0, "clas_antiguedad": "Alto", "clas_falla": "Media", "clas_falla_alt": "Media", "porcentaje_limitacion_suelo": 0.0, "area_m2": 83534.203318100001, "shape_area": 33156.1504432 }, "geometry": { "type": "Polygon", "coordinates": [ [ [ -75.685686906848133, 4.52372170994148, 0.0 ], [ -75.685575393254538, 4.523233109534611, 0.0 ], [ -75.685520661111724, 4.523085055947823, 0.0 ], [ -75.685796752434314, 4.522774011008983, 0.0 ], [ -75.686465993444997, 4.522297463277702, 0.0 ], [ -75.68660352841647, 4.52215072826388, 0.0 ], [ -75.686762961942733, 4.522032133609709, 0.0 ], [ -75.686999033166657, 4.521879315516915, 0.0 ], [ -75.687141945243383, 4.521747784705898, 0.0 ], [ -75.687241261252581, 4.52167634962332, 0.0 ], [ -75.687334638523168, 4.521666861134908, 0.0 ], [ -75.687776039852963, 4.522279334738434, 0.0 ], [ -75.687762472442088, 4.522280826188427, 0.0 ], [ -75.686941448275974, 4.522836334652027, 0.0 ], [ -75.686875420673459, 4.522892099260953, 0.0 ], [ -75.686980725179737, 4.523014750863843, 0.0 ], [ -75.686803700806422, 4.523175575796731, 0.0 ], [ -75.686864772533525, 4.523266514055655, 0.0 ], [ -75.686807868529513, 4.523327877918994, 0.0 ], [ -75.686930015394239, 4.523492830618321, 0.0 ], [ -75.686521178197353, 4.523852574570308, 0.0 ], [ -75.686464235929762, 4.524040857002348, 0.0 ], [ -75.686472644187347, 4.524104314357401, 0.0 ], [ -75.686164960497564, 4.524379410911803, 0.0 ], [ -75.68582788082449, 4.524328758668334, 0.0 ], [ -75.685712015525226, 4.52429283805268, 0.0 ], [ -75.685682609334179, 4.523996703155058, 0.0 ], [ -75.685686906848133, 4.52372170994148, 0.0 ] ] ] } },
{ "type": "Feature", "properties": { "barrio": "SAN JOSE DEL SUR", "barrio_alt": "LAS ACACIAS", "barrio_alt2": "LAS ACACIAS", "vulnerabilidad": "Baja", "indice": 1.6666666666700001, "val_suelo": 1.0, "val_falla": 1.0, "val_antig": 3.0, "clas_antiguedad": "Alto", "clas_falla": "Baja", "clas_falla_alt": "Baja", "porcentaje_limitacion_suelo": 0.0, "area_m2": 83534.203318100001, "shape_area": 2897.0123448600002 }, "geometry": { "type": "GeometryCollection", "geometries": [ { "type": "Polygon", "coordinates": [ [ [ -75.6877901019799, 4.522640073259866, 0.0 ], [ -75.687716220075586, 4.522546123407606, 0.0 ], [ -75.68766556779633, 4.522582027765684, 0.0 ], [ -75.687678793974797, 4.522598169215062, 0.0 ], [ -75.687627794812045, 4.522635768142868, 0.0 ], [ -75.687649062195376, 4.522661523193325, 0.0 ], [ -75.687599485658566, 4.522696980573988, 0.0 ], [ -75.68756509326991, 4.522653939170177, 0.0 ], [ -75.687284747164398, 4.522853500319359, 0.0 ], [ -75.687344460427965, 4.522928078497231, 0.0 ], [ -75.687356556816738, 4.522931235699617, 0.0 ], [ -75.687274229345064, 4.522983051429342, 0.0 ], [ -75.687232140103575, 4.522953667113829, 0.0 ], [ -75.687190025365794, 4.522975745797948, 0.0 ], [ -75.68704910396049, 4.522905979522436, 0.0 ], [ -75.686994219713242, 4.522839843444535, 0.0 ], [ -75.686941448275974, 4.522836334652027, 0.0 ], [ -75.687762472442088, 4.522280826188427, 0.0 ], [ -75.687904304723958, 4.522429068395817, 0.0 ], [ -75.687974940832774, 4.522443875538912, 0.0 ], [ -75.687977794009768, 4.52249644160187, 0.0 ], [ -75.6877901019799, 4.522640073259866, 0.0 ] ] ] }, { "type": "LineString", "coordinates": [ [ -75.687919582278596, 4.522540987813342, 0.0 ], [ -75.687977794009768, 4.52249644160187, 0.0 ] ] } ] } },
{ "type": "Feature", "properties": { "barrio": null, "barrio_alt": "LAS ACACIAS", "barrio_alt2": "LAS ACACIAS", "vulnerabilidad": "Baja", "indice": 1.6666666666700001, "val_suelo": 1.0, "val_falla": 1.0, "val_antig": 3.0, "clas_antiguedad": "Alto", "clas_falla": "Baja", "clas_falla_alt": "Baja", "porcentaje_limitacion_suelo": 0.0, "area_m2": 83534.203318100001, "shape_area": 30728.2056945 }, "geometry": { "type": "Polygon", "coordinates": [ [ [ -75.686930015394239, 4.523492830618321, 0.0 ], [ -75.686807868529513, 4.523327877918994, 0.0 ], [ -75.686864772533525, 4.523266514055655, 0.0 ], [ -75.686803700806422, 4.523175575796731, 0.0 ], [ -75.686980725179737, 4.523014750863843, 0.0 ], [ -75.686875420673459, 4.522892099260953, 0.0 ], [ -75.686941448275974, 4.522836334652027, 0.0 ], [ -75.686994219713242, 4.522839843444535, 0.0 ], [ -75.68704910396049, 4.522905979522436, 0.0 ], [ -75.687190025365794, 4.522975745797948, 0.0 ], [ -75.687232140103575, 4.522953667113829, 0.0 ], [ -75.687274229345064, 4.522983051429342, 0.0 ], [ -75.687356556816738, 4.522931235699617, 0.0 ], [ -75.687344460427965, 4.522928078497231, 0.0 ], [ -75.687284747164398, 4.522853500319359, 0.0 ], [ -75.68756509326991, 4.522653939170177, 0.0 ], [ -75.687599485658566, 4.522696980573988, 0.0 ], [ -75.687649062195376, 4.522661523193325, 0.0 ], [ -75.687627794812045, 4.522635768142868, 0.0 ], [ -75.687678793974797, 4.522598169215062, 0.0 ], [ -75.68766556779633, 4.522582027765684, 0.0 ], [ -75.687716220075586, 4.522546123407606, 0.0 ], [ -75.6877901019799, 4.522640073259866, 0.0 ], [ -75.687977794009768, 4.52249644160187, 0.0 ], [ -75.687974940832774, 4.522443875538912, 0.0 ], [ -75.688385625260366, 4.52235354878968, 0.0 ], [ -75.68845859578758, 4.522375294808813, 0.0 ], [ -75.688521694059546, 4.522414868235222, 0.0 ], [ -75.688616304754987, 4.522549483588469, 0.0 ], [ -75.688680491334125, 4.522618617975366, 0.0 ], [ -75.688757408083006, 4.522682986820569, 0.0 ], [ -75.688677899722748, 4.522909645600199, 0.0 ], [ -75.688742092051385, 4.523175608026524, 0.0 ], [ -75.68881354983894, 4.523333713278098, 0.0 ], [ -75.68881332727986, 4.523563622142957, 0.0 ], [ -75.688836896861019, 4.523653455502266, 0.0 ], [ -75.688776436164531, 4.52375180092722, 0.0 ], [ -75.68854694636606, 4.523589626346259, 0.0 ], [ -75.688245297371736, 4.523628275350869, 0.0 ], [ -75.688140373226489, 4.523463513099926, 0.0 ], [ -75.68798686899008, 4.52327855229422, 0.0 ], [ -75.687883893501265, 4.522849091273936, 0.0 ], [ -75.687703994987643, 4.522895405879725, 0.0 ], [ -75.68749552674501, 4.523106922813677, 0.0 ], [ -75.687334245073046, 4.523249042452789, 0.0 ], [ -75.687268395699263, 4.523374609757403, 0.0 ], [ -75.687221157175813, 4.523618007485949, 0.0 ], [ -75.68720360682147, 4.523781818302101, 0.0 ], [ -75.687117997066792, 4.523962456785257, 0.0 ], [ -75.686985233048006, 4.52410676863743, 0.0 ], [ -75.686816267523881, 4.524265410343986, 0.0 ], [ -75.686810778404066, 4.524284133677916, 0.0 ], [ -75.68691133083712, 4.524427413309893, 0.0 ], [ -75.686886973285468, 4.524494886101982, 0.0 ], [ -75.686803516766645, 4.524634094072791, 0.0 ], [ -75.686789168229836, 4.524715670801005, 0.0 ], [ -75.686618494519109, 4.524934858487768, 0.0 ], [ -75.686552512175965, 4.524987544740413, 0.0 ], [ -75.686526857586529, 4.524926376332435, 0.0 ], [ -75.6864399865769, 4.524877971775203, 0.0 ], [ -75.685946552781829, 4.524919577407204, 0.0 ], [ -75.685329062692432, 4.524933040224282, 0.0 ], [ -75.685310946661133, 4.524861428169112, 0.0 ], [ -75.685397977546813, 4.524891868863258, 0.0 ], [ -75.685475503273992, 4.524848671191156, 0.0 ], [ -75.685578554739578, 4.524717143563478, 0.0 ], [ -75.685648169839183, 4.524574187275667, 0.0 ], [ -75.685758870717478, 4.524422986280143, 0.0 ], [ -75.685758711042808, 4.524379927037288, 0.0 ], [ -75.685853223811947, 4.524332566425829, 0.0 ], [ -75.686164960497564, 4.524379410911803, 0.0 ], [ -75.686472644187347, 4.524104314357401, 0.0 ], [ -75.686464235929762, 4.524040857002348, 0.0 ], [ -75.686521178197353, 4.523852574570308, 0.0 ], [ -75.686930015394239, 4.523492830618321, 0.0 ] ] ] } },
{ "type": "Feature", "properties": { "barrio": "LOS QUINDOS I Y II ETAPA", "barrio_alt": "LOS QUINDOS I Y II ETAPA", "barrio_alt2": "LOS QUINDOS I Y II ETAPA", "vulnerabilidad": "Baja", "indice": 1.6666666666700001, "val_suelo": 1.0, "val_falla": 1.0, "val_antig": 3.0, "clas_antiguedad": "Alto", "clas_falla": null, "clas_falla_alt": null, "porcentaje_limitacion_suelo": 0.0, "area_m2": 27161.858177900001, "shape_area": 155695.47393599999 }, "geometry": { "type": "Polygon", "coordinates": [ [ [ -75.704228905554913, 4.524483676706325, 0.0 ], [ -75.7040617185706, 4.524560684676541, 0.0 ], [ -75.703971791717706, 4.524575269416134, 0.0 ], [ -75.703888035375996, 4.52456530550394, 0.0 ], [ -75.703863602459506, 4.52455008340212, 0.0 ], [ -75.703837862553371, 4.524511353132072, 0.0 ], [ -75.703806118530409, 4.524396154880652, 0.0 ], [ -75.703772839201136, 4.524379883714283, 0.0 ], [ -75.703670992725279, 4.524367568193867, 0.0 ], [ -75.703628946358918, 4.524336201664065, 0.0 ], [ -75.703614584087646, 4.52430139665234, 0.0 ], [ -75.703608589397774, 4.52420853032422, 0.0 ], [ -75.703595407352552, 4.524163810861369, 0.0 ], [ -75.703555847688918, 4.524129639744883, 0.0 ], [ -75.703504712781367, 4.524112320624429, 0.0 ], [ -75.703455163352871, 4.524109084966764, 0.0 ], [ -75.70334673200685, 4.524131765702935, 0.0 ], [ -75.703138674459851, 4.524230664678067, 0.0 ], [ -75.70305444415537, 4.524300045116784, 0.0 ], [ -75.703007183733604, 4.524314781249391, 0.0 ], [ -75.702956823018354, 4.524305339677757, 0.0 ], [ -75.702920182272138, 4.524281670638294, 0.0 ], [ -75.702895828871462, 4.524228639596171, 0.0 ], [ -75.702865138692644, 4.524079132717953, 0.0 ], [ -75.702834786677357, 4.524047946609567, 0.0 ], [ -75.702794110312823, 4.524027696330203, 0.0 ], [ -75.702744353733721, 4.524028846871504, 0.0 ], [ -75.702713624638449, 4.52404655876395, 0.0 ], [ -75.702604018307653, 4.524177465055836, 0.0 ], [ -75.702564929007835, 4.5241950409413, 0.0 ], [ -75.702481749627992, 4.524197341540327, 0.0 ], [ -75.702385693697224, 4.524146439790123, 0.0 ], [ -75.702314819560272, 4.524131481535624, 0.0 ], [ -75.702218512002929, 4.524069327244999, 0.0 ], [ -75.702069875644781, 4.523894091740017, 0.0 ], [ -75.701952404075882, 4.523812753232092, 0.0 ], [ -75.701792418613707, 4.523681079420882, 0.0 ], [ -75.701524976173189, 4.523369908935378, 0.0 ], [ -75.701433207298365, 4.523288849441851, 0.0 ], [ -75.701332286390354, 4.523217848968127, 0.0 ], [ -75.701246581424527, 4.523122561645896, 0.0 ], [ -75.7012140475656, 4.523070444239957, 0.0 ], [ -75.700890334917872, 4.522733867425396, 0.0 ], [ -75.700626098590263, 4.52237462103075, 0.0 ], [ -75.700513781225752, 4.522264652721875, 0.0 ], [ -75.70043015625275, 4.522201871127717, 0.0 ], [ -75.700735293809103, 4.52168174865555, 0.0 ], [ -75.70059732142478, 4.521590354581, 0.0 ], [ -75.700477553819937, 4.52062190532044, 0.0 ], [ -75.700783874131986, 4.520743717839238, 0.0 ], [ -75.701569099634995, 4.52070324001287, 0.0 ], [ -75.701572979940551, 4.520828541333243, 0.0 ], [ -75.701584405928372, 4.520856715487529, 0.0 ], [ -75.701688256215164, 4.520988087609759, 0.0 ], [ -75.701732249980765, 4.521019727402005, 0.0 ], [ -75.701963029315593, 4.521129474761641, 0.0 ], [ -75.702079074009745, 4.521153882629924, 0.0 ], [ -75.702131957974473, 4.521182589943658, 0.0 ], [ -75.702167038381987, 4.521190494040979, 0.0 ], [ -75.702426348299923, 4.521347996145835, 0.0 ], [ -75.702529636675948, 4.521366399023448, 0.0 ], [ -75.702623466819801, 4.521422331203796, 0.0 ], [ -75.702707861239389, 4.521449465273582, 0.0 ], [ -75.70275387884891, 4.521480036967263, 0.0 ], [ -75.702823881038796, 4.521547804236032, 0.0 ], [ -75.702943700690113, 4.521630636503081, 0.0 ], [ -75.703036019021681, 4.521666821052238, 0.0 ], [ -75.703178503961453, 4.521756345242328, 0.0 ], [ -75.703303531107991, 4.521806330606185, 0.0 ], [ -75.703493997094029, 4.52192193587004, 0.0 ], [ -75.703687678632662, 4.522072630919863, 0.0 ], [ -75.703777243322577, 4.522117105667364, 0.0 ], [ -75.703931060417716, 4.522141713685632, 0.0 ], [ -75.704161312395044, 4.522117500174322, 0.0 ], [ -75.704356444334977, 4.522157739946067, 0.0 ], [ -75.704468333045952, 4.522119383924887, 0.0 ], [ -75.704524675230815, 4.522116016444226, 0.0 ], [ -75.704778953348821, 4.522151372001188, 0.0 ], [ -75.704994125486451, 4.522213349204039, 0.0 ], [ -75.705117168668025, 4.522201350104184, 0.0 ], [ -75.705288418415506, 4.522164326080285, 0.0 ], [ -75.705322301135993, 4.522166517340819, 0.0 ], [ -75.705467490898229, 4.522217327230003, 0.0 ], [ -75.705550024500695, 4.522280684314163, 0.0 ], [ -75.705590864823222, 4.522340036925375, 0.0 ], [ -75.705644631071124, 4.522566544084315, 0.0 ], [ -75.705727012553197, 4.522656359140095, 0.0 ], [ -75.70580299608325, 4.522703879374285, 0.0 ], [ -75.705873032225853, 4.522728071549631, 0.0 ], [ -75.705932608214866, 4.522731461244668, 0.0 ], [ -75.706058480112759, 4.52271125720017, 0.0 ], [ -75.70627586221724, 4.522632364514148, 0.0 ], [ -75.706336771573191, 4.522632162891028, 0.0 ], [ -75.706364655087512, 4.522640736404012, 0.0 ], [ -75.706387727410586, 4.52266122318477, 0.0 ], [ -75.706410739895503, 4.522734234528294, 0.0 ], [ -75.706404765110165, 4.522788177047383, 0.0 ], [ -75.706469303463578, 4.523832259562093, 0.0 ], [ -75.706413806621711, 4.52380397118494, 0.0 ], [ -75.706354923116336, 4.523792773567931, 0.0 ], [ -75.706331712287053, 4.523793213891677, 0.0 ], [ -75.706268304198474, 4.523820641753524, 0.0 ], [ -75.706214790844768, 4.52382044691255, 0.0 ], [ -75.706172217371488, 4.523888217964895, 0.0 ], [ -75.706130940589162, 4.5239335478624, 0.0 ], [ -75.706109921245911, 4.524000856771766, 0.0 ], [ -75.706101941432792, 4.524095586859968, 0.0 ], [ -75.706081937363479, 4.524153207965854, 0.0 ], [ -75.706056997476963, 4.524187742249256, 0.0 ], [ -75.705998535924721, 4.524205026428725, 0.0 ], [ -75.705954265257191, 4.524196412090951, 0.0 ], [ -75.705875736618225, 4.524150573053562, 0.0 ], [ -75.7057340948801, 4.524039408673598, 0.0 ], [ -75.705696524809582, 4.524023828072837, 0.0 ], [ -75.705617349319283, 4.52401192070474, 0.0 ], [ -75.705570963173145, 4.524025769547712, 0.0 ], [ -75.705485856705764, 4.524072817426602, 0.0 ], [ -75.705349646140675, 4.524090705183552, 0.0 ], [ -75.705233090079261, 4.524139961714964, 0.0 ], [ -75.705189776697821, 4.524181724667965, 0.0 ], [ -75.705092190098441, 4.524337920783331, 0.0 ], [ -75.705056875407124, 4.524363746432948, 0.0 ], [ -75.705010182367502, 4.524367013780605, 0.0 ], [ -75.704899118549619, 4.524327970787481, 0.0 ], [ -75.704824154467744, 4.524322402052072, 0.0 ], [ -75.704743011503112, 4.524334028553638, 0.0 ], [ -75.70462261830211, 4.52439870684759, 0.0 ], [ -75.704563114612924, 4.524399315397441, 0.0 ], [ -75.704491528179247, 4.524366701550732, 0.0 ], [ -75.704353513102944, 4.524268138139975, 0.0 ], [ -75.704287108370323, 4.524173443789014, 0.0 ], [ -75.704092755156282, 4.523793502990655, 0.0 ], [ -75.703954905083833, 4.523584023613703, 0.0 ], [ -75.703615084605715, 4.523882640139614, 0.0 ], [ -75.704092360482036, 4.524339463009732, 0.0 ], [ -75.704228905554913, 4.524483676706325, 0.0 ] ] ] } },
{ "type": "Feature", "properties": { "barrio": "ASENTAMIENTO LAS VERANERAS", "barrio_alt": "LOS QUINDOS I Y II ETAPA", "barrio_alt2": "LOS QUINDOS I Y II ETAPA", "vulnerabilidad": "Baja", "indice": 1.6666666666700001, "val_suelo": 1.0, "val_falla": 1.0, "val_antig": 3.0, "clas_antiguedad": "Alto", "clas_falla": null, "clas_falla_alt": null, "porcentaje_limitacion_suelo": 0.0, "area_m2": 155598.78102, "shape_area": 7833.6066529500004 }, "geometry": { "type": "Polygon", "coordinates": [ [ [ -75.704092360482036, 4.524339463009732, 0.0 ], [ -75.703615084605715, 4.523882640139614, 0.0 ], [ -75.703954905083833, 4.523584023613703, 0.0 ], [ -75.704092755156282, 4.523793502990655, 0.0 ], [ -75.704287108370323, 4.524173443789014, 0.0 ], [ -75.704353513102944, 4.524268138139975, 0.0 ], [ -75.704476771026066, 4.524357051018104, 0.0 ], [ -75.704535258115399, 4.524389068373265, 0.0 ], [ -75.704589519796627, 4.524403475557646, 0.0 ], [ -75.704641744701121, 4.524392166047074, 0.0 ], [ -75.704743011503112, 4.524334028553638, 0.0 ], [ -75.704824154467744, 4.524322402052072, 0.0 ], [ -75.704899118549619, 4.524327970787481, 0.0 ], [ -75.705010182367502, 4.524367013780605, 0.0 ], [ -75.705056875407124, 4.524363746432948, 0.0 ], [ -75.705092190098441, 4.524337920783331, 0.0 ], [ -75.705200911167225, 4.524167967012982, 0.0 ], [ -75.705233090079261, 4.524139961714964, 0.0 ], [ -75.705299837764628, 4.524105774605683, 0.0 ], [ -75.705274014995354, 4.524345740399642, 0.0 ], [ -75.705334057970234, 4.524512648211219, 0.0 ], [ -75.704835090884387, 4.524715468813554, 0.0 ], [ -75.70464754531649, 4.524775985722046, 0.0 ], [ -75.704544960669637, 4.524751192928387, 0.0 ], [ -75.704364603283125, 4.524626994902364, 0.0 ], [ -75.704092360482036, 4.524339463009732, 0.0 ] ] ] } },
{ "type": "Feature", "properties": { "barrio": "ZULDEMAYDA", "barrio_alt": "CIUDADELA EL SOL", "barrio_alt2": "CIUDADELA EL SOL", "vulnerabilidad": "Baja", "indice": 1.6666666666700001, "val_suelo": 1.0, "val_falla": 1.0, "val_antig": 3.0, "clas_antiguedad": "Alto", "clas_falla": null, "clas_falla_alt": null, "porcentaje_limitacion_suelo": 0.0, "area_m2": 33558.318418900002, "shape_area": 184318.93506600001 }, "geometry": { "type": "Polygon", "coordinates": [ [ [ -75.703214771074215, 4.526603256135616, 0.0 ], [ -75.703150030952798, 4.526560773506817, 0.0 ], [ -75.702963595247709, 4.526468411916129, 0.0 ], [ -75.702716100112241, 4.526459222941488, 0.0 ], [ -75.702542966166632, 4.526477781000136, 0.0 ], [ -75.702422058325126, 4.526517810818231, 0.0 ], [ -75.702299490310011, 4.526499616943485, 0.0 ], [ -75.702156536986976, 4.526535686288198, 0.0 ], [ -75.702061654535129, 4.526530443167192, 0.0 ], [ -75.70197984394315, 4.526543861114095, 0.0 ], [ -75.701914034297502, 4.526561021623889, 0.0 ], [ -75.701800272020606, 4.526645544850792, 0.0 ], [ -75.701752317834703, 4.52665471834895, 0.0 ], [ -75.701566903900158, 4.526653468558806, 0.0 ], [ -75.701458778265135, 4.526666678340576, 0.0 ], [ -75.701328868137324, 4.526654735131649, 0.0 ], [ -75.701216949383422, 4.526631854522445, 0.0 ], [ -75.701154039190655, 4.52663073535922, 0.0 ], [ -75.701027158220867, 4.526665808790668, 0.0 ], [ -75.700963610584779, 4.526715532343091, 0.0 ], [ -75.700883558394239, 4.526754954583912, 0.0 ], [ -75.700845116488622, 4.526756719160571, 0.0 ], [ -75.700814738208976, 4.526744473570906, 0.0 ], [ -75.700761114267209, 4.526689824166185, 0.0 ], [ -75.700639404370136, 4.526484585032376, 0.0 ], [ -75.700565275983195, 4.526404267011508, 0.0 ], [ -75.70047922119582, 4.526384343467587, 0.0 ], [ -75.700424653893279, 4.526389374871312, 0.0 ], [ -75.700324457832494, 4.526423614411534, 0.0 ], [ -75.700293869740179, 4.526005274858735, 0.0 ], [ -75.700058285960239, 4.525447530651737, 0.0 ], [ -75.69978879226511, 4.525430554746094, 0.0 ], [ -75.699709748172126, 4.525414848407198, 0.0 ], [ -75.69970648580734, 4.525403549260799, 0.0 ], [ -75.699970980844114, 4.524694998130547, 0.0 ], [ -75.699894168097131, 4.524618752654695, 0.0 ], [ -75.700039420260723, 4.524487146532077, 0.0 ], [ -75.70022818363941, 4.524461797687941, 0.0 ], [ -75.700398505157281, 4.524391736149897, 0.0 ], [ -75.700649096690938, 4.524319676164994, 0.0 ], [ -75.700752467173714, 4.524301274491918, 0.0 ], [ -75.700891726690813, 4.524295987449424, 0.0 ], [ -75.701034807667526, 4.524300702843065, 0.0 ], [ -75.701253023407304, 4.524324655744418, 0.0 ], [ -75.701362337229696, 4.52431954102833, 0.0 ], [ -75.701438507542392, 4.524297132919822, 0.0 ], [ -75.701488587568804, 4.524266829670783, 0.0 ], [ -75.701577339328182, 4.524171200902892, 0.0 ], [ -75.7016250503262, 4.524144343650354, 0.0 ], [ -75.701971181489, 4.524099231068345, 0.0 ], [ -75.702032640794073, 4.524105614491312, 0.0 ], [ -75.70212637110923, 4.524135478120499, 0.0 ], [ -75.702247569153926, 4.524158936164149, 0.0 ], [ -75.702385693697224, 4.524146439790123, 0.0 ], [ -75.70246805541862, 4.524193507162405, 0.0 ], [ -75.702541943561627, 4.524199194090673, 0.0 ], [ -75.702604018307653, 4.524177465055836, 0.0 ], [ -75.70271857093374, 4.524042633036427, 0.0 ], [ -75.702774731985969, 4.524025589114301, 0.0 ], [ -75.702811758819465, 4.524033140478539, 0.0 ], [ -75.70286099418098, 4.524072874196388, 0.0 ], [ -75.702909902393543, 4.524265506924744, 0.0 ], [ -75.702943543393204, 4.524300103410467, 0.0 ], [ -75.702985993927513, 4.524313669829689, 0.0 ], [ -75.703040948562503, 4.524308221934918, 0.0 ], [ -75.703138674459851, 4.524230664678067, 0.0 ], [ -75.70334673200685, 4.524131765702935, 0.0 ], [ -75.703455163352871, 4.524109084966764, 0.0 ], [ -75.703535433480837, 4.524120025697623, 0.0 ], [ -75.703586209461292, 4.524151799875838, 0.0 ], [ -75.703601254867294, 4.524175768376277, 0.0 ], [ -75.703614584087646, 4.52430139665234, 0.0 ], [ -75.703628946358918, 4.524336201664065, 0.0 ], [ -75.703670992725279, 4.524367568193867, 0.0 ], [ -75.703772839201136, 4.524379883714283, 0.0 ], [ -75.703806118530409, 4.524396154880652, 0.0 ], [ -75.703837862553371, 4.524511353132072, 0.0 ], [ -75.7038736295181, 4.524557590086665, 0.0 ], [ -75.703957521878237, 4.524575559628179, 0.0 ], [ -75.7040617185706, 4.524560684676541, 0.0 ], [ -75.704228905554913, 4.524483676706325, 0.0 ], [ -75.704364603283125, 4.524626994902364, 0.0 ], [ -75.704544960669637, 4.524751192928387, 0.0 ], [ -75.70464754531649, 4.524775985722046, 0.0 ], [ -75.704835090884387, 4.524715468813554, 0.0 ], [ -75.705334057970234, 4.524512648211219, 0.0 ], [ -75.705274014995354, 4.524345740399642, 0.0 ], [ -75.705299837764628, 4.524105774605683, 0.0 ], [ -75.705307187363772, 4.524102555874115, 0.0 ], [ -75.705465104299364, 4.524079103960577, 0.0 ], [ -75.705597616532785, 4.524015992159517, 0.0 ], [ -75.705648604809909, 4.524013491614273, 0.0 ], [ -75.705750282431964, 4.524048545756242, 0.0 ], [ -75.705857924081101, 4.524138070009545, 0.0 ], [ -75.70593999778707, 4.524189814495588, 0.0 ], [ -75.705980259342695, 4.524204131110523, 0.0 ], [ -75.706033783270712, 4.524199402545303, 0.0 ], [ -75.706066906695426, 4.524177108995014, 0.0 ], [ -75.706084607441881, 4.524146426763788, 0.0 ], [ -75.706107883230104, 4.524071567960593, 0.0 ], [ -75.706109853241273, 4.52399976766572, 0.0 ], [ -75.706124688555931, 4.523948742745787, 0.0 ], [ -75.706143196522831, 4.523913475855408, 0.0 ], [ -75.706171920036041, 4.523888200996715, 0.0 ], [ -75.706196719510615, 4.523839636643375, 0.0 ], [ -75.706214691567297, 4.523820396658105, 0.0 ], [ -75.706266844426821, 4.523821009732785, 0.0 ], [ -75.706343869602719, 4.523792911657929, 0.0 ], [ -75.706398119251915, 4.523799014305787, 0.0 ], [ -75.706446525971572, 4.523818890063391, 0.0 ], [ -75.706696083683639, 4.524004199711105, 0.0 ], [ -75.706832085941969, 4.524075759347659, 0.0 ], [ -75.70685555387908, 4.524382061874674, 0.0 ], [ -75.706893386353329, 4.524382196906975, 0.0 ], [ -75.70686889936691, 4.525105974222757, 0.0 ], [ -75.706954268087259, 4.525106243169641, 0.0 ], [ -75.70696752980389, 4.525825165490025, 0.0 ], [ -75.706953820650085, 4.526451397939904, 0.0 ], [ -75.706941667619319, 4.526613005886039, 0.0 ], [ -75.706714769321053, 4.526595952968836, 0.0 ], [ -75.706607830134729, 4.52657365221319, 0.0 ], [ -75.706444806928275, 4.526489982288964, 0.0 ], [ -75.706058317618144, 4.526215982822704, 0.0 ], [ -75.705995071613984, 4.526198602661244, 0.0 ], [ -75.705911943177014, 4.526199335097186, 0.0 ], [ -75.705838601987494, 4.52622763284942, 0.0 ], [ -75.705777659853666, 4.526291820437028, 0.0 ], [ -75.70570945724927, 4.526409636271646, 0.0 ], [ -75.705656027378907, 4.526447718888994, 0.0 ], [ -75.705595432795576, 4.526456360431945, 0.0 ], [ -75.70550760314093, 4.526431227037375, 0.0 ], [ -75.705396771971579, 4.52636155749337, 0.0 ], [ -75.705348742623627, 4.526310933233566, 0.0 ], [ -75.705307082466177, 4.526248758696161, 0.0 ], [ -75.705258265689181, 4.526103305990679, 0.0 ], [ -75.705204605916279, 4.525848939786917, 0.0 ], [ -75.705171414494501, 4.525781427753324, 0.0 ], [ -75.705111403491031, 4.52573546337057, 0.0 ], [ -75.705011889209416, 4.525710313001046, 0.0 ], [ -75.704978178243266, 4.525721910418113, 0.0 ], [ -75.704936431773419, 4.525759910389857, 0.0 ], [ -75.704889806179366, 4.525864049696746, 0.0 ], [ -75.704854408287503, 4.526029478509223, 0.0 ], [ -75.704852113689441, 4.526306342231637, 0.0 ], [ -75.70484136113933, 4.526402294195012, 0.0 ], [ -75.704821985214068, 4.526449338518511, 0.0 ], [ -75.704792526557185, 4.526475842031796, 0.0 ], [ -75.704734797365944, 4.526486156100759, 0.0 ], [ -75.704683247940295, 4.526479274906769, 0.0 ], [ -75.704495964151832, 4.526358656863091, 0.0 ], [ -75.704426963400209, 4.526341953503842, 0.0 ], [ -75.704384152924533, 4.526342832367723, 0.0 ], [ -75.704315514371288, 4.526366162825087, 0.0 ], [ -75.703908787098641, 4.52639338778389, 0.0 ], [ -75.703746297064683, 4.526511986615479, 0.0 ], [ -75.703573276429964, 4.52666434986916, 0.0 ], [ -75.703505170110461, 4.526695911343126, 0.0 ], [ -75.703409531174998, 4.526697498523726, 0.0 ], [ -75.703214771074215, 4.526603256135616, 0.0 ] ] ] } },
{ "type": "Feature", "properties": { "barrio": "VILLA HERMOSA", "barrio_alt": "LA ESMERALDA", "barrio_alt2": "LA ESMERALDA", "vulnerabilidad": "Baja", "indice": 1.6666666666700001, "val_suelo": 1.0, "val_falla": 1.0, "val_antig": 3.0, "clas_antiguedad": "Alto", "clas_falla": null, "clas_falla_alt": null, "porcentaje_limitacion_suelo": 0.0, "area_m2": 28647.349694500001, "shape_area": 36923.165537399997 }, "geometry": { "type": "Polygon", "coordinates": [ [ [ -75.708730883724357, 4.528316013398056, 0.0 ], [ -75.709223972573696, 4.527953849607838, 0.0 ], [ -75.709690643241842, 4.528229979083443, 0.0 ], [ -75.709794651857294, 4.528227287389226, 0.0 ], [ -75.709833049346301, 4.5282366384301, 0.0 ], [ -75.709849815919981, 4.528254637183275, 0.0 ], [ -75.709856683327743, 4.528309658764749, 0.0 ], [ -75.70988958544109, 4.528345774348843, 0.0 ], [ -75.709997696268431, 4.528393355743057, 0.0 ], [ -75.710105589450322, 4.528420712053439, 0.0 ], [ -75.710325334400849, 4.528540096752357, 0.0 ], [ -75.710499024861065, 4.528654727146069, 0.0 ], [ -75.710590849076937, 4.528747616208054, 0.0 ], [ -75.71068189982995, 4.528798758227456, 0.0 ], [ -75.710426696572938, 4.529309393461062, 0.0 ], [ -75.710429267476442, 4.529369587712503, 0.0 ], [ -75.710017009430302, 4.530018949097413, 0.0 ], [ -75.70884990103977, 4.529617284854847, 0.0 ], [ -75.70816218419354, 4.528761243659507, 0.0 ], [ -75.708730883724357, 4.528316013398056, 0.0 ] ] ] } },
{ "type": "Feature", "properties": { "barrio": "ARCADES", "barrio_alt": "LA GRECIA", "barrio_alt2": "LA GRECIA", "vulnerabilidad": "Muy baja", "indice": 1.0, "val_suelo": 1.0, "val_falla": 1.0, "val_antig": 1.0, "clas_antiguedad": "Baja", "clas_falla": null, "clas_falla_alt": null, "porcentaje_limitacion_suelo": 0.78740157480399997, "area_m2": 153582.93043400001, "shape_area": 35568.8160374 }, "geometry": { "type": "Polygon", "coordinates": [ [ [ -75.710204680023963, 4.531290061186972, 0.0 ], [ -75.710132401329417, 4.531301299249717, 0.0 ], [ -75.710098401698289, 4.531321245912077, 0.0 ], [ -75.710085992517378, 4.531237786282141, 0.0 ], [ -75.710076683926559, 4.531021100693362, 0.0 ], [ -75.710037269280946, 4.530839385684267, 0.0 ], [ -75.710017177468018, 4.530794504543457, 0.0 ], [ -75.709989256899149, 4.530764711214789, 0.0 ], [ -75.709800981964378, 4.530688225204972, 0.0 ], [ -75.70948355670005, 4.530670756945955, 0.0 ], [ -75.709361539387984, 4.530688012501778, 0.0 ], [ -75.709324917280483, 4.530683256367921, 0.0 ], [ -75.709237742472808, 4.530619293217885, 0.0 ], [ -75.709087319449907, 4.530443118462106, 0.0 ], [ -75.709037162993226, 4.530426681456821, 0.0 ], [ -75.70901517018298, 4.530334064576259, 0.0 ], [ -75.708978311074247, 4.530280663374888, 0.0 ], [ -75.708915182221844, 4.530216455362466, 0.0 ], [ -75.708804204918934, 4.53000179977096, 0.0 ], [ -75.70884990103977, 4.529617284854847, 0.0 ], [ -75.710017009430302, 4.530018949097413, 0.0 ], [ -75.710429267476442, 4.529369587712503, 0.0 ], [ -75.710426696572938, 4.529309393461062, 0.0 ], [ -75.71068189982995, 4.528798758227456, 0.0 ], [ -75.710796216438951, 4.528877991551205, 0.0 ], [ -75.710857605328087, 4.528907530021373, 0.0 ], [ -75.710969877142787, 4.528935762889379, 0.0 ], [ -75.711032059309645, 4.528973667869225, 0.0 ], [ -75.711200071210996, 4.529030788629601, 0.0 ], [ -75.711275306205238, 4.529046161375024, 0.0 ], [ -75.710652753528706, 4.531465252846986, 0.0 ], [ -75.71036997173367, 4.531340796956547, 0.0 ], [ -75.710204680023963, 4.531290061186972, 0.0 ] ] ] } },
{ "type": "Feature", "properties": { "barrio": "EL REFUGIO", "barrio_alt": null, "barrio_alt2": null, "vulnerabilidad": "Alta", "indice": 2.3333333333300001, "val_suelo": 3.0, "val_falla": 1.0, "val_antig": 3.0, "clas_antiguedad": "Alto", "clas_falla": "Baja", "clas_falla_alt": "Baja", "porcentaje_limitacion_suelo": 1.3888888888799999, "area_m2": 30709.916281900001, "shape_area": 3366.1129141500001 }, "geometry": { "type": "Polygon", "coordinates": [ [ [ -75.686012351097546, 4.525381181512395, 0.0 ], [ -75.685986416919803, 4.524915938806886, 0.0 ], [ -75.6864399865769, 4.524877971775203, 0.0 ], [ -75.686526857586529, 4.524926376332435, 0.0 ], [ -75.686552512175965, 4.524987544740413, 0.0 ], [ -75.686592110024932, 4.524955925905942, 0.0 ], [ -75.686599303319639, 4.524974994482736, 0.0 ], [ -75.68660433249687, 4.525268208282109, 0.0 ], [ -75.686353936696591, 4.525383569388758, 0.0 ], [ -75.686012351097546, 4.525381181512395, 0.0 ] ] ] } },
{ "type": "Feature", "properties": { "barrio": "VILLA JULIANA", "barrio_alt": "SANTANDER", "barrio_alt2": "SANTANDER", "vulnerabilidad": "Media", "indice": 2.0, "val_suelo": 1.0, "val_falla": 2.0, "val_antig": 3.0, "clas_antiguedad": "Alto", "clas_falla": "Media", "clas_falla_alt": "Media", "porcentaje_limitacion_suelo": 0.0, "area_m2": 190403.11737600001, "shape_area": 14202.426255099999 }, "geometry": { "type": "Polygon", "coordinates": [ [ [ -75.684392194382639, 4.526034854850034, 0.0 ], [ -75.684323673084876, 4.525925524893625, 0.0 ], [ -75.684303086156689, 4.525496184971083, 0.0 ], [ -75.684370728001923, 4.525483532998014, 0.0 ], [ -75.684937674810797, 4.524817015044523, 0.0 ], [ -75.685018012813103, 4.524767897199319, 0.0 ], [ -75.685322127827774, 4.524905627187554, 0.0 ], [ -75.685329062692432, 4.524933040224282, 0.0 ], [ -75.685695828555936, 4.524929797733829, 0.0 ], [ -75.685986416919803, 4.524915938806886, 0.0 ], [ -75.686012427308242, 4.52538254905454, 0.0 ], [ -75.685684767753571, 4.525487638644678, 0.0 ], [ -75.685244030601325, 4.525590038180336, 0.0 ], [ -75.685083553405207, 4.525711425965186, 0.0 ], [ -75.684638943548222, 4.525909478126909, 0.0 ], [ -75.684392194382639, 4.526034854850034, 0.0 ] ] ] } },
{ "type": "Feature", "properties": { "barrio": "BELENCITO", "barrio_alt": null, "barrio_alt2": null, "vulnerabilidad": "Alta", "indice": 2.3333333333300001, "val_suelo": 3.0, "val_falla": 1.0, "val_antig": 3.0, "clas_antiguedad": "Alto", "clas_falla": null, "clas_falla_alt": null, "porcentaje_limitacion_suelo": 1.3888888888799999, "area_m2": 27917.2761556, "shape_area": 34663.978005500001 }, "geometry": { "type": "Polygon", "coordinates": [ [ [ -75.687711086603684, 4.52987010597361, 0.0 ], [ -75.687380757709434, 4.529778373606632, 0.0 ], [ -75.687449423709793, 4.529612507535758, 0.0 ], [ -75.687497709564227, 4.529604836060484, 0.0 ], [ -75.687396141833133, 4.529349731950409, 0.0 ], [ -75.687261458790246, 4.529347228800569, 0.0 ], [ -75.687225925983583, 4.529209465711681, 0.0 ], [ -75.687314878115899, 4.52917626548639, 0.0 ], [ -75.687314893172399, 4.529130340727351, 0.0 ], [ -75.687396216235996, 4.529115003018834, 0.0 ], [ -75.687406373807164, 4.529140513612369, 0.0 ], [ -75.687838440320789, 4.528946450957563, 0.0 ], [ -75.687807959978272, 4.528900536604343, 0.0 ], [ -75.68809770015686, 4.52876775894035, 0.0 ], [ -75.688625026135071, 4.528586450327913, 0.0 ], [ -75.688887057151078, 4.528468633610523, 0.0 ], [ -75.688893557251944, 4.528481693682912, 0.0 ], [ -75.689404261689134, 4.528256189025082, 0.0 ], [ -75.689498504866336, 4.52850106791494, 0.0 ], [ -75.689651393875451, 4.528425906012915, 0.0 ], [ -75.689701818918593, 4.528384076163288, 0.0 ], [ -75.689651990800655, 4.52842922796692, 0.0 ], [ -75.689640855007212, 4.528713776209877, 0.0 ], [ -75.689622071066566, 4.52884550682765, 0.0 ], [ -75.689582314893258, 4.529051409300251, 0.0 ], [ -75.689484089353186, 4.529371346104464, 0.0 ], [ -75.689351009664009, 4.529590272572318, 0.0 ], [ -75.689172536071382, 4.529788172696123, 0.0 ], [ -75.688975662982529, 4.529936454951307, 0.0 ], [ -75.688785150791603, 4.530049672687654, 0.0 ], [ -75.688581949426435, 4.530131021185533, 0.0 ], [ -75.688425587965426, 4.530163745650704, 0.0 ], [ -75.68827138638018, 4.530173956713966, 0.0 ], [ -75.687782150746571, 4.530150734389176, 0.0 ], [ -75.687840658042191, 4.529964461093566, 0.0 ], [ -75.687711086603684, 4.52987010597361, 0.0 ] ] ] } },
{ "type": "Feature", "properties": { "barrio": null, "barrio_alt": "KENNEDY", "barrio_alt2": "KENNEDY", "vulnerabilidad": "Muy baja", "indice": 1.3333333333299999, "val_suelo": 1.0, "val_falla": 1.0, "val_antig": 2.0, "clas_antiguedad": "Media", "clas_falla": null, "clas_falla_alt": null, "porcentaje_limitacion_suelo": 0.0, "area_m2": 10591.421661599999, "shape_area": 30594.742900099998 }, "geometry": { "type": "Polygon", "coordinates": [ [ [ -75.685043933008984, 4.537419257274637, 0.0 ], [ -75.684586133242505, 4.536758519549664, 0.0 ], [ -75.68472990075567, 4.536609023342243, 0.0 ], [ -75.68482752767072, 4.536397736265316, 0.0 ], [ -75.684996935804406, 4.536273981455346, 0.0 ], [ -75.685163766504331, 4.536168258446825, 0.0 ], [ -75.685881149219938, 4.536327011865108, 0.0 ], [ -75.685861931465595, 4.536348265274419, 0.0 ], [ -75.685876614321799, 4.536411318598311, 0.0 ], [ -75.685950184302769, 4.536551838412703, 0.0 ], [ -75.686130280990298, 4.536715127720718, 0.0 ], [ -75.686413669735785, 4.536901260817013, 0.0 ], [ -75.686477432576638, 4.536965627478712, 0.0 ], [ -75.686716882503433, 4.537327183600003, 0.0 ], [ -75.686653257931184, 4.537411748392202, 0.0 ], [ -75.686521996454275, 4.537525629394979, 0.0 ], [ -75.686362720566322, 4.537786495424313, 0.0 ], [ -75.68625920769972, 4.537936556130201, 0.0 ], [ -75.686200919807774, 4.538003853634581, 0.0 ], [ -75.686084973358618, 4.538034609145187, 0.0 ], [ -75.685848054829464, 4.537998535986158, 0.0 ], [ -75.685469060357391, 4.538087734308402, 0.0 ], [ -75.685325535129209, 4.538144857762611, 0.0 ], [ -75.685248929111424, 4.537815801719428, 0.0 ], [ -75.685043933008984, 4.537419257274637, 0.0 ] ] ] } },
{ "type": "Feature", "properties": { "barrio": "BOSQUES DE VIENA", "barrio_alt": "MIRAFLORES", "barrio_alt2": "MIRAFLORES", "vulnerabilidad": "Baja", "indice": 1.6666666666700001, "val_suelo": 1.0, "val_falla": 1.0, "val_antig": 3.0, "clas_antiguedad": "Alto", "clas_falla": null, "clas_falla_alt": null, "porcentaje_limitacion_suelo": 0.0, "area_m2": 122476.095305, "shape_area": 3281.2971120299999 }, "geometry": { "type": "Polygon", "coordinates": [ [ [ -75.69072859634737, 4.532111553873951, 0.0 ], [ -75.690046533847067, 4.532051070852621, 0.0 ], [ -75.690093752507508, 4.531655320868782, 0.0 ], [ -75.690761802384969, 4.531735891722943, 0.0 ], [ -75.69072859634737, 4.532111553873951, 0.0 ] ] ] } },
{ "type": "Feature", "properties": { "barrio": "SAN DIEGO", "barrio_alt": "MIRAFLORES", "barrio_alt2": "MIRAFLORES", "vulnerabilidad": "Baja", "indice": 1.6666666666700001, "val_suelo": 1.0, "val_falla": 1.0, "val_antig": 3.0, "clas_antiguedad": "Alto", "clas_falla": null, "clas_falla_alt": null, "porcentaje_limitacion_suelo": 0.0, "area_m2": 122476.095305, "shape_area": 11505.8307264 }, "geometry": { "type": "Polygon", "coordinates": [ [ [ -75.691110080413068, 4.532647664273187, 0.0 ], [ -75.690801710171485, 4.532116226513907, 0.0 ], [ -75.69072859634737, 4.532111553873951, 0.0 ], [ -75.690761802384969, 4.531735891722943, 0.0 ], [ -75.691141023331227, 4.531796914464893, 0.0 ], [ -75.69134422314464, 4.531821852738542, 0.0 ], [ -75.691350468400302, 4.531808624987896, 0.0 ], [ -75.691611168129427, 4.53184154943462, 0.0 ], [ -75.691962536075465, 4.53182407701875, 0.0 ], [ -75.692049596061139, 4.531795483882172, 0.0 ], [ -75.692073461937639, 4.531885211654642, 0.0 ], [ -75.692158523420346, 4.532564522047803, 0.0 ], [ -75.692039207798629, 4.532593397355596, 0.0 ], [ -75.69189562199503, 4.532597091504993, 0.0 ], [ -75.691682223200587, 4.532555760552764, 0.0 ], [ -75.6914717695673, 4.532474358533701, 0.0 ], [ -75.69135093065168, 4.532466031660745, 0.0 ], [ -75.691267211010896, 4.532502695384943, 0.0 ], [ -75.691224013353249, 4.532552280528466, 0.0 ], [ -75.691110080413068, 4.532647664273187, 0.0 ] ] ] } },
{ "type": "Feature", "properties": { "barrio": "1 DE MAYO", "barrio_alt": "LA ALAMBRA", "barrio_alt2": "LA ALAMBRA", "vulnerabilidad": "Baja", "indice": 1.6666666666700001, "val_suelo": 1.0, "val_falla": 1.0, "val_antig": 3.0, "clas_antiguedad": "Alto", "clas_falla": null, "clas_falla_alt": null, "porcentaje_limitacion_suelo": 0.0, "area_m2": 18930.3284021, "shape_area": 20798.216100900001 }, "geometry": { "type": "Polygon", "coordinates": [ [ [ -75.695819741269659, 4.53346866637073, 0.0 ], [ -75.695481086812492, 4.533451003246137, 0.0 ], [ -75.695297502655194, 4.532581633927683, 0.0 ], [ -75.695323112486193, 4.532571840659942, 0.0 ], [ -75.695364823486941, 4.532534934742154, 0.0 ], [ -75.695399506523145, 4.532486722905669, 0.0 ], [ -75.69546957693322, 4.53245466253899, 0.0 ], [ -75.695464396037167, 4.532534082022784, 0.0 ], [ -75.695619106897269, 4.532494206592218, 0.0 ], [ -75.695735945403896, 4.532488847815168, 0.0 ], [ -75.695856901606049, 4.532510443899519, 0.0 ], [ -75.695976544352618, 4.532591068792494, 0.0 ], [ -75.696022464016934, 4.532602500669911, 0.0 ], [ -75.696105770380569, 4.532599567834739, 0.0 ], [ -75.696258120495543, 4.532527997291831, 0.0 ], [ -75.696417918741219, 4.532384526783505, 0.0 ], [ -75.696601321864222, 4.532287249559506, 0.0 ], [ -75.696692248253242, 4.532223559303351, 0.0 ], [ -75.696746490896103, 4.532208795317542, 0.0 ], [ -75.696794777403611, 4.532210369696775, 0.0 ], [ -75.696949384744201, 4.533664749054452, 0.0 ], [ -75.696879325663943, 4.533716355806718, 0.0 ], [ -75.696566530587774, 4.53373063313183, 0.0 ], [ -75.696221146261749, 4.533599630684189, 0.0 ], [ -75.695819741269659, 4.53346866637073, 0.0 ] ] ] } },
{ "type": "Feature", "properties": { "barrio": "EL SILENCIO", "barrio_alt": "LA ALAMBRA", "barrio_alt2": "LA ALAMBRA", "vulnerabilidad": "Muy baja", "indice": 1.3333333333299999, "val_suelo": 1.0, "val_falla": 1.0, "val_antig": 2.0, "clas_antiguedad": "Media", "clas_falla": null, "clas_falla_alt": null, "porcentaje_limitacion_suelo": 0.0, "area_m2": 18930.3284021, "shape_area": 34505.485056500002 }, "geometry": { "type": "Polygon", "coordinates": [ [ [ -75.696108237227037, 4.534570335047618, 0.0 ], [ -75.695562085410998, 4.533834573829376, 0.0 ], [ -75.695481086812492, 4.533451003246137, 0.0 ], [ -75.695819741269659, 4.53346866637073, 0.0 ], [ -75.696221146261749, 4.533599630684189, 0.0 ], [ -75.696566530587774, 4.53373063313183, 0.0 ], [ -75.696879325663943, 4.533716355806718, 0.0 ], [ -75.696949384744201, 4.533664749054452, 0.0 ], [ -75.696882462242996, 4.533035216661106, 0.0 ], [ -75.696813256140601, 4.532214431233078, 0.0 ], [ -75.69685841944333, 4.532207995724492, 0.0 ], [ -75.696917058818485, 4.532178343843065, 0.0 ], [ -75.697093270109292, 4.531993572400315, 0.0 ], [ -75.697142584256326, 4.531958421721485, 0.0 ], [ -75.697208655923077, 4.531945873629797, 0.0 ], [ -75.697251809230877, 4.53195420316605, 0.0 ], [ -75.697307873517644, 4.531982476405887, 0.0 ], [ -75.697309354713084, 4.531957033900142, 0.0 ], [ -75.697425896283391, 4.531975878067895, 0.0 ], [ -75.697479592139317, 4.532009704614048, 0.0 ], [ -75.697489864031468, 4.532071030652294, 0.0 ], [ -75.697435285558072, 4.532157221411061, 0.0 ], [ -75.697375726516469, 4.53229300290528, 0.0 ], [ -75.697356989603023, 4.532345375234669, 0.0 ], [ -75.6973683562926, 4.532394387779746, 0.0 ], [ -75.697495820661302, 4.532391138839795, 0.0 ], [ -75.69756619651568, 4.532438793605727, 0.0 ], [ -75.697707538920042, 4.53256923187383, 0.0 ], [ -75.697772150704992, 4.532651710049151, 0.0 ], [ -75.697851342684316, 4.532729586402021, 0.0 ], [ -75.697789836843768, 4.533024078430982, 0.0 ], [ -75.69785282754539, 4.534005678752036, 0.0 ], [ -75.697792015947527, 4.534010746305523, 0.0 ], [ -75.697533998536215, 4.534072080735743, 0.0 ], [ -75.69731273784349, 4.534153223551029, 0.0 ], [ -75.697165712139736, 4.534227579791938, 0.0 ], [ -75.697031477022279, 4.534222428515822, 0.0 ], [ -75.696966701608687, 4.534233556144128, 0.0 ], [ -75.696883549013364, 4.534270192137154, 0.0 ], [ -75.696696255173876, 4.534414648932855, 0.0 ], [ -75.696584092350747, 4.534429124997848, 0.0 ], [ -75.696467426201835, 4.534456716518719, 0.0 ], [ -75.696330940200511, 4.534525012381426, 0.0 ], [ -75.696108237227037, 4.534570335047618, 0.0 ] ] ] } },
{ "type": "Feature", "properties": { "barrio": "PALMAS DEL MODELO", "barrio_alt": "MODELO", "barrio_alt2": "MODELO", "vulnerabilidad": "Alta", "indice": 2.3333333333300001, "val_suelo": 1.0, "val_falla": 3.0, "val_antig": 3.0, "clas_antiguedad": "Alto", "clas_falla": "Alta", "clas_falla_alt": "Alta", "porcentaje_limitacion_suelo": 0.0, "area_m2": 55344.977335800002, "shape_area": 2371.7066498200002 }, "geometry": { "type": "Polygon", "coordinates": [ [ [ -75.6744974725232, 4.548582720855044, 0.0 ], [ -75.673826842929628, 4.548110527771322, 0.0 ], [ -75.673812974553783, 4.548128528456863, 0.0 ], [ -75.673878137863014, 4.548030147295365, 0.0 ], [ -75.674008965832698, 4.547869651168213, 0.0 ], [ -75.674021628548857, 4.547865002459577, 0.0 ], [ -75.674012842528043, 4.547880206088815, 0.0 ], [ -75.674199532482504, 4.548000036562771, 0.0 ], [ -75.674239416465539, 4.548075045261541, 0.0 ], [ -75.674401775804256, 4.54821886299189, 0.0 ], [ -75.674481341179401, 4.548353509401881, 0.0 ], [ -75.6744974725232, 4.548582720855044, 0.0 ] ] ] } },
{ "type": "Feature", "properties": { "barrio": "SAN FERNANDO", "barrio_alt": "LAS PALMAS", "barrio_alt2": "LAS PALMAS", "vulnerabilidad": "Baja", "indice": 1.6666666666700001, "val_suelo": 1.0, "val_falla": 1.0, "val_antig": 3.0, "clas_antiguedad": "Alto", "clas_falla": "Baja", "clas_falla_alt": "Baja", "porcentaje_limitacion_suelo": 0.0, "area_m2": 79874.899564399995, "shape_area": 83670.652423299995 }, "geometry": { "type": "Polygon", "coordinates": [ [ [ -75.668492928827689, 4.540594631325734, 0.0 ], [ -75.667483406232336, 4.539564265844127, 0.0 ], [ -75.669881600483137, 4.537437529855458, 0.0 ], [ -75.671295374825092, 4.5390241641358, 0.0 ], [ -75.669165254439818, 4.540988010605547, 0.0 ], [ -75.669023387991871, 4.54115862241558, 0.0 ], [ -75.669015259024462, 4.541149946422016, 0.0 ], [ -75.669007456752084, 4.541157348839694, 0.0 ], [ -75.668492928827689, 4.540594631325734, 0.0 ] ] ] } },
{ "type": "Feature", "properties": { "barrio": "LA PATRIA", "barrio_alt": "LA PATRIA", "barrio_alt2": "LA PATRIA", "vulnerabilidad": "Baja", "indice": 1.6666666666700001, "val_suelo": 1.0, "val_falla": 1.0, "val_antig": 3.0, "clas_antiguedad": "Alto", "clas_falla": "Baja", "clas_falla_alt": "Baja", "porcentaje_limitacion_suelo": 1.5625, "area_m2": 314699.98248800001, "shape_area": 314894.29494 }, "geometry": { "type": "Polygon", "coordinates": [ [ [ -75.69301323419127, 4.542423090199322, 0.0 ], [ -75.693117143988914, 4.54249621669267, 0.0 ], [ -75.693336500966595, 4.542531107162423, 0.0 ], [ -75.693496014554526, 4.54258606234245, 0.0 ], [ -75.694272099882994, 4.542696647997382, 0.0 ], [ -75.695117098544856, 4.542868767863102, 0.0 ], [ -75.695278726913983, 4.542955369613825, 0.0 ], [ -75.696035392449119, 4.543654510913977, 0.0 ], [ -75.696219811459258, 4.543749493301141, 0.0 ], [ -75.696506470112823, 4.543796851261395, 0.0 ], [ -75.696974250912106, 4.543724384654171, 0.0 ], [ -75.697585172209912, 4.543481182641164, 0.0 ], [ -75.697698722990381, 4.543391718469992, 0.0 ], [ -75.698100353309471, 4.542958440352343, 0.0 ], [ -75.697923467829654, 4.542775850545803, 0.0 ], [ -75.697762089696624, 4.542693531955421, 0.0 ], [ -75.697770349713338, 4.54264292453517, 0.0 ], [ -75.697827022668605, 4.542531539849118, 0.0 ], [ -75.697957381589333, 4.54242927126315, 0.0 ], [ -75.698125247499718, 4.542351214299281, 0.0 ], [ -75.698374077820304, 4.542256982743715, 0.0 ], [ -75.698463355626657, 4.54218904972453, 0.0 ], [ -75.698522102816881, 4.542128689386999, 0.0 ], [ -75.698725112814614, 4.542055281274695, 0.0 ], [ -75.698943022592715, 4.541939422422697, 0.0 ], [ -75.699151186865961, 4.54188992031375, 0.0 ], [ -75.699408386408933, 4.541796863204008, 0.0 ], [ -75.699521385624138, 4.541713046815675, 0.0 ], [ -75.699622013267302, 4.541568419650365, 0.0 ], [ -75.699701579202056, 4.541488991075621, 0.0 ], [ -75.69984010141097, 4.54142748834519, 0.0 ], [ -75.700131172576747, 4.541263244133368, 0.0 ], [ -75.70030916953921, 4.54109486185662, 0.0 ], [ -75.700437739014617, 4.540842361512667, 0.0 ], [ -75.700516107151785, 4.540542275462435, 0.0 ], [ -75.700490883530804, 4.540347426060745, 0.0 ], [ -75.701214794628854, 4.540623797466532, 0.0 ], [ -75.701283389087649, 4.540525085311995, 0.0 ], [ -75.701535461636809, 4.540056868270055, 0.0 ], [ -75.701652741149744, 4.539874075441084, 0.0 ], [ -75.701839841508431, 4.539661199461887, 0.0 ], [ -75.702097595904547, 4.539446075193383, 0.0 ], [ -75.702548985114859, 4.539167939640517, 0.0 ], [ -75.702544136926264, 4.538942682002769, 0.0 ], [ -75.70255439044837, 4.538482142118204, 0.0 ], [ -75.702290065586709, 4.537877365368521, 0.0 ], [ -75.70243223662672, 4.537806805926436, 0.0 ], [ -75.702512455139953, 4.537832228726741, 0.0 ], [ -75.702584250855608, 4.537892295003065, 0.0 ], [ -75.702682498228654, 4.537955055591018, 0.0 ], [ -75.702730706371511, 4.537970141349902, 0.0 ], [ -75.702804463627615, 4.537954309141593, 0.0 ], [ -75.702828796651545, 4.537927036289522, 0.0 ], [ -75.702880087321688, 4.537758857922351, 0.0 ], [ -75.702938030475821, 4.537659593679088, 0.0 ], [ -75.70296935876631, 4.537544275890826, 0.0 ], [ -75.70304140090029, 4.537447398803028, 0.0 ], [ -75.703112840348851, 4.537381501660695, 0.0 ], [ -75.703241055225533, 4.537305607326739, 0.0 ], [ -75.703392631529354, 4.537253880682758, 0.0 ], [ -75.703566272794561, 4.537249514167694, 0.0 ], [ -75.703689473218503, 4.53726285058864, 0.0 ], [ -75.703766579637986, 4.537206839502026, 0.0 ], [ -75.7040134940722, 4.536807674635729, 0.0 ], [ -75.704109006263167, 4.536602550848411, 0.0 ], [ -75.704359095147211, 4.536449281562976, 0.0 ], [ -75.704548892492099, 4.53630452378924, 0.0 ], [ -75.704762654661877, 4.536378440714091, 0.0 ], [ -75.704836235902434, 4.536462032963502, 0.0 ], [ -75.70463733049607, 4.536887511377678, 0.0 ], [ -75.704522534259354, 4.537087823888888, 0.0 ], [ -75.704202989940853, 4.537828904043113, 0.0 ], [ -75.704105707870028, 4.538079078089533, 0.0 ], [ -75.703521802436669, 4.539000551241544, 0.0 ], [ -75.703586603255275, 4.539025534420315, 0.0 ], [ -75.703783457265402, 4.539168062177358, 0.0 ], [ -75.703824740487036, 4.539240905449042, 0.0 ], [ -75.703896917745254, 4.539433578378797, 0.0 ], [ -75.704071230217281, 4.539748821380884, 0.0 ], [ -75.704183339825889, 4.539866379123477, 0.0 ], [ -75.70432288634629, 4.539961391221487, 0.0 ], [ -75.704527251625436, 4.540051352388348, 0.0 ], [ -75.704717233637638, 4.540105193415192, 0.0 ], [ -75.705724173564178, 4.540439875936162, 0.0 ], [ -75.706212289875793, 4.540579273043678, 0.0 ], [ -75.706530086711695, 4.540681439470218, 0.0 ], [ -75.706277128454701, 4.541534207469927, 0.0 ], [ -75.705886663763934, 4.541303866259253, 0.0 ], [ -75.705852546683317, 4.54118978602657, 0.0 ], [ -75.705565428579447, 4.540958785160623, 0.0 ], [ -75.705539442437086, 4.540968368754331, 0.0 ], [ -75.705089733764126, 4.54246907295257, 0.0 ], [ -75.704959270146929, 4.542419330205858, 0.0 ], [ -75.704899509909922, 4.542359977849192, 0.0 ], [ -75.704870243967193, 4.542283855057702, 0.0 ], [ -75.704775695449229, 4.542136251295994, 0.0 ], [ -75.704599892579111, 4.541970144108632, 0.0 ], [ -75.704382630434495, 4.541835570590758, 0.0 ], [ -75.704222067413795, 4.541791536570075, 0.0 ], [ -75.704092254357747, 4.541791596197705, 0.0 ], [ -75.703973144355942, 4.54180593825609, 0.0 ], [ -75.703753269668297, 4.541885029365141, 0.0 ], [ -75.703336485968123, 4.542071404417748, 0.0 ], [ -75.70294575493385, 4.54219719348689, 0.0 ], [ -75.702871989577659, 4.542239482596246, 0.0 ], [ -75.702797658340771, 4.542325260655267, 0.0 ], [ -75.702760428345954, 4.542462947565033, 0.0 ], [ -75.702719835425782, 4.542508012363581, 0.0 ], [ -75.702676195435757, 4.542524440605304, 0.0 ], [ -75.702522777759626, 4.542523958476075, 0.0 ], [ -75.702381728793952, 4.542497126985399, 0.0 ], [ -75.702286068577379, 4.542464559044354, 0.0 ], [ -75.702213544353114, 4.542465936738236, 0.0 ], [ -75.702046236933811, 4.54251372880044, 0.0 ], [ -75.701892542679516, 4.542580261979714, 0.0 ], [ -75.701509048958158, 4.542810766019173, 0.0 ], [ -75.701346043245451, 4.542966539898021, 0.0 ], [ -75.701151335029579, 4.54317225234017, 0.0 ], [ -75.701049318107749, 4.543249719449451, 0.0 ], [ -75.700941201083836, 4.543299742979696, 0.0 ], [ -75.700790603193795, 4.543303990773156, 0.0 ], [ -75.700528412163919, 4.543142291495594, 0.0 ], [ -75.700481455026519, 4.543123379710923, 0.0 ], [ -75.700329695243923, 4.543113896702027, 0.0 ], [ -75.700235137211891, 4.543176836823386, 0.0 ], [ -75.700095508350103, 4.543309181635118, 0.0 ], [ -75.700026895761312, 4.543349372012342, 0.0 ], [ -75.699942570565071, 4.543364905802228, 0.0 ], [ -75.699806277845965, 4.5433238273638, 0.0 ], [ -75.699682531910994, 4.543204001737907, 0.0 ], [ -75.699635834853524, 4.543128141749452, 0.0 ], [ -75.699603912514434, 4.543044239199413, 0.0 ], [ -75.69958521452179, 4.542936801978372, 0.0 ], [ -75.69954060639003, 4.542826515599621, 0.0 ], [ -75.699482621566091, 4.542790807340975, 0.0 ], [ -75.699360745295778, 4.542796446935855, 0.0 ], [ -75.699179626826918, 4.542851176304096, 0.0 ], [ -75.699055507921258, 4.542852601494809, 0.0 ], [ -75.698840240694338, 4.542818472431559, 0.0 ], [ -75.698742997422457, 4.542865546648421, 0.0 ], [ -75.698620765871638, 4.543015438598507, 0.0 ], [ -75.698559705182149, 4.543123719897697, 0.0 ], [ -75.698531211877835, 4.543201889501727, 0.0 ], [ -75.698490537342153, 4.543505039560893, 0.0 ], [ -75.698384376835861, 4.543893877541718, 0.0 ], [ -75.698383049544205, 4.544077068827452, 0.0 ], [ -75.69826612649301, 4.544229117911634, 0.0 ], [ -75.698167412555904, 4.544281451969392, 0.0 ], [ -75.698016084531929, 4.544272656761249, 0.0 ], [ -75.697896412917061, 4.544185247894174, 0.0 ], [ -75.697808198451398, 4.544043865706346, 0.0 ], [ -75.697710428338169, 4.543971906117758, 0.0 ], [ -75.69756171288131, 4.543934065947165, 0.0 ], [ -75.697491143657018, 4.543947708270345, 0.0 ], [ -75.697419004515126, 4.543992428311197, 0.0 ], [ -75.697385112591178, 4.544168296053438, 0.0 ], [ -75.697314087037711, 4.544245996722004, 0.0 ], [ -75.69719839883561, 4.544247424508377, 0.0 ], [ -75.697126797693585, 4.54430214030944, 0.0 ], [ -75.6971278172024, 4.54437352128538, 0.0 ], [ -75.697093231456591, 4.544595374747749, 0.0 ], [ -75.697102256920218, 4.544638907524829, 0.0 ], [ -75.697049502140061, 4.544731767418147, 0.0 ], [ -75.697005808129191, 4.544752680614286, 0.0 ], [ -75.696389462814935, 4.544802937579237, 0.0 ], [ -75.696219422402734, 4.54477152070514, 0.0 ], [ -75.69605118094556, 4.544665950344724, 0.0 ], [ -75.695924750750379, 4.544536544732793, 0.0 ], [ -75.695570937178786, 4.544090285011348, 0.0 ], [ -75.695512223017062, 4.544048164031668, 0.0 ], [ -75.695473888483946, 4.544040811215589, 0.0 ], [ -75.695368967549925, 4.544054210381112, 0.0 ], [ -75.695153089229663, 4.544063135767979, 0.0 ], [ -75.694966517035283, 4.544039180818225, 0.0 ], [ -75.694793358301069, 4.543969320820288, 0.0 ], [ -75.694379224166923, 4.543687249902571, 0.0 ], [ -75.694265446417035, 4.543654464686775, 0.0 ], [ -75.694067684940862, 4.543628402375666, 0.0 ], [ -75.693954458494403, 4.543676860403512, 0.0 ], [ -75.693816322935589, 4.543760640317752, 0.0 ], [ -75.693706614904627, 4.543757844044856, 0.0 ], [ -75.693612426099349, 4.543729856423757, 0.0 ], [ -75.693427220962676, 4.54360610584965, 0.0 ], [ -75.693331361613744, 4.543555216884019, 0.0 ], [ -75.693266105943451, 4.543501086368172, 0.0 ], [ -75.693237742688709, 4.543419410017133, 0.0 ], [ -75.693205317435925, 4.54336101529513, 0.0 ], [ -75.693151990968332, 4.543322411378123, 0.0 ], [ -75.692845373629709, 4.543253029839519, 0.0 ], [ -75.692730933285162, 4.543148774031105, 0.0 ], [ -75.69247971124156, 4.542979300136444, 0.0 ], [ -75.692831658336658, 4.542270739801049, 0.0 ], [ -75.692941297015764, 4.542350758145508, 0.0 ], [ -75.69301323419127, 4.542423090199322, 0.0 ] ] ] } },
{ "type": "Feature", "properties": { "barrio": "MONTEBLANCO III", "barrio_alt": "LA PATRIA", "barrio_alt2": "LA PATRIA", "vulnerabilidad": "Muy baja", "indice": 1.3333333333299999, "val_suelo": 1.0, "val_falla": 1.0, "val_antig": 2.0, "clas_antiguedad": "Media", "clas_falla": null, "clas_falla_alt": null, "porcentaje_limitacion_suelo": 1.5625, "area_m2": 314699.98248800001, "shape_area": 39210.458606400003 }, "geometry": { "type": "Polygon", "coordinates": [ [ [ -75.696035392449119, 4.543654510913977, 0.0 ], [ -75.695304493937215, 4.542979318882247, 0.0 ], [ -75.695326082375843, 4.54287126755174, 0.0 ], [ -75.695425858979462, 4.542776089197559, 0.0 ], [ -75.695680129626311, 4.542790932162807, 0.0 ], [ -75.696044129250481, 4.542740623268337, 0.0 ], [ -75.696276033636508, 4.542642851141919, 0.0 ], [ -75.696964391097154, 4.542146803074804, 0.0 ], [ -75.697160992214449, 4.541974842793173, 0.0 ], [ -75.697001965518382, 4.541766739602426, 0.0 ], [ -75.697874155595343, 4.541785927743558, 0.0 ], [ -75.697948210964555, 4.542435831869137, 0.0 ], [ -75.697827022668605, 4.542531539849118, 0.0 ], [ -75.697770349713338, 4.54264292453517, 0.0 ], [ -75.697762089696624, 4.542693531955421, 0.0 ], [ -75.697923467829654, 4.542775850545803, 0.0 ], [ -75.698100353309471, 4.542958440352343, 0.0 ], [ -75.697698722990381, 4.543391718469992, 0.0 ], [ -75.697585172209912, 4.543481182641164, 0.0 ], [ -75.696974250912106, 4.543724384654171, 0.0 ], [ -75.696722437350331, 4.543767107858351, 0.0 ], [ -75.696506470112823, 4.543796851261395, 0.0 ], [ -75.696219811459258, 4.543749493301141, 0.0 ], [ -75.696035392449119, 4.543654510913977, 0.0 ] ] ] } },
{ "type": "Feature", "properties": { "barrio": "LA PAVONA", "barrio_alt": "LA PAVONA", "barrio_alt2": "LA PAVONA", "vulnerabilidad": "Baja", "indice": 1.6666666666700001, "val_suelo": 1.0, "val_falla": 1.0, "val_antig": 3.0, "clas_antiguedad": "Alto", "clas_falla": null, "clas_falla_alt": null, "porcentaje_limitacion_suelo": 0.0, "area_m2": 65744.873087900007, "shape_area": 65785.273010699995 }, "geometry": { "type": "Polygon", "coordinates": [ [ [ -75.697877714799347, 4.539494851743457, 0.0 ], [ -75.697444964254728, 4.538807825369338, 0.0 ], [ -75.697478226214514, 4.538580828536577, 0.0 ], [ -75.697566682366585, 4.538300484858084, 0.0 ], [ -75.69770290176892, 4.537953031943949, 0.0 ], [ -75.697884352300576, 4.537770842746002, 0.0 ], [ -75.698192241179072, 4.537624499350664, 0.0 ], [ -75.698349594903789, 4.537574022979624, 0.0 ], [ -75.69874091597616, 4.537554588127488, 0.0 ], [ -75.699036825072639, 4.537487306849227, 0.0 ], [ -75.69925634034297, 4.537487154218114, 0.0 ], [ -75.699530673141524, 4.537585183699348, 0.0 ], [ -75.699321494449208, 4.537182319927243, 0.0 ], [ -75.699388570900553, 4.537175608607537, 0.0 ], [ -75.699374680333676, 4.537145443118139, 0.0 ], [ -75.700128105733356, 4.536826173332239, 0.0 ], [ -75.700908924214218, 4.538593551641674, 0.0 ], [ -75.700699086051699, 4.538689433399813, 0.0 ], [ -75.700533781869282, 4.538727842282938, 0.0 ], [ -75.700393896550494, 4.538778998685755, 0.0 ], [ -75.700190411272843, 4.538881258061706, 0.0 ], [ -75.700025051891217, 4.539009020365611, 0.0 ], [ -75.699878790903512, 4.539092092346262, 0.0 ], [ -75.699630833815149, 4.53914970595234, 0.0 ], [ -75.699538363671451, 4.539149770179215, 0.0 ], [ -75.699541079933923, 4.539138680115625, 0.0 ], [ -75.699204266519033, 4.538966589250398, 0.0 ], [ -75.699108931946668, 4.538934743438003, 0.0 ], [ -75.698956333571601, 4.538985907464506, 0.0 ], [ -75.698860920380326, 4.539081709457041, 0.0 ], [ -75.698810017131606, 4.539158332882882, 0.0 ], [ -75.69873995263292, 4.539381765289143, 0.0 ], [ -75.698644562771605, 4.539439272128038, 0.0 ], [ -75.698434771460541, 4.539458564996112, 0.0 ], [ -75.698326714703285, 4.539439491977463, 0.0 ], [ -75.698145342313651, 4.539445897077252, 0.0 ], [ -75.698148926170774, 4.539438941545577, 0.0 ], [ -75.698086604279325, 4.539436481686552, 0.0 ], [ -75.697949485789636, 4.539449090954764, 0.0 ], [ -75.697877714799347, 4.539494851743457, 0.0 ] ] ] } },
{ "type": "Feature", "properties": { "barrio": "QUINTAS DE LOS ANDES", "barrio_alt": "MONTEBLANCO III", "barrio_alt2": "MONTEBLANCO III", "vulnerabilidad": "Muy baja", "indice": 1.3333333333299999, "val_suelo": 1.0, "val_falla": 1.0, "val_antig": 2.0, "clas_antiguedad": "Media", "clas_falla": null, "clas_falla_alt": null, "porcentaje_limitacion_suelo": 0.0, "area_m2": 39186.5192876, "shape_area": 41299.646579 }, "geometry": { "type": "Polygon", "coordinates": [ [ [ -75.697161378746941, 4.541349119185302, 0.0 ], [ -75.69774446178009, 4.540425362095111, 0.0 ], [ -75.697969126059093, 4.539939645006974, 0.0 ], [ -75.697919300821169, 4.539884615502152, 0.0 ], [ -75.698145342313651, 4.539445897077252, 0.0 ], [ -75.698326714703285, 4.539439491977463, 0.0 ], [ -75.698434771460541, 4.539458564996112, 0.0 ], [ -75.698644562771605, 4.539439272128038, 0.0 ], [ -75.69873995263292, 4.539381765289143, 0.0 ], [ -75.698810017131606, 4.539158332882882, 0.0 ], [ -75.698860920380326, 4.539081709457041, 0.0 ], [ -75.698956333571601, 4.538985907464506, 0.0 ], [ -75.699108931946668, 4.538934743438003, 0.0 ], [ -75.699204266519033, 4.538966589250398, 0.0 ], [ -75.699541079933923, 4.539138680115625, 0.0 ], [ -75.699458231066359, 4.539477003925819, 0.0 ], [ -75.699801105991966, 4.540127768930345, 0.0 ], [ -75.698751800822393, 4.540785881122748, 0.0 ], [ -75.69819859010174, 4.541035176665114, 0.0 ], [ -75.697865368849406, 4.541785734636762, 0.0 ], [ -75.697001965518382, 4.541766739602426, 0.0 ], [ -75.697006591461943, 4.541714647774119, 0.0 ], [ -75.697161378746941, 4.541349119185302, 0.0 ] ] ] } },
{ "type": "Feature", "properties": { "barrio": "VILLA CELMIRA", "barrio_alt": "VILLA CELMIRA", "barrio_alt2": "VILLA CELMIRA", "vulnerabilidad": "Baja", "indice": 1.6666666666700001, "val_suelo": 1.0, "val_falla": 1.0, "val_antig": 3.0, "clas_antiguedad": "Alto", "clas_falla": null, "clas_falla_alt": null, "porcentaje_limitacion_suelo": 0.0, "area_m2": 9416.1906539899992, "shape_area": 9421.9407970200009 }, "geometry": { "type": "Polygon", "coordinates": [ [ [ -75.696438950293484, 4.540136757481586, 0.0 ], [ -75.696103685703903, 4.539671940777361, 0.0 ], [ -75.695922799327391, 4.539362504222026, 0.0 ], [ -75.696240489005064, 4.539217846577204, 0.0 ], [ -75.696655053796221, 4.538966351335877, 0.0 ], [ -75.697017610436063, 4.539540590109733, 0.0 ], [ -75.697150824476353, 4.539985646835003, 0.0 ], [ -75.697114162443029, 4.54002078664753, 0.0 ], [ -75.697024285508633, 4.539972834579897, 0.0 ], [ -75.696909635984468, 4.539932867457645, 0.0 ], [ -75.696672809420761, 4.539930527954394, 0.0 ], [ -75.696533140256392, 4.540035745612642, 0.0 ], [ -75.696438950293484, 4.540136757481586, 0.0 ] ] ] } },
{ "type": "Feature", "properties": { "barrio": "UNIVERSAL", "barrio_alt": "LA PATRIA", "barrio_alt2": "LA PATRIA", "vulnerabilidad": "Baja", "indice": 1.6666666666700001, "val_suelo": 1.0, "val_falla": 1.0, "val_antig": 3.0, "clas_antiguedad": "Alto", "clas_falla": null, "clas_falla_alt": null, "porcentaje_limitacion_suelo": 1.5625, "area_m2": 314699.98248800001, "shape_area": 102344.236641 }, "geometry": { "type": "Polygon", "coordinates": [ [ [ -75.694272099882994, 4.542696647997382, 0.0 ], [ -75.693496014554526, 4.54258606234245, 0.0 ], [ -75.693336500966595, 4.542531107162423, 0.0 ], [ -75.693117143988914, 4.54249621669267, 0.0 ], [ -75.69301323419127, 4.542423090199322, 0.0 ], [ -75.692966233955872, 4.542375831672963, 0.0 ], [ -75.69302024282841, 4.542101030348294, 0.0 ], [ -75.693082632970913, 4.54199336337872, 0.0 ], [ -75.6934118473757, 4.54175786627707, 0.0 ], [ -75.69356153950676, 4.541572549287157, 0.0 ], [ -75.693771029621132, 4.541437249099896, 0.0 ], [ -75.694444411789334, 4.540971249766289, 0.0 ], [ -75.695164800650502, 4.5404990174368, 0.0 ], [ -75.695563047478132, 4.540707835035053, 0.0 ], [ -75.695774979433494, 4.540655128619145, 0.0 ], [ -75.695947058506093, 4.540547385886635, 0.0 ], [ -75.696081716561991, 4.540482217903637, 0.0 ], [ -75.696313616671063, 4.540271169024845, 0.0 ], [ -75.696533140256392, 4.540035745612642, 0.0 ], [ -75.696672809420761, 4.539930527954394, 0.0 ], [ -75.696909635984468, 4.539932867457645, 0.0 ], [ -75.697024285508633, 4.539972834579897, 0.0 ], [ -75.697141414100301, 4.540035326498413, 0.0 ], [ -75.697211219472436, 4.540030272051419, 0.0 ], [ -75.697291024421517, 4.5399801598974, 0.0 ], [ -75.697475618708211, 4.539789812382493, 0.0 ], [ -75.697690119238416, 4.539614461259344, 0.0 ], [ -75.697949485789636, 4.539449090954764, 0.0 ], [ -75.698148926170774, 4.539438941545577, 0.0 ], [ -75.697919300821169, 4.539884615502152, 0.0 ], [ -75.697969126059093, 4.539939645006974, 0.0 ], [ -75.69774446178009, 4.540425362095111, 0.0 ], [ -75.697161378746941, 4.541349119185302, 0.0 ], [ -75.697006591461943, 4.541714647774119, 0.0 ], [ -75.696996591005771, 4.54175970730533, 0.0 ], [ -75.697160992214449, 4.541974842793173, 0.0 ], [ -75.696964391097154, 4.542146803074804, 0.0 ], [ -75.696276033636508, 4.542642851141919, 0.0 ], [ -75.696044129250481, 4.542740623268337, 0.0 ], [ -75.695680129626311, 4.542790932162807, 0.0 ], [ -75.695425858979462, 4.542776089197559, 0.0 ], [ -75.695326082375843, 4.54287126755174, 0.0 ], [ -75.695304493937215, 4.542979318882247, 0.0 ], [ -75.695278726913983, 4.542955369613825, 0.0 ], [ -75.695117098544856, 4.542868767863102, 0.0 ], [ -75.694272099882994, 4.542696647997382, 0.0 ] ] ] } },
{ "type": "Feature", "properties": { "barrio": "ALTOS DE LA PAVONA", "barrio_alt": "LA PAVONA", "barrio_alt2": "LA PAVONA", "vulnerabilidad": "Muy baja", "indice": 1.3333333333299999, "val_suelo": 1.0, "val_falla": 1.0, "val_antig": 2.0, "clas_antiguedad": "Media", "clas_falla": null, "clas_falla_alt": null, "porcentaje_limitacion_suelo": 0.0, "area_m2": 65744.873087900007, "shape_area": 11366.5690294 }, "geometry": { "type": "Polygon", "coordinates": [ [ [ -75.69816726511867, 4.537636370625218, 0.0 ], [ -75.698130836843049, 4.537546717748585, 0.0 ], [ -75.6980713390722, 4.537300013779371, 0.0 ], [ -75.698109559829746, 4.537228119901391, 0.0 ], [ -75.698348260461557, 4.537069847183505, 0.0 ], [ -75.698465248645235, 4.536952382525716, 0.0 ], [ -75.698496330669656, 4.536849351337904, 0.0 ], [ -75.698575169082588, 4.536688792862215, 0.0 ], [ -75.69864578443439, 4.536634169702356, 0.0 ], [ -75.69889637183104, 4.53654535952804, 0.0 ], [ -75.699087277751232, 4.536506897952211, 0.0 ], [ -75.699277773943095, 4.5371344077082, 0.0 ], [ -75.699377627277144, 4.537175815008045, 0.0 ], [ -75.699321494449208, 4.537182319927243, 0.0 ], [ -75.699530673141524, 4.537585183699348, 0.0 ], [ -75.69925634034297, 4.537487154218114, 0.0 ], [ -75.699036825072639, 4.537487306849227, 0.0 ], [ -75.69874091597616, 4.537554588127488, 0.0 ], [ -75.698349594903789, 4.537574022979624, 0.0 ], [ -75.69816726511867, 4.537636370625218, 0.0 ] ] ] } },
{ "type": "Feature", "properties": { "barrio": null, "barrio_alt": "LA PAVONA", "barrio_alt2": "LA PAVONA", "vulnerabilidad": "Muy baja", "indice": 1.0, "val_suelo": 1.0, "val_falla": 1.0, "val_antig": 1.0, "clas_antiguedad": null, "clas_falla": null, "clas_falla_alt": null, "porcentaje_limitacion_suelo": 0.0, "area_m2": 65744.873087900007, "shape_area": 10430.1745242 }, "geometry": { "type": "Polygon", "coordinates": [ [ [ -75.697017610436063, 4.539540590109733, 0.0 ], [ -75.696655053796221, 4.538966351335877, 0.0 ], [ -75.696746031154717, 4.538911160184213, 0.0 ], [ -75.697469497564029, 4.53864039492137, 0.0 ], [ -75.697444964254728, 4.538807825369338, 0.0 ], [ -75.697877714799347, 4.539494851743457, 0.0 ], [ -75.697690119238416, 4.539614461259344, 0.0 ], [ -75.697475618708211, 4.539789812382493, 0.0 ], [ -75.697291024421517, 4.5399801598974, 0.0 ], [ -75.697211219472436, 4.540030272051419, 0.0 ], [ -75.697141414100301, 4.540035326498413, 0.0 ], [ -75.697114162443029, 4.54002078664753, 0.0 ], [ -75.697150824476353, 4.539985646835003, 0.0 ], [ -75.697017610436063, 4.539540590109733, 0.0 ] ] ] } },
{ "type": "Feature", "properties": { "barrio": "VILLA CAROLINA II", "barrio_alt": "VILLA LILIANA", "barrio_alt2": "VILLA LILIANA", "vulnerabilidad": "Muy baja", "indice": 1.0, "val_suelo": 1.0, "val_falla": 1.0, "val_antig": 1.0, "clas_antiguedad": "Baja", "clas_falla": null, "clas_falla_alt": null, "porcentaje_limitacion_suelo": 0.0, "area_m2": 149847.65657799999, "shape_area": 52283.3344612 }, "geometry": { "type": "Polygon", "coordinates": [ [ [ -75.695689213911919, 4.53881327243726, 0.0 ], [ -75.695476470766437, 4.538360038516745, 0.0 ], [ -75.695586125960972, 4.538355176160312, 0.0 ], [ -75.695750873104828, 4.537921880769252, 0.0 ], [ -75.695755684661108, 4.537850079214452, 0.0 ], [ -75.695667479281695, 4.537862106349305, 0.0 ], [ -75.695695774121148, 4.537621122454595, 0.0 ], [ -75.695683940511856, 4.537484714351145, 0.0 ], [ -75.695648275498272, 4.537338749206159, 0.0 ], [ -75.695583910529848, 4.537185067750718, 0.0 ], [ -75.695613802441287, 4.536997170412302, 0.0 ], [ -75.69563767546137, 4.536932496488918, 0.0 ], [ -75.695659743669836, 4.53681843612426, 0.0 ], [ -75.695763974345994, 4.53665815243888, 0.0 ], [ -75.695801451451004, 4.53662052359564, 0.0 ], [ -75.695911630240417, 4.536561906925731, 0.0 ], [ -75.695960910547171, 4.536574117132608, 0.0 ], [ -75.696048031759574, 4.536664927846271, 0.0 ], [ -75.696219031280449, 4.536877393632464, 0.0 ], [ -75.69637552419961, 4.537014784168044, 0.0 ], [ -75.696413903659959, 4.537038481132321, 0.0 ], [ -75.69655760009168, 4.537084154807108, 0.0 ], [ -75.69670913533092, 4.537147194674959, 0.0 ], [ -75.696785443249738, 4.537160217715375, 0.0 ], [ -75.697084544025657, 4.537113896310253, 0.0 ], [ -75.697383648275576, 4.537159746168201, 0.0 ], [ -75.697489414890583, 4.5371577522336, 0.0 ], [ -75.697539234896922, 4.537144273794082, 0.0 ], [ -75.697655991175054, 4.537081948330134, 0.0 ], [ -75.69784923226662, 4.536946173747114, 0.0 ], [ -75.697930199400474, 4.536904898000154, 0.0 ], [ -75.698079526421225, 4.537284612672617, 0.0 ], [ -75.6980713390722, 4.537300013779371, 0.0 ], [ -75.698085607682557, 4.537376662705547, 0.0 ], [ -75.698130836843049, 4.537546717748585, 0.0 ], [ -75.69816726511867, 4.537636370625218, 0.0 ], [ -75.697884352300576, 4.537770842746002, 0.0 ], [ -75.69770290176892, 4.537953031943949, 0.0 ], [ -75.697566682366585, 4.538300484858084, 0.0 ], [ -75.697478226214514, 4.538580828536577, 0.0 ], [ -75.697469497564029, 4.53864039492137, 0.0 ], [ -75.696746031154717, 4.538911160184213, 0.0 ], [ -75.696240489005064, 4.539217846577204, 0.0 ], [ -75.695934398226996, 4.539361163544196, 0.0 ], [ -75.695870116389344, 4.539234364512015, 0.0 ], [ -75.695689213911919, 4.53881327243726, 0.0 ] ] ] } },
{ "type": "Feature", "properties": { "barrio": "SAN ANDRES", "barrio_alt": "ASENTAMIENTO MONTEVIDEO BAJO", "barrio_alt2": "ASENTAMIENTO MONTEVIDEO BAJO", "vulnerabilidad": "Baja", "indice": 1.6666666666700001, "val_suelo": 1.0, "val_falla": 1.0, "val_antig": 3.0, "clas_antiguedad": "Alto", "clas_falla": null, "clas_falla_alt": null, "porcentaje_limitacion_suelo": 0.0, "area_m2": 11684.675691599999, "shape_area": 33584.527609899997 }, "geometry": { "type": "Polygon", "coordinates": [ [ [ -75.694518604895606, 4.539517102170135, 0.0 ], [ -75.694387267881069, 4.538164569528021, 0.0 ], [ -75.694274685539867, 4.537864177449825, 0.0 ], [ -75.694273451830853, 4.537788300383045, 0.0 ], [ -75.694439513029238, 4.537758931365185, 0.0 ], [ -75.694558786060554, 4.537715313163965, 0.0 ], [ -75.694645551348486, 4.537649950367125, 0.0 ], [ -75.694851814453799, 4.537181798176367, 0.0 ], [ -75.694987392341361, 4.537067422998025, 0.0 ], [ -75.695034508134611, 4.537043746376185, 0.0 ], [ -75.695139296039372, 4.537106902582626, 0.0 ], [ -75.69527434626427, 4.537211098532498, 0.0 ], [ -75.695327140132264, 4.537234523824857, 0.0 ], [ -75.695404888558187, 4.537239044553576, 0.0 ], [ -75.695505789762294, 4.537189202816522, 0.0 ], [ -75.695583645361523, 4.537184496483794, 0.0 ], [ -75.695648275498272, 4.537338749206159, 0.0 ], [ -75.695683940511856, 4.537484714351145, 0.0 ], [ -75.695695774121148, 4.537621122454595, 0.0 ], [ -75.695667479281695, 4.537862106349305, 0.0 ], [ -75.695755684661108, 4.537850079214452, 0.0 ], [ -75.695750873104828, 4.537921880769252, 0.0 ], [ -75.695586125960972, 4.538355176160312, 0.0 ], [ -75.695476470766437, 4.538360038516745, 0.0 ], [ -75.695932768360393, 4.539357949446379, 0.0 ], [ -75.695138291855258, 4.539458351563796, 0.0 ], [ -75.694518604895606, 4.539517102170135, 0.0 ] ] ] } },
{ "type": "Feature", "properties": { "barrio": "VILLA CAROLINA I", "barrio_alt": "SAN ANDRES", "barrio_alt2": "SAN ANDRES", "vulnerabilidad": "Baja", "indice": 1.6666666666700001, "val_suelo": 1.0, "val_falla": 1.0, "val_antig": 3.0, "clas_antiguedad": "Alto", "clas_falla": null, "clas_falla_alt": null, "porcentaje_limitacion_suelo": 0.0, "area_m2": 33564.114984100001, "shape_area": 61493.063733100003 }, "geometry": { "type": "Polygon", "coordinates": [ [ [ -75.691594939569399, 4.540218654293147, 0.0 ], [ -75.691382782604848, 4.539964572126233, 0.0 ], [ -75.691319224223079, 4.539873388889965, 0.0 ], [ -75.691269215593749, 4.539772960012116, 0.0 ], [ -75.691160875561835, 4.539525979117697, 0.0 ], [ -75.691132322492479, 4.539408001251145, 0.0 ], [ -75.691141221361036, 4.539325434202472, 0.0 ], [ -75.691183653523112, 4.539314756330936, 0.0 ], [ -75.6919051124123, 4.53930498116325, 0.0 ], [ -75.691897720061249, 4.53913177318139, 0.0 ], [ -75.692316119850759, 4.539133844040938, 0.0 ], [ -75.692311903553616, 4.538104149701783, 0.0 ], [ -75.692264900232786, 4.537913786272053, 0.0 ], [ -75.692158103725106, 4.53769425559738, 0.0 ], [ -75.692291815008332, 4.537623402821527, 0.0 ], [ -75.692408644766687, 4.537345158593998, 0.0 ], [ -75.692459719338075, 4.537284123074797, 0.0 ], [ -75.692503480454988, 4.537259692457415, 0.0 ], [ -75.692569100127272, 4.537257208149972, 0.0 ], [ -75.692693035704266, 4.537274203397973, 0.0 ], [ -75.692785351197386, 4.53733270107292, 0.0 ], [ -75.692863068815882, 4.537415609062919, 0.0 ], [ -75.693064793027631, 4.537777585846495, 0.0 ], [ -75.693110943361361, 4.537819034721733, 0.0 ], [ -75.693174125547188, 4.537828751356284, 0.0 ], [ -75.693259163707339, 4.537865294283612, 0.0 ], [ -75.693404973742318, 4.537879834523339, 0.0 ], [ -75.693514317652244, 4.537911479826597, 0.0 ], [ -75.693623653711299, 4.53795776610618, 0.0 ], [ -75.693664970249017, 4.537955297414246, 0.0 ], [ -75.693849732023423, 4.53786245000734, 0.0 ], [ -75.69398097834376, 4.537847719206971, 0.0 ], [ -75.694273451830853, 4.537788300383045, 0.0 ], [ -75.694274685539867, 4.537864177449825, 0.0 ], [ -75.694387267881069, 4.538164569528021, 0.0 ], [ -75.694518604895606, 4.539517102170135, 0.0 ], [ -75.694217541944425, 4.53954564439873, 0.0 ], [ -75.693273321724718, 4.539721470002895, 0.0 ], [ -75.693275894498115, 4.53973480586919, 0.0 ], [ -75.69325722997803, 4.539728570815622, 0.0 ], [ -75.692733727746131, 4.539822517622325, 0.0 ], [ -75.692658846298897, 4.539356552433246, 0.0 ], [ -75.692345068320137, 4.539360347080294, 0.0 ], [ -75.692332184585624, 4.539478720028129, 0.0 ], [ -75.692357346149876, 4.539611767241444, 0.0 ], [ -75.692300537617001, 4.539624478735148, 0.0 ], [ -75.692275189657423, 4.53978924313189, 0.0 ], [ -75.69229714612311, 4.540001498337157, 0.0 ], [ -75.691571213003542, 4.540236440468462, 0.0 ], [ -75.691558668073, 4.540238248396487, 0.0 ], [ -75.691594939569399, 4.540218654293147, 0.0 ] ] ] } },
{ "type": "Feature", "properties": { "barrio": "ROJAS PINILLA SEGUNDA ETAPA", "barrio_alt": "LA UNION", "barrio_alt2": "LA UNION", "vulnerabilidad": "Baja", "indice": 1.6666666666700001, "val_suelo": 1.0, "val_falla": 1.0, "val_antig": 3.0, "clas_antiguedad": "Alto", "clas_falla": null, "clas_falla_alt": null, "porcentaje_limitacion_suelo": 0.0, "area_m2": 106650.74607199999, "shape_area": 154051.410301 }, "geometry": { "type": "Polygon", "coordinates": [ [ [ -75.689433346677617, 4.538000308012643, 0.0 ], [ -75.689040211139343, 4.53792162332133, 0.0 ], [ -75.688894409494139, 4.537976130442786, 0.0 ], [ -75.688640328379208, 4.538092884391679, 0.0 ], [ -75.688527773191893, 4.538198612815971, 0.0 ], [ -75.688361241153132, 4.537586670862303, 0.0 ], [ -75.688237693888368, 4.537076448197435, 0.0 ], [ -75.688264236400116, 4.536877511460089, 0.0 ], [ -75.688232330432371, 4.536802677689534, 0.0 ], [ -75.688275063698399, 4.536653550531266, 0.0 ], [ -75.688324702312272, 4.536581912398482, 0.0 ], [ -75.688467224485507, 4.536477437550024, 0.0 ], [ -75.688560466033465, 4.536384088958034, 0.0 ], [ -75.688596302344365, 4.536328440614029, 0.0 ], [ -75.688656318961321, 4.536162661633462, 0.0 ], [ -75.688741723635914, 4.536091383815178, 0.0 ], [ -75.688801183150147, 4.536076909902028, 0.0 ], [ -75.688894067313925, 4.536080526116869, 0.0 ], [ -75.688923166813993, 4.536096626289872, 0.0 ], [ -75.688995601978078, 4.53619015195809, 0.0 ], [ -75.689054882877087, 4.536240351424178, 0.0 ], [ -75.689085683951063, 4.536259819140855, 0.0 ], [ -75.68913650593646, 4.536264047751674, 0.0 ], [ -75.689159028490963, 4.536247585188293, 0.0 ], [ -75.68922245021345, 4.536136328303743, 0.0 ], [ -75.689268936345101, 4.536096256748354, 0.0 ], [ -75.689328845979517, 4.536076355940827, 0.0 ], [ -75.689460108527584, 4.536081508718403, 0.0 ], [ -75.689598229037742, 4.536055699461876, 0.0 ], [ -75.68965191098188, 4.536013394292777, 0.0 ], [ -75.689688216125958, 4.535930630073439, 0.0 ], [ -75.689727134567605, 4.535884589289244, 0.0 ], [ -75.689864702244279, 4.535826516690952, 0.0 ], [ -75.689953710044165, 4.535760575527341, 0.0 ], [ -75.690274703179554, 4.53569797492106, 0.0 ], [ -75.690508578084518, 4.53567128683362, 0.0 ], [ -75.690691823321743, 4.535675261957434, 0.0 ], [ -75.690792185624247, 4.535696244784829, 0.0 ], [ -75.690952368778113, 4.535762903709154, 0.0 ], [ -75.690981107462932, 4.535753586104635, 0.0 ], [ -75.691122457699507, 4.535650558276533, 0.0 ], [ -75.691168764305857, 4.535634547586156, 0.0 ], [ -75.691284530428021, 4.535623238274118, 0.0 ], [ -75.691461499114382, 4.535631293971072, 0.0 ], [ -75.691529119310246, 4.535650403611196, 0.0 ], [ -75.691605976927562, 4.535692154012748, 0.0 ], [ -75.691770306363225, 4.535836781882325, 0.0 ], [ -75.691825713305036, 4.535859665326779, 0.0 ], [ -75.691892110111922, 4.53586563287324, 0.0 ], [ -75.691944902956138, 4.53584844617976, 0.0 ], [ -75.692010848652828, 4.535797339497776, 0.0 ], [ -75.692162737192902, 4.535611276492387, 0.0 ], [ -75.692259042407102, 4.535540720833856, 0.0 ], [ -75.692309132593095, 4.535525704882337, 0.0 ], [ -75.692423638341538, 4.535543340351397, 0.0 ], [ -75.692578054165253, 4.535550933901433, 0.0 ], [ -75.692605262010332, 4.535561244223755, 0.0 ], [ -75.692702653670764, 4.535659653786971, 0.0 ], [ -75.692771236213275, 4.535679079728694, 0.0 ], [ -75.692849051237616, 4.535679458267837, 0.0 ], [ -75.692986171342, 4.535725133088755, 0.0 ], [ -75.693112117774334, 4.535685873161574, 0.0 ], [ -75.693183108943657, 4.535688223542067, 0.0 ], [ -75.693235632412296, 4.535704594049152, 0.0 ], [ -75.693331400915682, 4.535774600883007, 0.0 ], [ -75.69338131295207, 4.535839362780892, 0.0 ], [ -75.693445913245682, 4.536010766760276, 0.0 ], [ -75.693498168015012, 4.536090724980737, 0.0 ], [ -75.693552043571472, 4.536136220456805, 0.0 ], [ -75.693586548735937, 4.536143727157388, 0.0 ], [ -75.693634657517705, 4.536134680664853, 0.0 ], [ -75.693798619631465, 4.536012294775017, 0.0 ], [ -75.693897807849638, 4.535959377814239, 0.0 ], [ -75.694012313182071, 4.535931967251822, 0.0 ], [ -75.694060872717515, 4.535943182262479, 0.0 ], [ -75.694132136349864, 4.536018526596327, 0.0 ], [ -75.694217815424153, 4.536083920524647, 0.0 ], [ -75.694429171609528, 4.536190738317001, 0.0 ], [ -75.694520794931194, 4.536213981623229, 0.0 ], [ -75.694584579042242, 4.536208009926485, 0.0 ], [ -75.694664760785884, 4.536226912251444, 0.0 ], [ -75.694738096409651, 4.53628136174969, 0.0 ], [ -75.694804621513924, 4.536218001167097, 0.0 ], [ -75.694755746656014, 4.536309264152015, 0.0 ], [ -75.694816660168328, 4.536423368030663, 0.0 ], [ -75.694844142119038, 4.536591336652078, 0.0 ], [ -75.694891985625631, 4.53673831870277, 0.0 ], [ -75.695036893642339, 4.537042547743333, 0.0 ], [ -75.694987392341361, 4.537067422998025, 0.0 ], [ -75.694851814453799, 4.537181798176367, 0.0 ], [ -75.694645551348486, 4.537649950367125, 0.0 ], [ -75.694558786060554, 4.537715313163965, 0.0 ], [ -75.694439513029238, 4.537758931365185, 0.0 ], [ -75.69404995483842, 4.537827826613748, 0.0 ], [ -75.69398097834376, 4.537847719206971, 0.0 ], [ -75.693849732023423, 4.53786245000734, 0.0 ], [ -75.693664970249017, 4.537955297414246, 0.0 ], [ -75.693623653711299, 4.53795776610618, 0.0 ], [ -75.693514317652244, 4.537911479826597, 0.0 ], [ -75.693404973742318, 4.537879834523339, 0.0 ], [ -75.693259163707339, 4.537865294283612, 0.0 ], [ -75.693174125547188, 4.537828751356284, 0.0 ], [ -75.693110943361361, 4.537819034721733, 0.0 ], [ -75.693064793027631, 4.537777585846495, 0.0 ], [ -75.693033230902685, 4.537726365830075, 0.0 ], [ -75.692863068815882, 4.537415609062919, 0.0 ], [ -75.692785351197386, 4.53733270107292, 0.0 ], [ -75.692693035704266, 4.537274203397973, 0.0 ], [ -75.692569100127272, 4.537257208149972, 0.0 ], [ -75.692503480454988, 4.537259692457415, 0.0 ], [ -75.692459719338075, 4.537284123074797, 0.0 ], [ -75.692408644766687, 4.537345158593998, 0.0 ], [ -75.692291815008332, 4.537623402821527, 0.0 ], [ -75.692158539617324, 4.537693980044812, 0.0 ], [ -75.691993645083727, 4.537638896593457, 0.0 ], [ -75.691451879362205, 4.53770944538815, 0.0 ], [ -75.690962461047775, 4.53790277205166, 0.0 ], [ -75.690743986049483, 4.537964327385771, 0.0 ], [ -75.690315867524404, 4.537938301731253, 0.0 ], [ -75.68987897321216, 4.537973687793532, 0.0 ], [ -75.689712945326264, 4.538000118527562, 0.0 ], [ -75.689433346677617, 4.538000308012643, 0.0 ] ] ] } },
{ "type": "Feature", "properties": { "barrio": "SANTA SOFIA", "barrio_alt": "VILLA CAROLINA I", "barrio_alt2": "VILLA CAROLINA I", "vulnerabilidad": "Baja", "indice": 1.6666666666700001, "val_suelo": 1.0, "val_falla": 1.0, "val_antig": 3.0, "clas_antiguedad": "Alto", "clas_falla": null, "clas_falla_alt": null, "porcentaje_limitacion_suelo": 0.0, "area_m2": 61455.915544800002, "shape_area": 2658.32817307 }, "geometry": { "type": "Polygon", "coordinates": [ [ [ -75.69229714612311, 4.540001498337157, 0.0 ], [ -75.692275189657423, 4.53978924313189, 0.0 ], [ -75.692300537617001, 4.539624478735148, 0.0 ], [ -75.692357346149876, 4.539611767241444, 0.0 ], [ -75.692332184585624, 4.539478720028129, 0.0 ], [ -75.692345068320137, 4.539360347080294, 0.0 ], [ -75.692658846298897, 4.539356552433246, 0.0 ], [ -75.692733727746131, 4.539822517622325, 0.0 ], [ -75.69229714612311, 4.540001498337157, 0.0 ] ] ] } },
{ "type": "Feature", "properties": { "barrio": "ROJAS PINILLA I ETAPA", "barrio_alt": "VILLA CAROLINA I", "barrio_alt2": "VILLA CAROLINA I", "vulnerabilidad": "Baja", "indice": 1.6666666666700001, "val_suelo": 1.0, "val_falla": 1.0, "val_antig": 3.0, "clas_antiguedad": "Alto", "clas_falla": null, "clas_falla_alt": null, "porcentaje_limitacion_suelo": 0.0, "area_m2": 61455.915544800002, "shape_area": 29862.795968099999 }, "geometry": { "type": "Polygon", "coordinates": [ [ [ -75.690971631557133, 4.53917764399311, 0.0 ], [ -75.690505147431793, 4.539094689743181, 0.0 ], [ -75.69038342540199, 4.539067173776664, 0.0 ], [ -75.69037854009882, 4.539050896598662, 0.0 ], [ -75.690415036712267, 4.539014252347653, 0.0 ], [ -75.69050844236925, 4.538858054557574, 0.0 ], [ -75.69059144125886, 4.538764317196812, 0.0 ], [ -75.690596772157718, 4.538530111733508, 0.0 ], [ -75.690695364503966, 4.538368706309564, 0.0 ], [ -75.690742093179566, 4.538248971109995, 0.0 ], [ -75.690768099879733, 4.538108432526491, 0.0 ], [ -75.690762959351119, 4.538040777637814, 0.0 ], [ -75.690740642865308, 4.537965269219137, 0.0 ], [ -75.690962461047775, 4.53790277205166, 0.0 ], [ -75.691451879362205, 4.53770944538815, 0.0 ], [ -75.691993645083727, 4.537638896593457, 0.0 ], [ -75.692157858631518, 4.537693752960084, 0.0 ], [ -75.692264900232786, 4.537913786272053, 0.0 ], [ -75.692311903553616, 4.538104149701783, 0.0 ], [ -75.692316119850759, 4.539133844040938, 0.0 ], [ -75.691897720061249, 4.53913177318139, 0.0 ], [ -75.6919051124123, 4.53930498116325, 0.0 ], [ -75.691159595189944, 4.539320810128408, 0.0 ], [ -75.691147866096514, 4.539198341440484, 0.0 ], [ -75.690971631557133, 4.53917764399311, 0.0 ] ] ] } },
{ "type": "Feature", "properties": { "barrio": "BLOQUES EL CORTIJO", "barrio_alt": "VILLA CAROLINA I", "barrio_alt2": "VILLA CAROLINA I", "vulnerabilidad": "Muy baja", "indice": 1.0, "val_suelo": 1.0, "val_falla": 1.0, "val_antig": 1.0, "clas_antiguedad": "Baja", "clas_falla": null, "clas_falla_alt": null, "porcentaje_limitacion_suelo": 0.0, "area_m2": 61455.915544800002, "shape_area": 12206.012600800001 }, "geometry": { "type": "Polygon", "coordinates": [ [ [ -75.690675093638362, 4.539965946903551, 0.0 ], [ -75.690641770487261, 4.539898019336169, 0.0 ], [ -75.690454268562945, 4.539657079823593, 0.0 ], [ -75.69039647164162, 4.539505955722688, 0.0 ], [ -75.690377807834324, 4.539395878356983, 0.0 ], [ -75.690396971999888, 4.539312567799634, 0.0 ], [ -75.690435842969578, 4.539241809585576, 0.0 ], [ -75.69038342540199, 4.539067173776664, 0.0 ], [ -75.690971631557133, 4.53917764399311, 0.0 ], [ -75.691147866096514, 4.539198341440484, 0.0 ], [ -75.691159595189944, 4.539320810128408, 0.0 ], [ -75.691141221361036, 4.539325434202472, 0.0 ], [ -75.691132322492479, 4.539408001251145, 0.0 ], [ -75.691160875561835, 4.539525979117697, 0.0 ], [ -75.691319224223079, 4.539873388889965, 0.0 ], [ -75.691382782604848, 4.539964572126233, 0.0 ], [ -75.691594939569399, 4.540218654293147, 0.0 ], [ -75.691558668073, 4.540238248396487, 0.0 ], [ -75.691602746578937, 4.540226235379349, 0.0 ], [ -75.691700457756937, 4.540307551730434, 0.0 ], [ -75.691571516354756, 4.540331603530432, 0.0 ], [ -75.691473530392827, 4.540364703098938, 0.0 ], [ -75.6912987940091, 4.540403607562794, 0.0 ], [ -75.691144005240545, 4.540429872195232, 0.0 ], [ -75.691027542753872, 4.540469078829615, 0.0 ], [ -75.69091150611132, 4.540491212789924, 0.0 ], [ -75.690746254289365, 4.540462206973233, 0.0 ], [ -75.690741037737496, 4.54032184006983, 0.0 ], [ -75.690725468565276, 4.540216469413887, 0.0 ], [ -75.690674567609236, 4.540130976802344, 0.0 ], [ -75.690675093638362, 4.539965946903551, 0.0 ] ] ] } },
{ "type": "Feature", "properties": { "barrio": "LA MONTANA", "barrio_alt": "VILLA CELMIRA", "barrio_alt2": "VILLA CELMIRA", "vulnerabilidad": "Baja", "indice": 1.6666666666700001, "val_suelo": 1.0, "val_falla": 1.0, "val_antig": 3.0, "clas_antiguedad": "Alto", "clas_falla": null, "clas_falla_alt": null, "porcentaje_limitacion_suelo": 0.0, "area_m2": 9416.1906539899992, "shape_area": 30664.1298241 }, "geometry": { "type": "Polygon", "coordinates": [ [ [ -75.695102883405937, 4.540428495095147, 0.0 ], [ -75.695048460295297, 4.540264302293429, 0.0 ], [ -75.694884999724152, 4.540078286799596, 0.0 ], [ -75.694748737429975, 4.539996265412158, 0.0 ], [ -75.694645156783892, 4.539968964587122, 0.0 ], [ -75.69455792270243, 4.539958076081154, 0.0 ], [ -75.694214245238427, 4.540226554100689, 0.0 ], [ -75.694017898951103, 4.540314278628115, 0.0 ], [ -75.693821593441825, 4.540336310738635, 0.0 ], [ -75.693750680096073, 4.540385628233637, 0.0 ], [ -75.693521536519938, 4.540604758529926, 0.0 ], [ -75.6934451804714, 4.54063765634957, 0.0 ], [ -75.693273321724718, 4.539721470002895, 0.0 ], [ -75.694217541944425, 4.53954564439873, 0.0 ], [ -75.695138291855258, 4.539458351563796, 0.0 ], [ -75.695924213356108, 4.539364846727702, 0.0 ], [ -75.696103685703903, 4.539671940777361, 0.0 ], [ -75.696438950293484, 4.540136757481586, 0.0 ], [ -75.696313616671063, 4.540271169024845, 0.0 ], [ -75.696081716561991, 4.540482217903637, 0.0 ], [ -75.695947058506093, 4.540547385886635, 0.0 ], [ -75.695774979433494, 4.540655128619145, 0.0 ], [ -75.695563047478132, 4.540707835035053, 0.0 ], [ -75.695163514621171, 4.540498394841595, 0.0 ], [ -75.695102883405937, 4.540428495095147, 0.0 ] ] ] } },
{ "type": "Feature", "properties": { "barrio": "EL PARQUE", "barrio_alt": "VILLA CAROLINA I", "barrio_alt2": "VILLA CAROLINA I", "vulnerabilidad": "Baja", "indice": 1.6666666666700001, "val_suelo": 1.0, "val_falla": 1.0, "val_antig": 3.0, "clas_antiguedad": "Alto", "clas_falla": null, "clas_falla_alt": null, "porcentaje_limitacion_suelo": 0.0, "area_m2": 61455.915544800002, "shape_area": 14486.0519706 }, "geometry": { "type": "Polygon", "coordinates": [ [ [ -75.692500827495408, 4.540609492235857, 0.0 ], [ -75.691946037124652, 4.540365004073738, 0.0 ], [ -75.69169221379569, 4.54030069008925, 0.0 ], [ -75.691602746578937, 4.540226235379349, 0.0 ], [ -75.69229714612311, 4.540001498337157, 0.0 ], [ -75.692733727746131, 4.539822517622325, 0.0 ], [ -75.69325722997803, 4.539728570815622, 0.0 ], [ -75.693275894498115, 4.53973480586919, 0.0 ], [ -75.693441349127596, 4.540615565922637, 0.0 ], [ -75.69317945643256, 4.540657211260948, 0.0 ], [ -75.6931257885675, 4.540776819616589, 0.0 ], [ -75.69295004230095, 4.540905478939608, 0.0 ], [ -75.692717760196345, 4.540977381243748, 0.0 ], [ -75.692684438296197, 4.540980507183681, 0.0 ], [ -75.692546744232459, 4.540662693588916, 0.0 ], [ -75.692500827495408, 4.540609492235857, 0.0 ] ] ] } },
{ "type": "Feature", "properties": { "barrio": "BLOQUE LOS ARBOLES", "barrio_alt": "BLOQUE LOS ARBOLES", "barrio_alt2": "BLOQUE LOS ARBOLES", "vulnerabilidad": "Baja", "indice": 1.6666666666700001, "val_suelo": 1.0, "val_falla": 1.0, "val_antig": 3.0, "clas_antiguedad": "Alto", "clas_falla": null, "clas_falla_alt": null, "porcentaje_limitacion_suelo": 0.0, "area_m2": 5494.2125802199998, "shape_area": 5497.4886031899996 }, "geometry": { "type": "Polygon", "coordinates": [ [ [ -75.687919322866804, 4.539101874180186, 0.0 ], [ -75.687595740443328, 4.538417374537412, 0.0 ], [ -75.687711341888431, 4.538321685093408, 0.0 ], [ -75.687739979394024, 4.538235571840231, 0.0 ], [ -75.687808623622132, 4.538166650885398, 0.0 ], [ -75.687848658572619, 4.538137925630658, 0.0 ], [ -75.687911545792034, 4.538132143066878, 0.0 ], [ -75.688043793679441, 4.538158030142492, 0.0 ], [ -75.688084698070369, 4.538183365436369, 0.0 ], [ -75.688397063983317, 4.538890967798242, 0.0 ], [ -75.687919322866804, 4.539101874180186, 0.0 ] ] ] } },
{ "type": "Feature", "properties": { "barrio": "QUINDIO", "barrio_alt": "KENNEDY", "barrio_alt2": "KENNEDY", "vulnerabilidad": "Baja", "indice": 1.6666666666700001, "val_suelo": 1.0, "val_falla": 1.0, "val_antig": 3.0, "clas_antiguedad": "Alto", "clas_falla": null, "clas_falla_alt": null, "porcentaje_limitacion_suelo": 0.0, "area_m2": 10591.421661599999, "shape_area": 59562.467172800003 }, "geometry": { "type": "MultiPolygon", "coordinates": [ [ [ [ -75.68692802845338, 4.539233573725484, 0.0 ], [ -75.686887489989871, 4.539343884820835, 0.0 ], [ -75.686795957043856, 4.539447259389062, 0.0 ], [ -75.686608303879922, 4.53968954024369, 0.0 ], [ -75.686519724504606, 4.539760710675399, 0.0 ], [ -75.686037018564249, 4.540067700928348, 0.0 ], [ -75.685948461542836, 4.540103315955379, 0.0 ], [ -75.685610099450201, 4.539795624621753, 0.0 ], [ -75.685663909792439, 4.539666127123374, 0.0 ], [ -75.685623962280189, 4.539557101268081, 0.0 ], [ -75.6850697215406, 4.539115527575738, 0.0 ], [ -75.685264075506922, 4.53913835502042, 0.0 ], [ -75.685367005216023, 4.539092369584885, 0.0 ], [ -75.68546998631443, 4.538966029403612, 0.0 ], [ -75.685487212609502, 4.538845487205355, 0.0 ], [ -75.685527313348558, 4.538713449807112, 0.0 ], [ -75.685590295609614, 4.53855843848367, 0.0 ], [ -75.685658976523655, 4.538432122137291, 0.0 ], [ -75.685824873234225, 4.538254083783201, 0.0 ], [ -75.686002168088876, 4.538133432639351, 0.0 ], [ -75.686105097583834, 4.538087447209668, 0.0 ], [ -75.686145464856224, 4.538039180679563, 0.0 ], [ -75.686200919807774, 4.538003853634581, 0.0 ], [ -75.686229478854159, 4.53797391365798, 0.0 ], [ -75.686371458342592, 4.537773198681865, 0.0 ], [ -75.686521996454275, 4.537525629394979, 0.0 ], [ -75.686653257931184, 4.537411748392202, 0.0 ], [ -75.686794967723401, 4.537234369745805, 0.0 ], [ -75.686848931637698, 4.537211213124154, 0.0 ], [ -75.686965330194795, 4.537247934910395, 0.0 ], [ -75.687011006740974, 4.537248295404527, 0.0 ], [ -75.687056051475807, 4.537235179806835, 0.0 ], [ -75.687233348320035, 4.537069921115784, 0.0 ], [ -75.687286861701821, 4.537032381859527, 0.0 ], [ -75.687327763116713, 4.537020170372169, 0.0 ], [ -75.687561459378571, 4.537016005214192, 0.0 ], [ -75.687728939006817, 4.537067559069593, 0.0 ], [ -75.687798129499114, 4.537075427692591, 0.0 ], [ -75.687845877471759, 4.537067376400631, 0.0 ], [ -75.68796479730203, 4.537022510145766, 0.0 ], [ -75.688089661704268, 4.536952045339731, 0.0 ], [ -75.688199931775912, 4.536858334929581, 0.0 ], [ -75.688232330432371, 4.536802677689534, 0.0 ], [ -75.688264236400116, 4.536877511460089, 0.0 ], [ -75.688237693888368, 4.537076448197435, 0.0 ], [ -75.688519854719672, 4.538192301360747, 0.0 ], [ -75.688386916972235, 4.538252110614581, 0.0 ], [ -75.688180328631447, 4.538229393732496, 0.0 ], [ -75.688125732482717, 4.53820878070162, 0.0 ], [ -75.688043793679441, 4.538158030142492, 0.0 ], [ -75.687911545792034, 4.538132143066878, 0.0 ], [ -75.687848658572619, 4.538137925630658, 0.0 ], [ -75.687739979394024, 4.538235571840231, 0.0 ], [ -75.687711341888431, 4.538321685093408, 0.0 ], [ -75.687585509106952, 4.538425081706364, 0.0 ], [ -75.687545495308399, 4.538419369923351, 0.0 ], [ -75.687442580113483, 4.538442397203336, 0.0 ], [ -75.687362466857465, 4.538568721796545, 0.0 ], [ -75.687270847513858, 4.538809846327636, 0.0 ], [ -75.687202174036372, 4.538924683966478, 0.0 ], [ -75.687127830957948, 4.538964910925317, 0.0 ], [ -75.68692802845338, 4.539233573725484, 0.0 ] ] ], [ [ [ -75.68716540527781, 4.53894457987761, 0.0 ], [ -75.687128350134756, 4.538968089283901, 0.0 ], [ -75.687132814435657, 4.53896221456174, 0.0 ], [ -75.68716540527781, 4.53894457987761, 0.0 ] ] ] ] } },
{ "type": "Feature", "properties": { "barrio": "CLARITA", "barrio_alt": "BLOQUES EL CORTIJO", "barrio_alt2": "BLOQUES EL CORTIJO", "vulnerabilidad": "Baja", "indice": 1.6666666666700001, "val_suelo": 1.0, "val_falla": 1.0, "val_antig": 3.0, "clas_antiguedad": "Alto", "clas_falla": null, "clas_falla_alt": null, "porcentaje_limitacion_suelo": 0.0, "area_m2": 12198.6782996, "shape_area": 89518.098549400005 }, "geometry": { "type": "Polygon", "coordinates": [ [ [ -75.688449151672174, 4.541543968734127, 0.0 ], [ -75.688375428684694, 4.541014801717251, 0.0 ], [ -75.688346693830582, 4.540589669904687, 0.0 ], [ -75.688300083520744, 4.540482213434295, 0.0 ], [ -75.687998358861734, 4.540552314929855, 0.0 ], [ -75.687920156416823, 4.540553849676809, 0.0 ], [ -75.687920166929871, 4.540536742361585, 0.0 ], [ -75.68650910840438, 4.540788674244101, 0.0 ], [ -75.686106212766248, 4.540891167341059, 0.0 ], [ -75.685846142070673, 4.540898933353203, 0.0 ], [ -75.685168948445579, 4.540752724772426, 0.0 ], [ -75.685284121444965, 4.540628203183718, 0.0 ], [ -75.685501462916037, 4.539948063226888, 0.0 ], [ -75.685572408566657, 4.539761349738775, 0.0 ], [ -75.685948461542836, 4.540103315955379, 0.0 ], [ -75.686037018564249, 4.540067700928348, 0.0 ], [ -75.686519724504606, 4.539760710675399, 0.0 ], [ -75.686608303879922, 4.53968954024369, 0.0 ], [ -75.686795957043856, 4.539447259389062, 0.0 ], [ -75.686887489989871, 4.539343884820835, 0.0 ], [ -75.68692802845338, 4.539233573725484, 0.0 ], [ -75.686945036976098, 4.539209317114755, 0.0 ], [ -75.687128349905237, 4.538968089429504, 0.0 ], [ -75.68716540527781, 4.53894457987761, 0.0 ], [ -75.687482327336824, 4.539277301959226, 0.0 ], [ -75.687424491094916, 4.539364360343423, 0.0 ], [ -75.687920129889065, 4.539871636229846, 0.0 ], [ -75.688170394985846, 4.540064842364614, 0.0 ], [ -75.688269009205229, 4.539976520775753, 0.0 ], [ -75.688351720975092, 4.540195759942427, 0.0 ], [ -75.688419221763667, 4.540296297570755, 0.0 ], [ -75.689129812920825, 4.540307511873411, 0.0 ], [ -75.689155448492073, 4.540295798327041, 0.0 ], [ -75.689155332412554, 4.540480133700686, 0.0 ], [ -75.689501867454041, 4.540475997317875, 0.0 ], [ -75.690752346324089, 4.54051699735772, 0.0 ], [ -75.690770891656484, 4.540466531243682, 0.0 ], [ -75.69091150611132, 4.540491212789924, 0.0 ], [ -75.691027542753872, 4.540469078829615, 0.0 ], [ -75.691144005240545, 4.540429872195232, 0.0 ], [ -75.6912987940091, 4.540403607562794, 0.0 ], [ -75.691473530392827, 4.540364703098938, 0.0 ], [ -75.691571516354756, 4.540331603530432, 0.0 ], [ -75.691700457756937, 4.540307551730434, 0.0 ], [ -75.69169221379569, 4.54030069008925, 0.0 ], [ -75.691946037124652, 4.540365004073738, 0.0 ], [ -75.692500827495408, 4.540609492235857, 0.0 ], [ -75.692546744232459, 4.540662693588916, 0.0 ], [ -75.692684438296197, 4.540980507183681, 0.0 ], [ -75.692428936155935, 4.541004481544563, 0.0 ], [ -75.69223245098803, 4.54096874474514, 0.0 ], [ -75.691979463805779, 4.540822441962455, 0.0 ], [ -75.691890108518066, 4.540876310517652, 0.0 ], [ -75.691825307517973, 4.541024070839343, 0.0 ], [ -75.691762653304878, 4.541230375360195, 0.0 ], [ -75.691720929097698, 4.541296168430663, 0.0 ], [ -75.691539249542373, 4.541388960150217, 0.0 ], [ -75.691214632604527, 4.541517720673282, 0.0 ], [ -75.690997250772199, 4.541568687171632, 0.0 ], [ -75.690737932651558, 4.541561987543668, 0.0 ], [ -75.690618798948933, 4.541621854396292, 0.0 ], [ -75.690383462488029, 4.54181631904246, 0.0 ], [ -75.690207756928061, 4.541879214126275, 0.0 ], [ -75.690014209259331, 4.541906249050496, 0.0 ], [ -75.689880217061074, 4.541921286385742, 0.0 ], [ -75.689802880177183, 4.541801767428818, 0.0 ], [ -75.68971454637655, 4.541606384044401, 0.0 ], [ -75.689693762420191, 4.541513730081691, 0.0 ], [ -75.689613445874144, 4.541397202820217, 0.0 ], [ -75.689553936162667, 4.541337456907378, 0.0 ], [ -75.689393137636714, 4.541367459377197, 0.0 ], [ -75.689274004614902, 4.541427326051108, 0.0 ], [ -75.688982242458692, 4.541391651932476, 0.0 ], [ -75.688747007105718, 4.54142469393171, 0.0 ], [ -75.688449151672174, 4.541543968734127, 0.0 ] ] ] } },
{ "type": "Feature", "properties": { "barrio": "VILLA ANDREA", "barrio_alt": "ROJAS PINILLA SEGUNDA ETAPA", "barrio_alt2": "ROJAS PINILLA SEGUNDA ETAPA", "vulnerabilidad": "Baja", "indice": 1.6666666666700001, "val_suelo": 1.0, "val_falla": 1.0, "val_antig": 3.0, "clas_antiguedad": "Alto", "clas_falla": null, "clas_falla_alt": null, "porcentaje_limitacion_suelo": 0.0, "area_m2": 153958.70640299999, "shape_area": 49964.7168532 }, "geometry": { "type": "Polygon", "coordinates": [ [ [ -75.687920129889065, 4.539871636229846, 0.0 ], [ -75.687424491094916, 4.539364360343423, 0.0 ], [ -75.687482327336824, 4.539277301959226, 0.0 ], [ -75.68716540527781, 4.53894457987761, 0.0 ], [ -75.687202174036372, 4.538924683966478, 0.0 ], [ -75.687270847513858, 4.538809846327636, 0.0 ], [ -75.687362466857465, 4.538568721796545, 0.0 ], [ -75.687442580113483, 4.538442397203336, 0.0 ], [ -75.687545495308399, 4.538419369923351, 0.0 ], [ -75.687585509106952, 4.538425081706364, 0.0 ], [ -75.687595740443328, 4.538417374537412, 0.0 ], [ -75.687919322866804, 4.539101874180186, 0.0 ], [ -75.688397063983317, 4.538890967798242, 0.0 ], [ -75.688084698070369, 4.538183365436369, 0.0 ], [ -75.688180328631447, 4.538229393732496, 0.0 ], [ -75.688386916972235, 4.538252110614581, 0.0 ], [ -75.688525379475763, 4.538189815426274, 0.0 ], [ -75.688527773191893, 4.538198612815971, 0.0 ], [ -75.688640328379208, 4.538092884391679, 0.0 ], [ -75.688894409494139, 4.537976130442786, 0.0 ], [ -75.689040211139343, 4.53792162332133, 0.0 ], [ -75.689433346677617, 4.538000308012643, 0.0 ], [ -75.689712945326264, 4.538000118527562, 0.0 ], [ -75.68987897321216, 4.537973687793532, 0.0 ], [ -75.690315867524404, 4.537938301731253, 0.0 ], [ -75.690740298022575, 4.537964103384255, 0.0 ], [ -75.690762959351119, 4.538040777637814, 0.0 ], [ -75.690768099879733, 4.538108432526491, 0.0 ], [ -75.690742093179566, 4.538248971109995, 0.0 ], [ -75.690695364503966, 4.538368706309564, 0.0 ], [ -75.690596772157718, 4.538530111733508, 0.0 ], [ -75.69059144125886, 4.538764317196812, 0.0 ], [ -75.69050844236925, 4.538858054557574, 0.0 ], [ -75.690415036712267, 4.539014252347653, 0.0 ], [ -75.690373880192169, 4.539055575245032, 0.0 ], [ -75.69018108658706, 4.539063463797965, 0.0 ], [ -75.69000771079503, 4.539111925717171, 0.0 ], [ -75.689781389788223, 4.539126582206849, 0.0 ], [ -75.689812946696264, 4.539130689968624, 0.0 ], [ -75.689673279990529, 4.539174294277738, 0.0 ], [ -75.689586564950446, 4.539242035201176, 0.0 ], [ -75.689326499093539, 4.539319561867424, 0.0 ], [ -75.68889302057849, 4.539503562983855, 0.0 ], [ -75.688642492940744, 4.539726115365681, 0.0 ], [ -75.688348656580942, 4.539905187351475, 0.0 ], [ -75.688170394985846, 4.540064842364614, 0.0 ], [ -75.687920129889065, 4.539871636229846, 0.0 ] ] ] } },
{ "type": "Feature", "properties": { "barrio": "LOS CAMBULOS", "barrio_alt": "CLARITA", "barrio_alt2": "CLARITA", "vulnerabilidad": "Baja", "indice": 1.6666666666700001, "val_suelo": 1.0, "val_falla": 1.0, "val_antig": 3.0, "clas_antiguedad": "Alto", "clas_falla": null, "clas_falla_alt": null, "porcentaje_limitacion_suelo": 0.0, "area_m2": 89464.626727499999, "shape_area": 37864.324191599997 }, "geometry": { "type": "Polygon", "coordinates": [ [ [ -75.686115093617417, 4.542232816542462, 0.0 ], [ -75.686022785491133, 4.542247825284806, 0.0 ], [ -75.685830867668273, 4.542336963074884, 0.0 ], [ -75.685707519358715, 4.542324719261391, 0.0 ], [ -75.685589535584455, 4.542277404564969, 0.0 ], [ -75.685592527913258, 4.542264901268977, 0.0 ], [ -75.68561371894819, 4.542255659739288, 0.0 ], [ -75.685897032628901, 4.541529070481788, 0.0 ], [ -75.685935915305947, 4.541251039211543, 0.0 ], [ -75.685870552678665, 4.541029876022459, 0.0 ], [ -75.685845332287556, 4.54089895806857, 0.0 ], [ -75.686106212766248, 4.540891167341059, 0.0 ], [ -75.68650910840438, 4.540788674244101, 0.0 ], [ -75.687920166929871, 4.540536742361585, 0.0 ], [ -75.687920156416823, 4.540553849676809, 0.0 ], [ -75.687998358861734, 4.540552314929855, 0.0 ], [ -75.688300083520744, 4.540482213434295, 0.0 ], [ -75.688311947641964, 4.540496510066471, 0.0 ], [ -75.688346693830582, 4.540589669904687, 0.0 ], [ -75.688375428684694, 4.541014801717251, 0.0 ], [ -75.688449151672174, 4.541543968734127, 0.0 ], [ -75.688368781860817, 4.541577404627378, 0.0 ], [ -75.687841294611417, 4.54163700921548, 0.0 ], [ -75.687528624209548, 4.541705974587044, 0.0 ], [ -75.687308255465268, 4.541771887963256, 0.0 ], [ -75.687186108196727, 4.541888553400946, 0.0 ], [ -75.687094860458686, 4.541912300424553, 0.0 ], [ -75.686666081047264, 4.541966397580728, 0.0 ], [ -75.686555916019827, 4.541969460875146, 0.0 ], [ -75.686430815768219, 4.542047267752587, 0.0 ], [ -75.686377165558895, 4.542136982103762, 0.0 ], [ -75.686305651277848, 4.542226709733443, 0.0 ], [ -75.686231191281905, 4.542265620063962, 0.0 ], [ -75.686115093617417, 4.542232816542462, 0.0 ] ] ] } },
{ "type": "Feature", "properties": { "barrio": "VILLA JIMENA I", "barrio_alt": "ROJAS PINILLA I ETAPA", "barrio_alt2": "ROJAS PINILLA I ETAPA", "vulnerabilidad": "Baja", "indice": 1.6666666666700001, "val_suelo": 1.0, "val_falla": 1.0, "val_antig": 3.0, "clas_antiguedad": "Alto", "clas_falla": null, "clas_falla_alt": null, "porcentaje_limitacion_suelo": 0.0, "area_m2": 29844.830074500002, "shape_area": 29496.368643099999 }, "geometry": { "type": "Polygon", "coordinates": [ [ [ -75.689129812920825, 4.540307511873411, 0.0 ], [ -75.688419221763667, 4.540296297570755, 0.0 ], [ -75.688351720975092, 4.540195759942427, 0.0 ], [ -75.688269009205229, 4.539976520775753, 0.0 ], [ -75.688348656580942, 4.539905187351475, 0.0 ], [ -75.688642492940744, 4.539726115365681, 0.0 ], [ -75.68889302057849, 4.539503562983855, 0.0 ], [ -75.689326499093539, 4.539319561867424, 0.0 ], [ -75.689586564950446, 4.539242035201176, 0.0 ], [ -75.689673279990529, 4.539174294277738, 0.0 ], [ -75.689812946696264, 4.539130689968624, 0.0 ], [ -75.689781389788223, 4.539126582206849, 0.0 ], [ -75.69000771079503, 4.539111925717171, 0.0 ], [ -75.69018108658706, 4.539063463797965, 0.0 ], [ -75.690379731327397, 4.539054866334547, 0.0 ], [ -75.690435842969578, 4.539241809585576, 0.0 ], [ -75.690396971999888, 4.539312567799634, 0.0 ], [ -75.690377807834324, 4.539395878356983, 0.0 ], [ -75.69039647164162, 4.539505955722688, 0.0 ], [ -75.690454268562945, 4.539657079823593, 0.0 ], [ -75.690641770487261, 4.539898019336169, 0.0 ], [ -75.690675093638362, 4.539965946903551, 0.0 ], [ -75.690674567609236, 4.540130976802344, 0.0 ], [ -75.690725468565276, 4.540216469413887, 0.0 ], [ -75.690741037737496, 4.54032184006983, 0.0 ], [ -75.690746254289365, 4.540462206973233, 0.0 ], [ -75.690770891656484, 4.540466531243682, 0.0 ], [ -75.690752346324089, 4.54051699735772, 0.0 ], [ -75.689501867454041, 4.540475997317875, 0.0 ], [ -75.689155332412554, 4.540480133700686, 0.0 ], [ -75.689155448492073, 4.540295798327041, 0.0 ], [ -75.689129812920825, 4.540307511873411, 0.0 ] ] ] } },
{ "type": "Feature", "properties": { "barrio": "JARDIN DE LA AMERICAS", "barrio_alt": "EL JUBILEO", "barrio_alt2": "EL JUBILEO", "vulnerabilidad": "Muy baja", "indice": 1.3333333333299999, "val_suelo": 1.0, "val_falla": 1.0, "val_antig": 2.0, "clas_antiguedad": "Media", "clas_falla": null, "clas_falla_alt": null, "porcentaje_limitacion_suelo": 0.0, "area_m2": 55235.791473099998, "shape_area": 15358.6758023 }, "geometry": { "type": "Polygon", "coordinates": [ [ [ -75.682100355942907, 4.543761757382326, 0.0 ], [ -75.681984526061328, 4.543596861332681, 0.0 ], [ -75.681963254304833, 4.543548985161292, 0.0 ], [ -75.681976045823617, 4.543407220294725, 0.0 ], [ -75.682007549676669, 4.543254845419397, 0.0 ], [ -75.682185383632799, 4.542676223452976, 0.0 ], [ -75.682191310629264, 4.542590266826213, 0.0 ], [ -75.682164840989117, 4.542492698956946, 0.0 ], [ -75.682241346997117, 4.5424680734278, 0.0 ], [ -75.682934890830566, 4.542841370440038, 0.0 ], [ -75.68294129447392, 4.542828782096692, 0.0 ], [ -75.683008831091271, 4.542889317975708, 0.0 ], [ -75.68354019049896, 4.543197552410811, 0.0 ], [ -75.683540141400798, 4.543273158285746, 0.0 ], [ -75.683565744624772, 4.543357569855199, 0.0 ], [ -75.683367965184743, 4.543695160310544, 0.0 ], [ -75.683287812499103, 4.543655753981562, 0.0 ], [ -75.682907311797706, 4.543536995261904, 0.0 ], [ -75.682495460954144, 4.543662548866219, 0.0 ], [ -75.682323276102494, 4.543737997684928, 0.0 ], [ -75.68232516886863, 4.543727535287974, 0.0 ], [ -75.682260731020506, 4.543739557784114, 0.0 ], [ -75.682176846589684, 4.543768268254018, 0.0 ], [ -75.682121544802385, 4.543770647557355, 0.0 ], [ -75.682100355942907, 4.543761757382326, 0.0 ] ] ] } },
{ "type": "Feature", "properties": { "barrio": "VILLA JARDIN", "barrio_alt": "JARDIN DE LA AMERICAS", "barrio_alt2": "JARDIN DE LA AMERICAS", "vulnerabilidad": "Muy baja", "indice": 1.0, "val_suelo": 1.0, "val_falla": 1.0, "val_antig": 1.0, "clas_antiguedad": null, "clas_falla": null, "clas_falla_alt": null, "porcentaje_limitacion_suelo": 0.0, "area_m2": 15349.660143700001, "shape_area": 10001.8226108 }, "geometry": { "type": "Polygon", "coordinates": [ [ [ -75.682934890830566, 4.542841370440038, 0.0 ], [ -75.682242726265955, 4.542468815942207, 0.0 ], [ -75.682276589119155, 4.542333150937759, 0.0 ], [ -75.682648560763411, 4.541646209836641, 0.0 ], [ -75.682673941549083, 4.541569893928309, 0.0 ], [ -75.682745701539346, 4.54159104007929, 0.0 ], [ -75.683328137729987, 4.541895845899606, 0.0 ], [ -75.683357619223273, 4.542010274715787, 0.0 ], [ -75.682934890830566, 4.542841370440038, 0.0 ] ] ] } },
{ "type": "Feature", "properties": { "barrio": "LA IRLANDA", "barrio_alt": "LOS CAMBULOS", "barrio_alt2": "LOS CAMBULOS", "vulnerabilidad": "Muy baja", "indice": 1.3333333333299999, "val_suelo": 1.0, "val_falla": 1.0, "val_antig": 2.0, "clas_antiguedad": "Media", "clas_falla": null, "clas_falla_alt": null, "porcentaje_limitacion_suelo": 0.0, "area_m2": 37841.815527699997, "shape_area": 33124.269601799999 }, "geometry": { "type": "Polygon", "coordinates": [ [ [ -75.686649317809994, 4.543248077766128, 0.0 ], [ -75.686071124511187, 4.542905123025563, 0.0 ], [ -75.686644173431588, 4.541967007241999, 0.0 ], [ -75.687094860458686, 4.541912300424553, 0.0 ], [ -75.687186108196727, 4.541888553400946, 0.0 ], [ -75.687308255465268, 4.541771887963256, 0.0 ], [ -75.687528624209548, 4.541705974587044, 0.0 ], [ -75.687841294611417, 4.54163700921548, 0.0 ], [ -75.688104409770418, 4.541605341548026, 0.0 ], [ -75.688029114190542, 4.542106305174337, 0.0 ], [ -75.688012852431598, 4.542508134109644, 0.0 ], [ -75.687994721764298, 4.542699010748051, 0.0 ], [ -75.687916506934812, 4.54297029060389, 0.0 ], [ -75.687935051801944, 4.543884223409494, 0.0 ], [ -75.687770402844492, 4.543871618070626, 0.0 ], [ -75.687053004631395, 4.543338009870458, 0.0 ], [ -75.686871516131831, 4.543249117550325, 0.0 ], [ -75.686727984940049, 4.543223780950219, 0.0 ], [ -75.686649317809994, 4.543248077766128, 0.0 ] ] ] } },
{ "type": "Feature", "properties": { "barrio": "AMERICAS", "barrio_alt": "CLARITA", "barrio_alt2": "CLARITA", "vulnerabilidad": "Baja", "indice": 1.6666666666700001, "val_suelo": 1.0, "val_falla": 1.0, "val_antig": 3.0, "clas_antiguedad": "Alto", "clas_falla": "Baja", "clas_falla_alt": "Baja", "porcentaje_limitacion_suelo": 0.0, "area_m2": 89464.626727499999, "shape_area": 186867.29792300001 }, "geometry": { "type": "Polygon", "coordinates": [ [ [ -75.68354019049896, 4.543197552410811, 0.0 ], [ -75.683008831091271, 4.542889317975708, 0.0 ], [ -75.68294129447392, 4.542828782096692, 0.0 ], [ -75.683357619223273, 4.542010274715787, 0.0 ], [ -75.683328137729987, 4.541895845899606, 0.0 ], [ -75.682745701539346, 4.54159104007929, 0.0 ], [ -75.682673941549083, 4.541569893928309, 0.0 ], [ -75.682648560763411, 4.541646209836641, 0.0 ], [ -75.682330319252813, 4.542233922961529, 0.0 ], [ -75.681908222341519, 4.542020017502226, 0.0 ], [ -75.681811977301663, 4.541935411241884, 0.0 ], [ -75.681765119553063, 4.541865430386201, 0.0 ], [ -75.681746123553026, 4.541811715470756, 0.0 ], [ -75.68176678249084, 4.541752564250346, 0.0 ], [ -75.681550977512757, 4.541530037869327, 0.0 ], [ -75.681474963280209, 4.541508559347629, 0.0 ], [ -75.680979588336413, 4.5408373506619, 0.0 ], [ -75.68119064586233, 4.540769119548166, 0.0 ], [ -75.681264806088706, 4.54066381633152, 0.0 ], [ -75.681340533394078, 4.54061253521812, 0.0 ], [ -75.681649746067848, 4.540543769763804, 0.0 ], [ -75.681829929980225, 4.540459243092264, 0.0 ], [ -75.682043283966976, 4.540403085935946, 0.0 ], [ -75.682124412501551, 4.540334434141145, 0.0 ], [ -75.682245086954794, 4.540291332817175, 0.0 ], [ -75.682454850019496, 4.540286625821582, 0.0 ], [ -75.682640010533234, 4.540243424559165, 0.0 ], [ -75.68276845473045, 4.540233198076308, 0.0 ], [ -75.68311472039538, 4.540228591200455, 0.0 ], [ -75.683294433446349, 4.540231013985536, 0.0 ], [ -75.683571223428999, 4.540267796208422, 0.0 ], [ -75.683866795771337, 4.540348028412308, 0.0 ], [ -75.684145532337951, 4.540399391767864, 0.0 ], [ -75.684504611476584, 4.540532620238027, 0.0 ], [ -75.684789349062982, 4.540670785788492, 0.0 ], [ -75.685067930644692, 4.540787153072976, 0.0 ], [ -75.685181023939023, 4.540739668708203, 0.0 ], [ -75.685168948445579, 4.540752724772426, 0.0 ], [ -75.685381473411795, 4.540802376044799, 0.0 ], [ -75.685116532468228, 4.541624264881992, 0.0 ], [ -75.685773126816486, 4.541846841555183, 0.0 ], [ -75.68561371894819, 4.542255659739288, 0.0 ], [ -75.685592527913258, 4.542264901268977, 0.0 ], [ -75.685589535584455, 4.542277404564969, 0.0 ], [ -75.685707519358715, 4.542324719261391, 0.0 ], [ -75.685830867668273, 4.542336963074884, 0.0 ], [ -75.686022785491133, 4.542247825284806, 0.0 ], [ -75.686115093617417, 4.542232816542462, 0.0 ], [ -75.686231191281905, 4.542265620063962, 0.0 ], [ -75.686305651277848, 4.542226709733443, 0.0 ], [ -75.686377165558895, 4.542136982103762, 0.0 ], [ -75.686430815768219, 4.542047267752587, 0.0 ], [ -75.686555916019827, 4.541969460875146, 0.0 ], [ -75.686644173431588, 4.541967007241999, 0.0 ], [ -75.686071124511187, 4.542905123025563, 0.0 ], [ -75.686645345283523, 4.54324572217167, 0.0 ], [ -75.686391193528735, 4.543683532272749, 0.0 ], [ -75.686394501140242, 4.54374739904656, 0.0 ], [ -75.68676934425784, 4.543982451595113, 0.0 ], [ -75.686909967090557, 4.543982357246969, 0.0 ], [ -75.687646584104002, 4.543941520929202, 0.0 ], [ -75.687758800931164, 4.543870730203972, 0.0 ], [ -75.687917734988432, 4.543882897620896, 0.0 ], [ -75.688017951221298, 4.544682629182036, 0.0 ], [ -75.687646152712858, 4.544669055141453, 0.0 ], [ -75.687359112796443, 4.544744414793096, 0.0 ], [ -75.687134446801934, 4.544844788904111, 0.0 ], [ -75.686691285452369, 4.545152018029048, 0.0 ], [ -75.686366946636369, 4.54501443168512, 0.0 ], [ -75.685612854702541, 4.544723809901005, 0.0 ], [ -75.685269771079035, 4.544630083046749, 0.0 ], [ -75.685001483925106, 4.544649055138486, 0.0 ], [ -75.6848143473335, 4.544599070167797, 0.0 ], [ -75.684596067264096, 4.544467675911219, 0.0 ], [ -75.684365269180915, 4.544398928194302, 0.0 ], [ -75.684196789576418, 4.544442888253289, 0.0 ], [ -75.68385990121196, 4.544418059475285, 0.0 ], [ -75.683710246183153, 4.54429288202937, 0.0 ], [ -75.683647968050465, 4.544117535914402, 0.0 ], [ -75.683636994301111, 4.543968713258602, 0.0 ], [ -75.683605898950375, 4.543812137414437, 0.0 ], [ -75.683367965184743, 4.543695160310544, 0.0 ], [ -75.683565744624772, 4.543357569855199, 0.0 ], [ -75.683540141400798, 4.543273158285746, 0.0 ], [ -75.68354019049896, 4.543197552410811, 0.0 ] ] ] } },
{ "type": "Feature", "properties": { "barrio": "BLOQUES SAN JOSE DE LA SIERRA", "barrio_alt": "CLARITA", "barrio_alt2": "CLARITA", "vulnerabilidad": "Muy baja", "indice": 1.0, "val_suelo": 1.0, "val_falla": 1.0, "val_antig": 1.0, "clas_antiguedad": "Baja", "clas_falla": null, "clas_falla_alt": null, "porcentaje_limitacion_suelo": 0.0, "area_m2": 89464.626727499999, "shape_area": 7214.5726394499998 }, "geometry": { "type": "Polygon", "coordinates": [ [ [ -75.685773126816486, 4.541846841555183, 0.0 ], [ -75.685116532468228, 4.541624264881992, 0.0 ], [ -75.685381473411795, 4.540802376044799, 0.0 ], [ -75.685845293719154, 4.540898760225757, 0.0 ], [ -75.685870552678665, 4.541029876022459, 0.0 ], [ -75.685935915305947, 4.541251039211543, 0.0 ], [ -75.685897032628901, 4.541529070481788, 0.0 ], [ -75.685773126816486, 4.541846841555183, 0.0 ] ] ] } },
{ "type": "Feature", "properties": { "barrio": "QUINTAS DE JULIANA", "barrio_alt": "UNIVERSAL", "barrio_alt2": "UNIVERSAL", "vulnerabilidad": "Muy baja", "indice": 1.3333333333299999, "val_suelo": 1.0, "val_falla": 1.0, "val_antig": 2.0, "clas_antiguedad": "Media", "clas_falla": null, "clas_falla_alt": null, "porcentaje_limitacion_suelo": 0.0, "area_m2": 102281.97526599999, "shape_area": 36109.007169899996 }, "geometry": { "type": "Polygon", "coordinates": [ [ [ -75.692576595789731, 4.542054992207687, 0.0 ], [ -75.692424376470839, 4.541995648346811, 0.0 ], [ -75.692356718622747, 4.541978709906525, 0.0 ], [ -75.692327201006535, 4.541838604886979, 0.0 ], [ -75.692128674549934, 4.541435347744242, 0.0 ], [ -75.692039993608276, 4.54121885053767, 0.0 ], [ -75.691964062417568, 4.540904680687662, 0.0 ], [ -75.691941639424499, 4.54084524492465, 0.0 ], [ -75.691979463805779, 4.540822441962455, 0.0 ], [ -75.69223245098803, 4.54096874474514, 0.0 ], [ -75.692428936155935, 4.541004481544563, 0.0 ], [ -75.692717760196345, 4.540977381243748, 0.0 ], [ -75.69295004230095, 4.540905478939608, 0.0 ], [ -75.6931257885675, 4.540776819616589, 0.0 ], [ -75.69317945643256, 4.540657211260948, 0.0 ], [ -75.693441349127596, 4.540615565922637, 0.0 ], [ -75.6934451804714, 4.54063765634957, 0.0 ], [ -75.693521536519938, 4.540604758529926, 0.0 ], [ -75.693750680096073, 4.540385628233637, 0.0 ], [ -75.693821593441825, 4.540336310738635, 0.0 ], [ -75.694017898951103, 4.540314278628115, 0.0 ], [ -75.694214245238427, 4.540226554100689, 0.0 ], [ -75.69455792270243, 4.539958076081154, 0.0 ], [ -75.694645156783892, 4.539968964587122, 0.0 ], [ -75.694748737429975, 4.539996265412158, 0.0 ], [ -75.694884999724152, 4.540078286799596, 0.0 ], [ -75.695048460295297, 4.540264302293429, 0.0 ], [ -75.695102883405937, 4.540428495095147, 0.0 ], [ -75.695164321639908, 4.540499325698237, 0.0 ], [ -75.694444411789334, 4.540971249766289, 0.0 ], [ -75.693771029621132, 4.541437249099896, 0.0 ], [ -75.69356153950676, 4.541572549287157, 0.0 ], [ -75.6934118473757, 4.54175786627707, 0.0 ], [ -75.693082632970913, 4.54199336337872, 0.0 ], [ -75.69302024282841, 4.542101030348294, 0.0 ], [ -75.692985742036939, 4.542276570769847, 0.0 ], [ -75.692889424014197, 4.542284074570617, 0.0 ], [ -75.692576595789731, 4.542054992207687, 0.0 ] ] ] } },
{ "type": "Feature", "properties": { "barrio": "MONTEBLANCO I", "barrio_alt": "CLARITA", "barrio_alt2": "CLARITA", "vulnerabilidad": "Muy baja", "indice": 1.3333333333299999, "val_suelo": 1.0, "val_falla": 1.0, "val_antig": 2.0, "clas_antiguedad": "Media", "clas_falla": null, "clas_falla_alt": null, "porcentaje_limitacion_suelo": 0.0, "area_m2": 89464.626727499999, "shape_area": 73805.163627100002 }, "geometry": { "type": "Polygon", "coordinates": [ [ [ -75.687934664136321, 4.54386396969147, 0.0 ], [ -75.687916506934812, 4.54297029060389, 0.0 ], [ -75.687994721764298, 4.542699010748051, 0.0 ], [ -75.688012852431598, 4.542508134109644, 0.0 ], [ -75.688029114190542, 4.542106305174337, 0.0 ], [ -75.688104409770418, 4.541605341548026, 0.0 ], [ -75.688368781860817, 4.541577404627378, 0.0 ], [ -75.688747007105718, 4.54142469393171, 0.0 ], [ -75.688982242458692, 4.541391651932476, 0.0 ], [ -75.689274004614902, 4.541427326051108, 0.0 ], [ -75.689393137636714, 4.541367459377197, 0.0 ], [ -75.689553936162667, 4.541337456907378, 0.0 ], [ -75.689613445874144, 4.541397202820217, 0.0 ], [ -75.689693762420191, 4.541513730081691, 0.0 ], [ -75.68971454637655, 4.541606384044401, 0.0 ], [ -75.689802880177183, 4.541801767428818, 0.0 ], [ -75.689880217061074, 4.541921286385742, 0.0 ], [ -75.690207756928061, 4.541879214126275, 0.0 ], [ -75.690383462488029, 4.54181631904246, 0.0 ], [ -75.690618798948933, 4.541621854396292, 0.0 ], [ -75.690737932651558, 4.541561987543668, 0.0 ], [ -75.690997250772199, 4.541568687171632, 0.0 ], [ -75.691214632604527, 4.541517720673282, 0.0 ], [ -75.691539249542373, 4.541388960150217, 0.0 ], [ -75.691720929097698, 4.541296168430663, 0.0 ], [ -75.691762653304878, 4.541230375360195, 0.0 ], [ -75.691825307517973, 4.541024070839343, 0.0 ], [ -75.691890108518066, 4.540876310517652, 0.0 ], [ -75.691941639424499, 4.54084524492465, 0.0 ], [ -75.691964062417568, 4.540904680687662, 0.0 ], [ -75.692039993608276, 4.54121885053767, 0.0 ], [ -75.692128674549934, 4.541435347744242, 0.0 ], [ -75.692327201006535, 4.541838604886979, 0.0 ], [ -75.692356718622747, 4.541978709906525, 0.0 ], [ -75.692405539143877, 4.541990932740205, 0.0 ], [ -75.692225231462018, 4.542068618413232, 0.0 ], [ -75.691878389057138, 4.542128303052989, 0.0 ], [ -75.691653582589339, 4.542221826511804, 0.0 ], [ -75.691643478615134, 4.542208973501054, 0.0 ], [ -75.691461145755682, 4.542205361425194, 0.0 ], [ -75.691088973771897, 4.542302750445661, 0.0 ], [ -75.690742804163037, 4.542471105537839, 0.0 ], [ -75.689975996168911, 4.542882585123596, 0.0 ], [ -75.689739921593343, 4.543092165579616, 0.0 ], [ -75.689734407040362, 4.543088419016174, 0.0 ], [ -75.689452058015178, 4.543316781143312, 0.0 ], [ -75.689357115792234, 4.543382037101158, 0.0 ], [ -75.689353335992635, 4.543411494172515, 0.0 ], [ -75.688557220695003, 4.543809883659318, 0.0 ], [ -75.688014765851293, 4.543897650201838, 0.0 ], [ -75.687934664136321, 4.54386396969147, 0.0 ] ] ] } },
{ "type": "Feature", "properties": { "barrio": "MONTEBLANCO II", "barrio_alt": "LA PATRIA", "barrio_alt2": "LA PATRIA", "vulnerabilidad": "Muy baja", "indice": 1.3333333333299999, "val_suelo": 1.0, "val_falla": 1.0, "val_antig": 2.0, "clas_antiguedad": "Media", "clas_falla": "Baja", "clas_falla_alt": "Baja", "porcentaje_limitacion_suelo": 1.5625, "area_m2": 314699.98248800001, "shape_area": 24272.161578800002 }, "geometry": { "type": "Polygon", "coordinates": [ [ [ -75.692473805802109, 4.54455625668743, 0.0 ], [ -75.692395476814582, 4.544270923419425, 0.0 ], [ -75.692308874035021, 4.544299958740083, 0.0 ], [ -75.692195128531196, 4.544008743203706, 0.0 ], [ -75.692278714978258, 4.543946156578836, 0.0 ], [ -75.692026309360628, 4.543248925366432, 0.0 ], [ -75.6920612666881, 4.543213826298936, 0.0 ], [ -75.692419432899882, 4.543123696869992, 0.0 ], [ -75.692556173059643, 4.543030881079622, 0.0 ], [ -75.692730933285162, 4.543148774031105, 0.0 ], [ -75.692845373629709, 4.543253029839519, 0.0 ], [ -75.693151990968332, 4.543322411378123, 0.0 ], [ -75.693205317435925, 4.54336101529513, 0.0 ], [ -75.693237742688709, 4.543419410017133, 0.0 ], [ -75.693266105943451, 4.543501086368172, 0.0 ], [ -75.693331361613744, 4.543555216884019, 0.0 ], [ -75.693427220962676, 4.54360610584965, 0.0 ], [ -75.693612426099349, 4.543729856423757, 0.0 ], [ -75.693706614904627, 4.543757844044856, 0.0 ], [ -75.693783803340452, 4.54375981181131, 0.0 ], [ -75.693708557791837, 4.543889231201883, 0.0 ], [ -75.693658544426313, 4.544052126024392, 0.0 ], [ -75.69362105665229, 4.544139845362659, 0.0 ], [ -75.693658372720989, 4.544327735749452, 0.0 ], [ -75.693645801141869, 4.544478077117851, 0.0 ], [ -75.693608312476826, 4.54456579737597, 0.0 ], [ -75.693508426444154, 4.544666087626553, 0.0 ], [ -75.693352386108231, 4.544772680285456, 0.0 ], [ -75.693152692674929, 4.544847982770742, 0.0 ], [ -75.692909384658407, 4.544829358278703, 0.0 ], [ -75.692672421208229, 4.544641604180867, 0.0 ], [ -75.692473805802109, 4.54455625668743, 0.0 ] ] ] } },
{ "type": "Feature", "properties": { "barrio": "LOS ANDES", "barrio_alt": "MONTEBLANCO I", "barrio_alt2": "MONTEBLANCO I", "vulnerabilidad": "Baja", "indice": 1.6666666666700001, "val_suelo": 1.0, "val_falla": 1.0, "val_antig": 3.0, "clas_antiguedad": "Alto", "clas_falla": "Baja", "clas_falla_alt": "Baja", "porcentaje_limitacion_suelo": 0.0, "area_m2": 73760.967711599995, "shape_area": 47208.204240899999 }, "geometry": { "type": "Polygon", "coordinates": [ [ [ -75.69134958796181, 4.54491811671566, 0.0 ], [ -75.690965789496587, 4.544755639911478, 0.0 ], [ -75.690970999902859, 4.544480798175992, 0.0 ], [ -75.690988611196943, 4.544361451838821, 0.0 ], [ -75.690992266739059, 4.544228374597386, 0.0 ], [ -75.691012021899823, 4.544102905297054, 0.0 ], [ -75.691148121778099, 4.544116603737516, 0.0 ], [ -75.691086759624113, 4.543969497338129, 0.0 ], [ -75.691030578920873, 4.543950730486639, 0.0 ], [ -75.690953187385205, 4.543908158035623, 0.0 ], [ -75.69007367657187, 4.543308907001887, 0.0 ], [ -75.689996284221678, 4.54326633437642, 0.0 ], [ -75.689739921593343, 4.543092165579616, 0.0 ], [ -75.689975996168911, 4.542882585123596, 0.0 ], [ -75.690742804163037, 4.542471105537839, 0.0 ], [ -75.691088973771897, 4.542302750445661, 0.0 ], [ -75.691461145755682, 4.542205361425194, 0.0 ], [ -75.691643478615134, 4.542208973501054, 0.0 ], [ -75.691699250960014, 4.542279918795044, 0.0 ], [ -75.691877508928442, 4.542847665715589, 0.0 ], [ -75.692265076916343, 4.543892787638781, 0.0 ], [ -75.692278714978258, 4.543946156578836, 0.0 ], [ -75.692195128531196, 4.544008743203706, 0.0 ], [ -75.692308874035021, 4.544299958740083, 0.0 ], [ -75.692395476814582, 4.544270923419425, 0.0 ], [ -75.692473805802109, 4.54455625668743, 0.0 ], [ -75.69245411578855, 4.544547795242876, 0.0 ], [ -75.692217019814279, 4.544573012310003, 0.0 ], [ -75.69198609541975, 4.544704711615828, 0.0 ], [ -75.691786323493091, 4.544905291050435, 0.0 ], [ -75.691599130968456, 4.544943002442781, 0.0 ], [ -75.69134958796181, 4.54491811671566, 0.0 ] ] ] } },
{ "type": "Feature", "properties": { "barrio": "LOS ALMENDROS", "barrio_alt": "MONTEBLANCO I", "barrio_alt2": "MONTEBLANCO I", "vulnerabilidad": "Muy baja", "indice": 1.3333333333299999, "val_suelo": 1.0, "val_falla": 1.0, "val_antig": 2.0, "clas_antiguedad": "Media", "clas_falla": "Baja", "clas_falla_alt": "Baja", "porcentaje_limitacion_suelo": 0.0, "area_m2": 73760.967711599995, "shape_area": 9795.4258007999997 }, "geometry": { "type": "Polygon", "coordinates": [ [ [ -75.690392287156186, 4.54414777073987, 0.0 ], [ -75.689880996261167, 4.543797515434457, 0.0 ], [ -75.689703660959054, 4.543612752664149, 0.0 ], [ -75.689353899845656, 4.54340709750135, 0.0 ], [ -75.689357115792234, 4.543382037101158, 0.0 ], [ -75.689452058015178, 4.543316781143312, 0.0 ], [ -75.689734407040362, 4.543088419016174, 0.0 ], [ -75.689996284221678, 4.54326633437642, 0.0 ], [ -75.69007367657187, 4.543308907001887, 0.0 ], [ -75.690953187385205, 4.543908158035623, 0.0 ], [ -75.691030578920873, 4.543950730486639, 0.0 ], [ -75.691086759624113, 4.543969497338129, 0.0 ], [ -75.691148121778099, 4.544116603737516, 0.0 ], [ -75.691012021899823, 4.544102905297054, 0.0 ], [ -75.690997358452051, 4.544212848496169, 0.0 ], [ -75.690392287156186, 4.54414777073987, 0.0 ] ] ] } },
{ "type": "Feature", "properties": { "barrio": "VILLA DE LAS AMERICAS", "barrio_alt": "LA IRLANDA", "barrio_alt2": "LA IRLANDA", "vulnerabilidad": "Baja", "indice": 1.6666666666700001, "val_suelo": 1.0, "val_falla": 1.0, "val_antig": 3.0, "clas_antiguedad": "Alto", "clas_falla": "Baja", "clas_falla_alt": "Baja", "porcentaje_limitacion_suelo": 0.0, "area_m2": 33104.563603000002, "shape_area": 27657.359024500001 }, "geometry": { "type": "Polygon", "coordinates": [ [ [ -75.688319944801137, 4.544693653880993, 0.0 ], [ -75.688017951221298, 4.544682629182036, 0.0 ], [ -75.687917734988432, 4.543882897620896, 0.0 ], [ -75.687935051801944, 4.543884223409494, 0.0 ], [ -75.687934664136321, 4.54386396969147, 0.0 ], [ -75.688014765851293, 4.543897650201838, 0.0 ], [ -75.688557220695003, 4.543809883659318, 0.0 ], [ -75.689357679095366, 4.543409319998029, 0.0 ], [ -75.689703660959054, 4.543612752664149, 0.0 ], [ -75.689880996261167, 4.543797515434457, 0.0 ], [ -75.690392287156186, 4.54414777073987, 0.0 ], [ -75.690996173345212, 4.544212720934495, 0.0 ], [ -75.690988611196943, 4.544361451838821, 0.0 ], [ -75.690970999902859, 4.544480798175992, 0.0 ], [ -75.690965789496587, 4.544755639911478, 0.0 ], [ -75.690365472786567, 4.544511702864106, 0.0 ], [ -75.689847737502078, 4.544355458166746, 0.0 ], [ -75.68957313653442, 4.544493449497986, 0.0 ], [ -75.689398358971488, 4.544631373502902, 0.0 ], [ -75.689229903092468, 4.544637751520173, 0.0 ], [ -75.689099890444211, 4.544574112226999, 0.0 ], [ -75.688850355646423, 4.544536698109116, 0.0 ], [ -75.688613219941175, 4.544624552849492, 0.0 ], [ -75.688319944801137, 4.544693653880993, 0.0 ] ] ] } },
{ "type": "Feature", "properties": { "barrio": "LA ALDEA DE LOS COMUNEROS", "barrio_alt": "ASENTAMIENTO VAGUITA", "barrio_alt2": "ASENTAMIENTO VAGUITA", "vulnerabilidad": "Media", "indice": 2.0, "val_suelo": 1.0, "val_falla": 2.0, "val_antig": 3.0, "clas_antiguedad": "Alto", "clas_falla": "Media", "clas_falla_alt": "Media", "porcentaje_limitacion_suelo": 0.0, "area_m2": 2125.2058627500001, "shape_area": 4914.1997954999997 }, "geometry": { "type": "Polygon", "coordinates": [ [ [ -75.679185159530689, 4.54153406461949, 0.0 ], [ -75.678500731930484, 4.540927128891621, 0.0 ], [ -75.678655068388153, 4.540576615072638, 0.0 ], [ -75.678676213992787, 4.540573568467903, 0.0 ], [ -75.678784838076453, 4.540749383707134, 0.0 ], [ -75.678863339227291, 4.540797852916888, 0.0 ], [ -75.678881438592938, 4.540834231641048, 0.0 ], [ -75.678917680234264, 4.540840272501766, 0.0 ], [ -75.679041587888207, 4.540734051195035, 0.0 ], [ -75.679418892401983, 4.541131063665555, 0.0 ], [ -75.679406786721671, 4.541167462457502, 0.0 ], [ -75.679185159530689, 4.54153406461949, 0.0 ] ] ] } },
{ "type": "Feature", "properties": { "barrio": "BARRIO BOYACA", "barrio_alt": "TRES ESQUINAS", "barrio_alt2": "TRES ESQUINAS", "vulnerabilidad": "Media", "indice": 2.0, "val_suelo": 1.0, "val_falla": 2.0, "val_antig": 3.0, "clas_antiguedad": "Alto", "clas_falla": "Media", "clas_falla_alt": "Media", "porcentaje_limitacion_suelo": 0.0, "area_m2": 114547.156248, "shape_area": 133033.54229899999 }, "geometry": { "type": "Polygon", "coordinates": [ [ [ -75.68333781645488, 4.52439053242756, 0.0 ], [ -75.683401919718662, 4.523413119201542, 0.0 ], [ -75.683453331025348, 4.52320065656235, 0.0 ], [ -75.683552814655485, 4.523028995311468, 0.0 ], [ -75.683734061499152, 4.522764213751613, 0.0 ], [ -75.68382578887676, 4.522635128615486, 0.0 ], [ -75.683938669006324, 4.522502904809901, 0.0 ], [ -75.684047738293842, 4.52241145604604, 0.0 ], [ -75.684213149700057, 4.522314390239738, 0.0 ], [ -75.684734384836574, 4.522081957222008, 0.0 ], [ -75.68600018686989, 4.52167364621504, 0.0 ], [ -75.686354496176648, 4.521549495273774, 0.0 ], [ -75.686504475433679, 4.521475385158236, 0.0 ], [ -75.686686219274478, 4.521352702844279, 0.0 ], [ -75.686783073360814, 4.521308397503027, 0.0 ], [ -75.686871606650953, 4.521231901877848, 0.0 ], [ -75.687073182008263, 4.520298037006506, 0.0 ], [ -75.687525493859383, 4.520319765425888, 0.0 ], [ -75.687676586082716, 4.52047631520269, 0.0 ], [ -75.687794833228068, 4.520374416720748, 0.0 ], [ -75.687820904871529, 4.520379707128786, 0.0 ], [ -75.688383512721288, 4.520929014929308, 0.0 ], [ -75.68804653294309, 4.521225104296184, 0.0 ], [ -75.687329659349928, 4.521659952813448, 0.0 ], [ -75.687334638523168, 4.521666861134908, 0.0 ], [ -75.687241261252581, 4.52167634962332, 0.0 ], [ -75.687141945243383, 4.521747784705898, 0.0 ], [ -75.686999033166657, 4.521879315516915, 0.0 ], [ -75.686762961942733, 4.522032133609709, 0.0 ], [ -75.68660352841647, 4.52215072826388, 0.0 ], [ -75.686465993444997, 4.522297463277702, 0.0 ], [ -75.685796752434314, 4.522774011008983, 0.0 ], [ -75.685520661111724, 4.523085055947823, 0.0 ], [ -75.685575393254538, 4.523233109534611, 0.0 ], [ -75.685686906848133, 4.52372170994148, 0.0 ], [ -75.685682609334179, 4.523996703155058, 0.0 ], [ -75.685712015525226, 4.52429283805268, 0.0 ], [ -75.685853223811947, 4.524332566425829, 0.0 ], [ -75.685758711042808, 4.524379927037288, 0.0 ], [ -75.685758870717478, 4.524422986280143, 0.0 ], [ -75.685648169839183, 4.524574187275667, 0.0 ], [ -75.685578554739578, 4.524717143563478, 0.0 ], [ -75.685475503273992, 4.524848671191156, 0.0 ], [ -75.685397977546813, 4.524891868863258, 0.0 ], [ -75.685310946661133, 4.524861428169112, 0.0 ], [ -75.685322127827774, 4.524905627187554, 0.0 ], [ -75.685018012813103, 4.524767897199319, 0.0 ], [ -75.684937674810797, 4.524817015044523, 0.0 ], [ -75.684370728001923, 4.525483532998014, 0.0 ], [ -75.684303086156689, 4.525496184971083, 0.0 ], [ -75.684323673084876, 4.525925524893625, 0.0 ], [ -75.684392194382639, 4.526034854850034, 0.0 ], [ -75.684047112602869, 4.526320805105823, 0.0 ], [ -75.683925977322829, 4.526345601819039, 0.0 ], [ -75.683823074111572, 4.526343485968435, 0.0 ], [ -75.683795199888067, 4.526358562328552, 0.0 ], [ -75.683773751073787, 4.526388704333287, 0.0 ], [ -75.683527797951129, 4.526429310623022, 0.0 ], [ -75.683246964909458, 4.526399276342937, 0.0 ], [ -75.683004754951625, 4.526265910257394, 0.0 ], [ -75.682464609052346, 4.525819492762673, 0.0 ], [ -75.682410962110424, 4.52574789749256, 0.0 ], [ -75.682520539351501, 4.525672398659784, 0.0 ], [ -75.682780616708186, 4.52540312948397, 0.0 ], [ -75.683072268162888, 4.525050155558215, 0.0 ], [ -75.683142536706455, 4.52494795318492, 0.0 ], [ -75.683249686772896, 4.524732567881744, 0.0 ], [ -75.683287504582353, 4.524620443737136, 0.0 ], [ -75.68333781645488, 4.52439053242756, 0.0 ] ] ] } },
{ "type": "Feature", "properties": { "barrio": "POPULAR", "barrio_alt": "MIRAFLORES", "barrio_alt2": "MIRAFLORES", "vulnerabilidad": "Baja", "indice": 1.6666666666700001, "val_suelo": 1.0, "val_falla": 1.0, "val_antig": 3.0, "clas_antiguedad": "Alto", "clas_falla": "Baja", "clas_falla_alt": "Baja", "porcentaje_limitacion_suelo": 0.0, "area_m2": 122476.095305, "shape_area": 91521.525870099998 }, "geometry": { "type": "Polygon", "coordinates": [ [ [ -75.683265295582842, 4.531454460873928, 0.0 ], [ -75.682823215430972, 4.53146187131657, 0.0 ], [ -75.682552248000249, 4.531490661285217, 0.0 ], [ -75.682451998727615, 4.531484143024347, 0.0 ], [ -75.682408029486751, 4.530940576667712, 0.0 ], [ -75.681708819547353, 4.5306891186775, 0.0 ], [ -75.681026168632698, 4.530229013571827, 0.0 ], [ -75.681473807994934, 4.529555153301581, 0.0 ], [ -75.681579700857768, 4.529602967878039, 0.0 ], [ -75.682113501631392, 4.529974383724419, 0.0 ], [ -75.682323760270208, 4.529686345279942, 0.0 ], [ -75.68233676837022, 4.52969069518673, 0.0 ], [ -75.682424983616542, 4.529556663906194, 0.0 ], [ -75.682428367735497, 4.52951844614622, 0.0 ], [ -75.682574334135367, 4.529543580983674, 0.0 ], [ -75.68282583452465, 4.529641853921242, 0.0 ], [ -75.682913200573552, 4.529665748968553, 0.0 ], [ -75.682925742183699, 4.529666476256494, 0.0 ], [ -75.682929753269121, 4.529657085450555, 0.0 ], [ -75.683212521962005, 4.529711090958792, 0.0 ], [ -75.683214894572401, 4.530128194720625, 0.0 ], [ -75.683755026608665, 4.530122694802079, 0.0 ], [ -75.684310638533347, 4.530179187302144, 0.0 ], [ -75.684305612677704, 4.529301944286697, 0.0 ], [ -75.684677843404785, 4.529467051752431, 0.0 ], [ -75.685195709772003, 4.52966851273639, 0.0 ], [ -75.685430822865669, 4.529671160922705, 0.0 ], [ -75.685621761907171, 4.529690881681524, 0.0 ], [ -75.685871253141741, 4.529771798500381, 0.0 ], [ -75.686077138760467, 4.529802428743014, 0.0 ], [ -75.686289121928112, 4.529891049009119, 0.0 ], [ -75.686474628288224, 4.530023817392412, 0.0 ], [ -75.686702238287836, 4.530119936284501, 0.0 ], [ -75.686799426851664, 4.530063276106043, 0.0 ], [ -75.68697611373949, 4.530025009579218, 0.0 ], [ -75.687020169246111, 4.530194637584144, 0.0 ], [ -75.686989229673571, 4.530204645674784, 0.0 ], [ -75.686818560722401, 4.530309091451197, 0.0 ], [ -75.686697463637586, 4.530466969182202, 0.0 ], [ -75.686660172190159, 4.53046210670819, 0.0 ], [ -75.686560176316064, 4.530784314299879, 0.0 ], [ -75.686572591012066, 4.530486787539749, 0.0 ], [ -75.685875674593049, 4.530151238306994, 0.0 ], [ -75.68590157809281, 4.530783984000069, 0.0 ], [ -75.685492659628252, 4.530459571604739, 0.0 ], [ -75.685443182752053, 4.530456276788444, 0.0 ], [ -75.685396990757013, 4.530496033214171, 0.0 ], [ -75.685354085445042, 4.530578841784346, 0.0 ], [ -75.685447015012258, 4.530753239835268, 0.0 ], [ -75.685535444527929, 4.530827994065092, 0.0 ], [ -75.685582435091234, 4.530919121909173, 0.0 ], [ -75.685685287407097, 4.531020512690332, 0.0 ], [ -75.685685697678451, 4.531060869699744, 0.0 ], [ -75.685601042219673, 4.531197018731999, 0.0 ], [ -75.685627466102289, 4.531211698944631, 0.0 ], [ -75.685612186899434, 4.531238319427711, 0.0 ], [ -75.685624907975992, 4.531249833091257, 0.0 ], [ -75.685598358922817, 4.531271759176951, 0.0 ], [ -75.685519593490184, 4.531297719851561, 0.0 ], [ -75.68537350397375, 4.531370536406837, 0.0 ], [ -75.685327477530336, 4.531411710700858, 0.0 ], [ -75.6851861528108, 4.531445560384498, 0.0 ], [ -75.685175918135528, 4.53143284231269, 0.0 ], [ -75.685085110994663, 4.531482230059589, 0.0 ], [ -75.684935383040667, 4.531467998367559, 0.0 ], [ -75.684942424812931, 4.531632648341119, 0.0 ], [ -75.684838992414228, 4.53171503471463, 0.0 ], [ -75.684571592182394, 4.531740243905423, 0.0 ], [ -75.684550282534786, 4.531589920056287, 0.0 ], [ -75.684307868226327, 4.531561422479433, 0.0 ], [ -75.684291906341358, 4.531733070423195, 0.0 ], [ -75.684088668976372, 4.531779719123297, 0.0 ], [ -75.683921097712073, 4.531797712434502, 0.0 ], [ -75.683764235131619, 4.531790642710067, 0.0 ], [ -75.683767975093858, 4.531464912270518, 0.0 ], [ -75.683265295582842, 4.531454460873928, 0.0 ] ] ] } },
{ "type": "Feature", "properties": { "barrio": "PALMARES DEL RECREO", "barrio_alt": "LAS MARGARITAS", "barrio_alt2": "LAS MARGARITAS", "vulnerabilidad": "Muy baja", "indice": 1.3333333333299999, "val_suelo": 1.0, "val_falla": 1.0, "val_antig": 2.0, "clas_antiguedad": "Media", "clas_falla": "Baja", "clas_falla_alt": "Baja", "porcentaje_limitacion_suelo": 0.0, "area_m2": 15773.6963127, "shape_area": 25168.8685195 }, "geometry": { "type": "Polygon", "coordinates": [ [ [ -75.683308859566125, 4.535436686438183, 0.0 ], [ -75.683182321680107, 4.535092476117829, 0.0 ], [ -75.683185537693277, 4.535038059314846, 0.0 ], [ -75.68327179209642, 4.534727518231532, 0.0 ], [ -75.683375651387777, 4.534446600723976, 0.0 ], [ -75.684105867681055, 4.534212500766541, 0.0 ], [ -75.684344918873521, 4.534317989309732, 0.0 ], [ -75.684513890758495, 4.534314687483346, 0.0 ], [ -75.68466377648285, 4.534240976944088, 0.0 ], [ -75.68484556695249, 4.534122434331703, 0.0 ], [ -75.684864032721478, 4.534087091446146, 0.0 ], [ -75.685112988089784, 4.534253370872929, 0.0 ], [ -75.685575714015272, 4.534422727566067, 0.0 ], [ -75.685173595918528, 4.534746418827986, 0.0 ], [ -75.68507144670636, 4.53497694629375, 0.0 ], [ -75.685020398832279, 4.53504739622886, 0.0 ], [ -75.684956616904046, 4.535079444348649, 0.0 ], [ -75.684676030916364, 4.53513082587512, 0.0 ], [ -75.684542107821386, 4.53516931503692, 0.0 ], [ -75.684334800194222, 4.535307077857859, 0.0 ], [ -75.684204029467864, 4.535406384231867, 0.0 ], [ -75.683618504928972, 4.535614802419402, 0.0 ], [ -75.683533988097153, 4.535355696023859, 0.0 ], [ -75.683308859566125, 4.535436686438183, 0.0 ] ] ] } },
{ "type": "Feature", "properties": { "barrio": "SECTOR LA ESTACION", "barrio_alt": "ASENTAMIENTO MIRAFLOREZ", "barrio_alt2": "ASENTAMIENTO MIRAFLOREZ", "vulnerabilidad": "Alta", "indice": 2.3333333333300001, "val_suelo": 1.0, "val_falla": 3.0, "val_antig": 3.0, "clas_antiguedad": "Alto", "clas_falla": "Alta", "clas_falla_alt": "Alta", "porcentaje_limitacion_suelo": 0.0, "area_m2": 52248.273832500003, "shape_area": 40604.087406099999 }, "geometry": { "type": "Polygon", "coordinates": [ [ [ -75.679692172825895, 4.533925034815469, 0.0 ], [ -75.679180734150322, 4.533402438043134, 0.0 ], [ -75.67902242245853, 4.533334361893419, 0.0 ], [ -75.678824514158094, 4.533306040134408, 0.0 ], [ -75.678999931510774, 4.53292559353939, 0.0 ], [ -75.68117696863392, 4.532197109002026, 0.0 ], [ -75.681443990096952, 4.532242843243456, 0.0 ], [ -75.682436734827689, 4.532121330516929, 0.0 ], [ -75.682436658296211, 4.532127934893192, 0.0 ], [ -75.682679073104694, 4.532156433030086, 0.0 ], [ -75.682688549589514, 4.532460770000485, 0.0 ], [ -75.681958183966898, 4.532515151058773, 0.0 ], [ -75.681726354274275, 4.532690675901602, 0.0 ], [ -75.681642024180775, 4.532831786143728, 0.0 ], [ -75.68167158426975, 4.533009673217657, 0.0 ], [ -75.681639564496649, 4.533190205587148, 0.0 ], [ -75.681873511643104, 4.533054327203412, 0.0 ], [ -75.68199617971662, 4.533060075948979, 0.0 ], [ -75.681350627970616, 4.5336415780554, 0.0 ], [ -75.681275945256971, 4.533570765392542, 0.0 ], [ -75.681153535646899, 4.533493719372188, 0.0 ], [ -75.680999989708653, 4.533443767686269, 0.0 ], [ -75.680369115800843, 4.533539817565702, 0.0 ], [ -75.680230065285841, 4.533587783125837, 0.0 ], [ -75.68007857097777, 4.533614919398184, 0.0 ], [ -75.679692172825895, 4.533925034815469, 0.0 ] ] ] } },
{ "type": "Feature", "properties": { "barrio": "RECREO", "barrio_alt": "LAS MARGARITAS", "barrio_alt2": "LAS MARGARITAS", "vulnerabilidad": "Media", "indice": 2.0, "val_suelo": 1.0, "val_falla": 2.0, "val_antig": 3.0, "clas_antiguedad": "Alto", "clas_falla": "Media", "clas_falla_alt": "Media", "porcentaje_limitacion_suelo": 0.0, "area_m2": 15773.6963127, "shape_area": 174926.498223 }, "geometry": { "type": "Polygon", "coordinates": [ [ [ -75.681037484049014, 4.537539191349268, 0.0 ], [ -75.681015051008302, 4.537441386727293, 0.0 ], [ -75.681012022168034, 4.537127013953083, 0.0 ], [ -75.681024095600563, 4.537016238991766, 0.0 ], [ -75.680979317135225, 4.536860441126661, 0.0 ], [ -75.680979189657464, 4.536710942154976, 0.0 ], [ -75.680959393031344, 4.536550514883023, 0.0 ], [ -75.680924091788114, 4.536456252220866, 0.0 ], [ -75.680840880699463, 4.5363907013014, 0.0 ], [ -75.680766292001906, 4.536312768063852, 0.0 ], [ -75.68069525523768, 4.536212816076663, 0.0 ], [ -75.680610969762029, 4.536063601777292, 0.0 ], [ -75.680580457941943, 4.535894479297873, 0.0 ], [ -75.680585987961138, 4.535780602415134, 0.0 ], [ -75.68060833926954, 4.535659031926622, 0.0 ], [ -75.680668834514492, 4.535542282959831, 0.0 ], [ -75.680749364195435, 4.535452705880154, 0.0 ], [ -75.68096198323488, 4.535299192523345, 0.0 ], [ -75.681060856239625, 4.535233574272024, 0.0 ], [ -75.681198772678542, 4.535176819806264, 0.0 ], [ -75.681308228696054, 4.535149961402533, 0.0 ], [ -75.681518965100665, 4.535056616915313, 0.0 ], [ -75.681626035077343, 4.534995687320646, 0.0 ], [ -75.681737218690245, 4.534973664555476, 0.0 ], [ -75.6819826443446, 4.534875470113017, 0.0 ], [ -75.682120407150379, 4.534761774465486, 0.0 ], [ -75.68235691085134, 4.534714185738586, 0.0 ], [ -75.682640743282235, 4.53459059736375, 0.0 ], [ -75.683049896962018, 4.534502569400286, 0.0 ], [ -75.68312423672046, 4.534457495490209, 0.0 ], [ -75.683199956561182, 4.534348244243286, 0.0 ], [ -75.68321653245043, 4.534293627695657, 0.0 ], [ -75.683159818174857, 4.534189182082562, 0.0 ], [ -75.683327786902737, 4.534030029637343, 0.0 ], [ -75.683467355324979, 4.533923124788242, 0.0 ], [ -75.683883641663883, 4.533742495408746, 0.0 ], [ -75.684000234813809, 4.533721787612169, 0.0 ], [ -75.684170121950004, 4.533741924550265, 0.0 ], [ -75.684507753984022, 4.533840502976303, 0.0 ], [ -75.68469216590951, 4.533954389886908, 0.0 ], [ -75.684864032721478, 4.534087091446146, 0.0 ], [ -75.68484556695249, 4.534122434331703, 0.0 ], [ -75.68466377648285, 4.534240976944088, 0.0 ], [ -75.684513890758495, 4.534314687483346, 0.0 ], [ -75.684344918873521, 4.534317989309732, 0.0 ], [ -75.684105867681055, 4.534212500766541, 0.0 ], [ -75.683375651387777, 4.534446600723976, 0.0 ], [ -75.68327179209642, 4.534727518231532, 0.0 ], [ -75.683185537693277, 4.535038059314846, 0.0 ], [ -75.683182321680107, 4.535092476117829, 0.0 ], [ -75.683308859566125, 4.535436686438183, 0.0 ], [ -75.683533988097153, 4.535355696023859, 0.0 ], [ -75.683618504928972, 4.535614802419402, 0.0 ], [ -75.684204029467864, 4.535406384231867, 0.0 ], [ -75.684334800194222, 4.535307077857859, 0.0 ], [ -75.684542107821386, 4.53516931503692, 0.0 ], [ -75.684676030916364, 4.53513082587512, 0.0 ], [ -75.684956616904046, 4.535079444348649, 0.0 ], [ -75.685020398832279, 4.53504739622886, 0.0 ], [ -75.68507144670636, 4.53497694629375, 0.0 ], [ -75.685173595918528, 4.534746418827986, 0.0 ], [ -75.685575714015272, 4.534422727566067, 0.0 ], [ -75.685694519061158, 4.535141927887012, 0.0 ], [ -75.68571064654644, 4.535158119030529, 0.0 ], [ -75.685734124757985, 4.53515669454895, 0.0 ], [ -75.685749332079823, 4.535214944544444, 0.0 ], [ -75.685750544000527, 4.535376605587002, 0.0 ], [ -75.685638606868565, 4.535401083521683, 0.0 ], [ -75.685476918821109, 4.535624130152369, 0.0 ], [ -75.68519850461044, 4.535946514228953, 0.0 ], [ -75.685097872768523, 4.536210016746391, 0.0 ], [ -75.68482752767072, 4.536397736265316, 0.0 ], [ -75.68472990075567, 4.536609023342243, 0.0 ], [ -75.684586133242505, 4.536758519549664, 0.0 ], [ -75.685043933008984, 4.537419257274637, 0.0 ], [ -75.685248929111424, 4.537815801719428, 0.0 ], [ -75.685325535129209, 4.538144857762611, 0.0 ], [ -75.68509523373892, 4.538224393886011, 0.0 ], [ -75.685048747453322, 4.538265278126818, 0.0 ], [ -75.684970278527814, 4.538312405494718, 0.0 ], [ -75.684867935674831, 4.538335833519739, 0.0 ], [ -75.68474306874738, 4.538350036411238, 0.0 ], [ -75.684658113811366, 4.538400147770422, 0.0 ], [ -75.684588383613459, 4.538414259249629, 0.0 ], [ -75.684513066370215, 4.538399155476892, 0.0 ], [ -75.684380181308697, 4.538335751122608, 0.0 ], [ -75.684208465976866, 4.538289261405406, 0.0 ], [ -75.68409251771395, 4.538215544708656, 0.0 ], [ -75.683991523681101, 4.538093798015234, 0.0 ], [ -75.683937558727024, 4.538061416937461, 0.0 ], [ -75.683908638792246, 4.538055176346326, 0.0 ], [ -75.683712061060788, 4.53812555059443, 0.0 ], [ -75.683653412183247, 4.538162546535239, 0.0 ], [ -75.683546925127231, 4.538252004442726, 0.0 ], [ -75.683484312556089, 4.538286105899981, 0.0 ], [ -75.683439086481854, 4.5382967792817, 0.0 ], [ -75.683334130147585, 4.538278057368846, 0.0 ], [ -75.683255930064021, 4.538218813069875, 0.0 ], [ -75.683151026845252, 4.538195692718578, 0.0 ], [ -75.682796375185674, 4.538244688385299, 0.0 ], [ -75.68260358009627, 4.538247585375843, 0.0 ], [ -75.682401954660918, 4.538210954806817, 0.0 ], [ -75.682351683908607, 4.538214120670668, 0.0 ], [ -75.6822988902357, 4.538202272398914, 0.0 ], [ -75.68227483613326, 4.538185629707006, 0.0 ], [ -75.682188887211765, 4.53807184283098, 0.0 ], [ -75.682123931025671, 4.538046336175133, 0.0 ], [ -75.682005011038044, 4.538034126316084, 0.0 ], [ -75.68195365817293, 4.538006267327106, 0.0 ], [ -75.681771403872887, 4.537990350420054, 0.0 ], [ -75.681471309293244, 4.537933821421034, 0.0 ], [ -75.681276081121425, 4.537948748232497, 0.0 ], [ -75.681142903047899, 4.537945538630586, 0.0 ], [ -75.681137544262768, 4.537670172637736, 0.0 ], [ -75.681072529963188, 4.53762208465361, 0.0 ], [ -75.681037484049014, 4.537539191349268, 0.0 ] ] ] } },
{ "type": "Feature", "properties": { "barrio": "BERLIN", "barrio_alt": "SECTOR PARQUE VALENCIA", "barrio_alt2": "SECTOR PARQUE VALENCIA", "vulnerabilidad": "Media", "indice": 2.0, "val_suelo": 1.0, "val_falla": 3.0, "val_antig": 2.0, "clas_antiguedad": "Media", "clas_falla": "Alta", "clas_falla_alt": "Alta", "porcentaje_limitacion_suelo": 0.0, "area_m2": 138144.70136000001, "shape_area": 93720.841013700003 }, "geometry": { "type": "Polygon", "coordinates": [ [ [ -75.678422405478301, 4.535870307944302, 0.0 ], [ -75.678155100708494, 4.53571549386858, 0.0 ], [ -75.678047185061331, 4.53563100379782, 0.0 ], [ -75.677789051356925, 4.53539435209363, 0.0 ], [ -75.677367147577044, 4.534921244924052, 0.0 ], [ -75.677538908575471, 4.534707870904609, 0.0 ], [ -75.678204333429235, 4.533970897380725, 0.0 ], [ -75.678111774061961, 4.533673166098325, 0.0 ], [ -75.678123618290414, 4.533655003098044, 0.0 ], [ -75.678412377174496, 4.533548548734633, 0.0 ], [ -75.678476779987164, 4.53348975960005, 0.0 ], [ -75.678516694391632, 4.533478540436904, 0.0 ], [ -75.678608684853231, 4.533503307339876, 0.0 ], [ -75.678787725583732, 4.533439933199351, 0.0 ], [ -75.679010955082759, 4.533398306566152, 0.0 ], [ -75.679106257562538, 4.533370411754525, 0.0 ], [ -75.679180734150322, 4.533402438043134, 0.0 ], [ -75.679692172825895, 4.533925034815469, 0.0 ], [ -75.68007857097777, 4.533614919398184, 0.0 ], [ -75.680230065285841, 4.533587783125837, 0.0 ], [ -75.680369115800843, 4.533539817565702, 0.0 ], [ -75.680999989708653, 4.533443767686269, 0.0 ], [ -75.681153535646899, 4.533493719372188, 0.0 ], [ -75.681275945256971, 4.533570765392542, 0.0 ], [ -75.681350627970616, 4.5336415780554, 0.0 ], [ -75.681362329946623, 4.533631038542031, 0.0 ], [ -75.681713032045209, 4.534071725412455, 0.0 ], [ -75.68187742831519, 4.534446207200145, 0.0 ], [ -75.6817446275588, 4.534194474917548, 0.0 ], [ -75.681703841755265, 4.534243918977192, 0.0 ], [ -75.681583323233937, 4.534307603410864, 0.0 ], [ -75.681749814583299, 4.534674411996479, 0.0 ], [ -75.681387227758023, 4.534812603019706, 0.0 ], [ -75.681209064488868, 4.534914958226964, 0.0 ], [ -75.681078555488284, 4.534977232403281, 0.0 ], [ -75.680942306761267, 4.535072137049669, 0.0 ], [ -75.680816993070906, 4.535185480789396, 0.0 ], [ -75.680649002414683, 4.535380231166106, 0.0 ], [ -75.680383976079568, 4.535650308809657, 0.0 ], [ -75.680263392497707, 4.535722108242569, 0.0 ], [ -75.680153694089952, 4.535774159788576, 0.0 ], [ -75.679951813389536, 4.535901428324602, 0.0 ], [ -75.679865151104849, 4.535934269040964, 0.0 ], [ -75.679760900284165, 4.535940696285643, 0.0 ], [ -75.679516320222902, 4.535896681489698, 0.0 ], [ -75.679393155107093, 4.535889725719614, 0.0 ], [ -75.679266352451762, 4.535864976301479, 0.0 ], [ -75.679169773716197, 4.535816791845345, 0.0 ], [ -75.67906707762846, 4.535748433534934, 0.0 ], [ -75.678941928505566, 4.53572527174404, 0.0 ], [ -75.678574360812888, 4.535861986065743, 0.0 ], [ -75.678422405478301, 4.535870307944302, 0.0 ] ] ] } },
{ "type": "Feature", "properties": { "barrio": "MONTEVIDEO CENTRAL", "barrio_alt": "LAS MARGARITAS", "barrio_alt2": "LAS MARGARITAS", "vulnerabilidad": "Media", "indice": 2.0, "val_suelo": 1.0, "val_falla": 2.0, "val_antig": 3.0, "clas_antiguedad": "Alto", "clas_falla": "Media", "clas_falla_alt": "Media", "porcentaje_limitacion_suelo": 0.0, "area_m2": 15773.6963127, "shape_area": 17028.2885728 }, "geometry": { "type": "Polygon", "coordinates": [ [ [ -75.682120407150379, 4.534761774465486, 0.0 ], [ -75.681898129129237, 4.534719132954737, 0.0 ], [ -75.681779875383171, 4.534747675796255, 0.0 ], [ -75.681583323233937, 4.534307603410864, 0.0 ], [ -75.681703841755265, 4.534243918977192, 0.0 ], [ -75.6817446275588, 4.534194474917548, 0.0 ], [ -75.681876956753356, 4.534446095042218, 0.0 ], [ -75.681990951294708, 4.534465424899537, 0.0 ], [ -75.682161237121207, 4.534422613492362, 0.0 ], [ -75.682568021367032, 4.534346458489218, 0.0 ], [ -75.682989004392596, 4.534246554450923, 0.0 ], [ -75.683081312092227, 4.534054193669783, 0.0 ], [ -75.683100262629409, 4.533973459319616, 0.0 ], [ -75.683153708310556, 4.533879440987111, 0.0 ], [ -75.68325753904287, 4.533794521743033, 0.0 ], [ -75.683301032432283, 4.533845313217366, 0.0 ], [ -75.683720170195599, 4.533629834864629, 0.0 ], [ -75.68413438484481, 4.533466187614216, 0.0 ], [ -75.68431242192068, 4.533417041339511, 0.0 ], [ -75.684472604006771, 4.533597918155754, 0.0 ], [ -75.685132554653748, 4.534016850410616, 0.0 ], [ -75.685259311997569, 4.534037832768826, 0.0 ], [ -75.685398322599212, 4.534028785826934, 0.0 ], [ -75.685768233839141, 4.533941312250106, 0.0 ], [ -75.685893458519871, 4.533863250853267, 0.0 ], [ -75.685926071051782, 4.533852486123327, 0.0 ], [ -75.686008953825421, 4.533845610658623, 0.0 ], [ -75.686133532703835, 4.533852182308914, 0.0 ], [ -75.686067316047158, 4.5344953435388, 0.0 ], [ -75.685691576312593, 4.534458291060571, 0.0 ], [ -75.685283229965677, 4.534319777160787, 0.0 ], [ -75.685112988089784, 4.534253370872929, 0.0 ], [ -75.684876566015419, 4.534096768770601, 0.0 ], [ -75.68469216590951, 4.533954389886908, 0.0 ], [ -75.684507753984022, 4.533840502976303, 0.0 ], [ -75.684146141823248, 4.533735257769965, 0.0 ], [ -75.684004257193905, 4.533721073823345, 0.0 ], [ -75.683883641663883, 4.533742495408746, 0.0 ], [ -75.683467355324979, 4.533923124788242, 0.0 ], [ -75.683327786902737, 4.534030029637343, 0.0 ], [ -75.683159818174857, 4.534189182082562, 0.0 ], [ -75.68321653245043, 4.534293627695657, 0.0 ], [ -75.683199956561182, 4.534348244243286, 0.0 ], [ -75.68312423672046, 4.534457495490209, 0.0 ], [ -75.683049896962018, 4.534502569400286, 0.0 ], [ -75.682640743282235, 4.53459059736375, 0.0 ], [ -75.68235691085134, 4.534714185738586, 0.0 ], [ -75.682120407150379, 4.534761774465486, 0.0 ] ] ] } },
{ "type": "Feature", "properties": { "barrio": null, "barrio_alt": "ASENTAMIENTO MIRAFLOREZ", "barrio_alt2": "ASENTAMIENTO MIRAFLOREZ", "vulnerabilidad": "Baja", "indice": 1.6666666666700001, "val_suelo": 1.0, "val_falla": 1.0, "val_antig": 3.0, "clas_antiguedad": "Alto", "clas_falla": "Baja", "clas_falla_alt": "Baja", "porcentaje_limitacion_suelo": 0.0, "area_m2": 52248.273832500003, "shape_area": 20943.1257033 }, "geometry": { "type": "Polygon", "coordinates": [ [ [ -75.685768233839141, 4.533941312250106, 0.0 ], [ -75.685434088539125, 4.534022272870428, 0.0 ], [ -75.685306610349073, 4.534039279547646, 0.0 ], [ -75.685232195232956, 4.534036566742239, 0.0 ], [ -75.685132554653748, 4.534016850410616, 0.0 ], [ -75.684472604006771, 4.533597918155754, 0.0 ], [ -75.68431242192068, 4.533417041339511, 0.0 ], [ -75.684305908862228, 4.533304607225872, 0.0 ], [ -75.684352798858583, 4.533420642983138, 0.0 ], [ -75.684560503120238, 4.533442817979312, 0.0 ], [ -75.68464607764966, 4.533421292506286, 0.0 ], [ -75.684699584502638, 4.533367570158653, 0.0 ], [ -75.684721013508181, 4.533295969312685, 0.0 ], [ -75.684778106258904, 4.533202871329489, 0.0 ], [ -75.684806688830818, 4.533088312395139, 0.0 ], [ -75.684910133011542, 4.532984450181276, 0.0 ], [ -75.685124053416487, 4.532962850510254, 0.0 ], [ -75.685223855124931, 4.533005747046218, 0.0 ], [ -75.685377077839448, 4.533152415857892, 0.0 ], [ -75.685476867022473, 4.533216788056807, 0.0 ], [ -75.685583802277833, 4.533252521410083, 0.0 ], [ -75.685676497076756, 4.533252468531569, 0.0 ], [ -75.685744259182968, 4.533205897481146, 0.0 ], [ -75.685861396523848, 4.533099222384028, 0.0 ], [ -75.685957726054667, 4.532966728248356, 0.0 ], [ -75.686057580839545, 4.532909399846281, 0.0 ], [ -75.686114611903051, 4.532930844107204, 0.0 ], [ -75.686221508916219, 4.53303816546844, 0.0 ], [ -75.686478164827264, 4.533102448232905, 0.0 ], [ -75.686588663497645, 4.533141758129514, 0.0 ], [ -75.686710930645575, 4.533235843846041, 0.0 ], [ -75.686844056464366, 4.533320852242213, 0.0 ], [ -75.686629520445251, 4.533762737531041, 0.0 ], [ -75.686397785054311, 4.533794137053232, 0.0 ], [ -75.6862131000956, 4.533845245029235, 0.0 ], [ -75.685926071051782, 4.533852486123327, 0.0 ], [ -75.685893458519871, 4.533863250853267, 0.0 ], [ -75.685768233839141, 4.533941312250106, 0.0 ] ] ] } },
{ "type": "Feature", "properties": { "barrio": "SALAZAR", "barrio_alt": "ASENTAMIENTO MIRAFLOREZ", "barrio_alt2": "ASENTAMIENTO MIRAFLOREZ", "vulnerabilidad": "Baja", "indice": 1.6666666666700001, "val_suelo": 1.0, "val_falla": 2.0, "val_antig": 2.0, "clas_antiguedad": "Media", "clas_falla": "Media", "clas_falla_alt": "Media", "porcentaje_limitacion_suelo": 0.0, "area_m2": 52248.273832500003, "shape_area": 31499.714913700001 }, "geometry": { "type": "Polygon", "coordinates": [ [ [ -75.68187742831519, 4.534446207200145, 0.0 ], [ -75.681713032045209, 4.534071725412455, 0.0 ], [ -75.681362329946623, 4.533631038542031, 0.0 ], [ -75.68199617971662, 4.533060075948979, 0.0 ], [ -75.681873511643104, 4.533054327203412, 0.0 ], [ -75.681639564496649, 4.533190205587148, 0.0 ], [ -75.68167158426975, 4.533009673217657, 0.0 ], [ -75.681642024180775, 4.532831786143728, 0.0 ], [ -75.681726354274275, 4.532690675901602, 0.0 ], [ -75.681836829513671, 4.532772940092012, 0.0 ], [ -75.682093473191259, 4.532858700486767, 0.0 ], [ -75.682175461839108, 4.532876551012492, 0.0 ], [ -75.682310941641106, 4.532869315148038, 0.0 ], [ -75.682400079803443, 4.532851367591314, 0.0 ], [ -75.682788671639642, 4.532869043302431, 0.0 ], [ -75.682956204826141, 4.532922639282714, 0.0 ], [ -75.683152223823825, 4.533040648690925, 0.0 ], [ -75.683188095092987, 4.533041183447803, 0.0 ], [ -75.683190704024184, 4.533240117259866, 0.0 ], [ -75.683266972377666, 4.533241649982874, 0.0 ], [ -75.683516769902127, 4.533079784157596, 0.0 ], [ -75.683601366356896, 4.533059529025897, 0.0 ], [ -75.683689983184266, 4.533059494290666, 0.0 ], [ -75.683770531601112, 4.533091816559201, 0.0 ], [ -75.683843015988572, 4.533148406373972, 0.0 ], [ -75.683887290352857, 4.533241404994841, 0.0 ], [ -75.683689877116251, 4.533350675620202, 0.0 ], [ -75.683512619208159, 4.533415452597653, 0.0 ], [ -75.683647704232982, 4.533668047290943, 0.0 ], [ -75.683301032432283, 4.533845313217366, 0.0 ], [ -75.683257657600294, 4.53379442547294, 0.0 ], [ -75.683153708310556, 4.533879440987111, 0.0 ], [ -75.683100262629409, 4.533973459319616, 0.0 ], [ -75.683081312092227, 4.534054193669783, 0.0 ], [ -75.682989004392596, 4.534246554450923, 0.0 ], [ -75.682568021367032, 4.534346458489218, 0.0 ], [ -75.682161237121207, 4.534422613492362, 0.0 ], [ -75.681990951294708, 4.534465424899537, 0.0 ], [ -75.68187742831519, 4.534446207200145, 0.0 ] ] ] } },
{ "type": "Feature", "properties": { "barrio": "8 DE MARZO", "barrio_alt": "LA MILAGROSA", "barrio_alt2": "LA MILAGROSA", "vulnerabilidad": "Baja", "indice": 1.6666666666700001, "val_suelo": 1.0, "val_falla": 1.0, "val_antig": 3.0, "clas_antiguedad": "Alto", "clas_falla": null, "clas_falla_alt": null, "porcentaje_limitacion_suelo": 0.0, "area_m2": 58273.769215300003, "shape_area": 37471.670665199999 }, "geometry": { "type": "Polygon", "coordinates": [ [ [ -75.698275145299164, 4.526606742487452, 0.0 ], [ -75.698196240994648, 4.5266003715326, 0.0 ], [ -75.698006859076713, 4.526501110617165, 0.0 ], [ -75.697837127506119, 4.526460303814634, 0.0 ], [ -75.69778089729607, 4.526453956666228, 0.0 ], [ -75.697659527555558, 4.526492543810673, 0.0 ], [ -75.697497008363143, 4.526202364939659, 0.0 ], [ -75.697482056305788, 4.525860733410044, 0.0 ], [ -75.698171865529773, 4.525083478012752, 0.0 ], [ -75.6984127439069, 4.525149901159099, 0.0 ], [ -75.699096242946808, 4.525292939287472, 0.0 ], [ -75.699108874331316, 4.525319164406733, 0.0 ], [ -75.700001832339453, 4.52610266281491, 0.0 ], [ -75.700317069883809, 4.52643035629796, 0.0 ], [ -75.700279486086743, 4.526469420944125, 0.0 ], [ -75.700199346826565, 4.526588123046098, 0.0 ], [ -75.700084170674145, 4.526684033243061, 0.0 ], [ -75.69993629849786, 4.526731788123575, 0.0 ], [ -75.699646365112685, 4.526801736138112, 0.0 ], [ -75.699595410580386, 4.526806659083871, 0.0 ], [ -75.699431960232701, 4.526799528232846, 0.0 ], [ -75.699212186888516, 4.526820547886256, 0.0 ], [ -75.699058618504552, 4.526795642807872, 0.0 ], [ -75.698983410622589, 4.526758488287798, 0.0 ], [ -75.698835909559776, 4.526588326640638, 0.0 ], [ -75.698744014940942, 4.5265033772631, 0.0 ], [ -75.698632076491336, 4.526453831630575, 0.0 ], [ -75.698580031857318, 4.526451445791159, 0.0 ], [ -75.698550302044794, 4.526461766992134, 0.0 ], [ -75.698427657433584, 4.526562733188724, 0.0 ], [ -75.698377067910698, 4.526591775352507, 0.0 ], [ -75.698275145299164, 4.526606742487452, 0.0 ] ] ] } },
{ "type": "Feature", "properties": { "barrio": null, "barrio_alt": "ZULDEMAYDA", "barrio_alt2": "ZULDEMAYDA", "vulnerabilidad": "Baja", "indice": 1.6666666666700001, "val_suelo": 1.0, "val_falla": 1.0, "val_antig": 3.0, "clas_antiguedad": "Alto", "clas_falla": null, "clas_falla_alt": null, "porcentaje_limitacion_suelo": 0.0, "area_m2": 184204.41523000001, "shape_area": 5787.9020734699998 }, "geometry": { "type": "Polygon", "coordinates": [ [ [ -75.700001832339453, 4.52610266281491, 0.0 ], [ -75.699108874331316, 4.525319164406733, 0.0 ], [ -75.699096242946808, 4.525292939287472, 0.0 ], [ -75.69978879226511, 4.525430554746094, 0.0 ], [ -75.700058285960239, 4.525447530651737, 0.0 ], [ -75.700293869740179, 4.526005274858735, 0.0 ], [ -75.700324457832494, 4.526423614411534, 0.0 ], [ -75.700317069883809, 4.52643035629796, 0.0 ], [ -75.700001832339453, 4.52610266281491, 0.0 ] ] ] } },
{ "type": "Feature", "properties": { "barrio": "SAN VICENTE DE PAUL", "barrio_alt": "ZULDEMAYDA", "barrio_alt2": "ZULDEMAYDA", "vulnerabilidad": "Baja", "indice": 1.6666666666700001, "val_suelo": 1.0, "val_falla": 1.0, "val_antig": 3.0, "clas_antiguedad": "Alto", "clas_falla": null, "clas_falla_alt": null, "porcentaje_limitacion_suelo": 0.0, "area_m2": 184204.41523000001, "shape_area": 7564.3913607000004 }, "geometry": { "type": "Polygon", "coordinates": [ [ [ -75.699133552278155, 4.525300353260487, 0.0 ], [ -75.699190972094883, 4.524974388460134, 0.0 ], [ -75.69906958479794, 4.524937879927345, 0.0 ], [ -75.699014969432625, 4.52489930684006, 0.0 ], [ -75.699375322701059, 4.52441970004969, 0.0 ], [ -75.699409714126844, 4.524433904309713, 0.0 ], [ -75.699454256390396, 4.524364811442594, 0.0 ], [ -75.699868944978519, 4.524618550297489, 0.0 ], [ -75.699893952904731, 4.524618538297016, 0.0 ], [ -75.699970980844114, 4.524694998130547, 0.0 ], [ -75.69970648580734, 4.525403549260799, 0.0 ], [ -75.699709748172126, 4.525414848407198, 0.0 ], [ -75.699133552278155, 4.525300353260487, 0.0 ] ] ] } },
{ "type": "Feature", "properties": { "barrio": "CALIMA", "barrio_alt": "LA MILAGROSA", "barrio_alt2": "LA MILAGROSA", "vulnerabilidad": "Muy baja", "indice": 1.0, "val_suelo": 1.0, "val_falla": 1.0, "val_antig": 1.0, "clas_antiguedad": "Baja", "clas_falla": null, "clas_falla_alt": null, "porcentaje_limitacion_suelo": 0.0, "area_m2": 58273.769215300003, "shape_area": 49686.514872200001 }, "geometry": { "type": "Polygon", "coordinates": [ [ [ -75.69795039646651, 4.524974491577146, 0.0 ], [ -75.697760592567249, 4.524834362970678, 0.0 ], [ -75.698642754090855, 4.523052136686589, 0.0 ], [ -75.698708114742672, 4.522882872810174, 0.0 ], [ -75.698870815171972, 4.52276364419918, 0.0 ], [ -75.699061840277778, 4.52283117474291, 0.0 ], [ -75.699218721593667, 4.523065117873591, 0.0 ], [ -75.699418465656692, 4.523160542378888, 0.0 ], [ -75.699642027415408, 4.523165215516801, 0.0 ], [ -75.699808477221339, 4.523255879596661, 0.0 ], [ -75.700103347488351, 4.523370364820298, 0.0 ], [ -75.700260276140725, 4.52348013585747, 0.0 ], [ -75.70037438844416, 4.523604254645942, 0.0 ], [ -75.700502795586118, 4.523666281336205, 0.0 ], [ -75.700664486149932, 4.523761723516197, 0.0 ], [ -75.700845134620579, 4.524038637326181, 0.0 ], [ -75.701182778182812, 4.524253394298842, 0.0 ], [ -75.701253776564229, 4.524324672820171, 0.0 ], [ -75.701034807667526, 4.524300702843065, 0.0 ], [ -75.700891726690813, 4.524295987449424, 0.0 ], [ -75.700752467173714, 4.524301274491918, 0.0 ], [ -75.700649096690938, 4.524319676164994, 0.0 ], [ -75.700398505157281, 4.524391736149897, 0.0 ], [ -75.70022818363941, 4.524461797687941, 0.0 ], [ -75.700039420260723, 4.524487146532077, 0.0 ], [ -75.699894405122365, 4.524618538416783, 0.0 ], [ -75.699868944978519, 4.524618550297489, 0.0 ], [ -75.699454256390396, 4.524364811442594, 0.0 ], [ -75.699409714126844, 4.524433904309713, 0.0 ], [ -75.699375322701059, 4.52441970004969, 0.0 ], [ -75.699014969432625, 4.52489930684006, 0.0 ], [ -75.69906958479794, 4.524937879927345, 0.0 ], [ -75.699190972094883, 4.524974388460134, 0.0 ], [ -75.699133552278155, 4.525300353260487, 0.0 ], [ -75.6984127439069, 4.525149901159099, 0.0 ], [ -75.698171865529773, 4.525083478012752, 0.0 ], [ -75.69795039646651, 4.524974491577146, 0.0 ] ] ] } },
{ "type": "Feature", "properties": { "barrio": "LOS KIOSKOS", "barrio_alt": "NUEVO AMANECER", "barrio_alt2": "NUEVO AMANECER", "vulnerabilidad": "Baja", "indice": 1.6666666666700001, "val_suelo": 1.0, "val_falla": 1.0, "val_antig": 3.0, "clas_antiguedad": "Alto", "clas_falla": null, "clas_falla_alt": null, "porcentaje_limitacion_suelo": 0.0, "area_m2": 21609.178634200001, "shape_area": 32111.516028499998 }, "geometry": { "type": "Polygon", "coordinates": [ [ [ -75.70240199296633, 4.532351260119271, 0.0 ], [ -75.70243635517744, 4.531488754219569, 0.0 ], [ -75.70250614292469, 4.530725548918565, 0.0 ], [ -75.702725616770209, 4.530774847366353, 0.0 ], [ -75.703685436422504, 4.531087766528236, 0.0 ], [ -75.703662849650954, 4.531248397811204, 0.0 ], [ -75.703650837885121, 4.531659105327277, 0.0 ], [ -75.703619933399978, 4.53201759419365, 0.0 ], [ -75.70360483971541, 4.533101874697926, 0.0 ], [ -75.703586494591548, 4.533123556180663, 0.0 ], [ -75.703513389667307, 4.533168598723684, 0.0 ], [ -75.703440900367752, 4.533166503457386, 0.0 ], [ -75.703369028143882, 4.533136551636184, 0.0 ], [ -75.703290357491937, 4.533060626129911, 0.0 ], [ -75.703207229158735, 4.532949963458845, 0.0 ], [ -75.703122656867805, 4.532798128250526, 0.0 ], [ -75.703083055782329, 4.532781596176055, 0.0 ], [ -75.703047325029644, 4.532795196484467, 0.0 ], [ -75.702958715363934, 4.532920584444681, 0.0 ], [ -75.702925543155061, 4.53300546472181, 0.0 ], [ -75.702873646899405, 4.533082080807287, 0.0 ], [ -75.702829852693043, 4.533113848076415, 0.0 ], [ -75.702727494957443, 4.533144175720945, 0.0 ], [ -75.70262712680676, 4.533140969731548, 0.0 ], [ -75.702551017566464, 4.533114072136232, 0.0 ], [ -75.702518094552943, 4.533088378841795, 0.0 ], [ -75.702431110118724, 4.532928611453619, 0.0 ], [ -75.702387044320432, 4.532866966564012, 0.0 ], [ -75.7023741129358, 4.532821449741598, 0.0 ], [ -75.702299687508813, 4.532716057363403, 0.0 ], [ -75.702386789673, 4.532537442711214, 0.0 ], [ -75.70240199296633, 4.532351260119271, 0.0 ] ] ] } },
{ "type": "Feature", "properties": { "barrio": "LA ADIELA", "barrio_alt": "LA CRISTALINA", "barrio_alt2": "LA CRISTALINA", "vulnerabilidad": "Baja", "indice": 1.6666666666700001, "val_suelo": 1.0, "val_falla": 1.0, "val_antig": 3.0, "clas_antiguedad": "Alto", "clas_falla": null, "clas_falla_alt": null, "porcentaje_limitacion_suelo": 0.0, "area_m2": 17919.130398199999, "shape_area": 177684.25810100001 }, "geometry": { "type": "MultiPolygon", "coordinates": [ [ [ [ -75.709036923950762, 4.530425143692157, 0.0 ], [ -75.709037173963551, 4.530425998872039, 0.0 ], [ -75.709037162993226, 4.530426681456821, 0.0 ], [ -75.709036923950762, 4.530425143692157, 0.0 ] ] ], [ [ [ -75.705685057918799, 4.532813658965433, 0.0 ], [ -75.70546048290764, 4.533213075654339, 0.0 ], [ -75.70533828027348, 4.533383617727866, 0.0 ], [ -75.705182240501969, 4.533274142742351, 0.0 ], [ -75.705157152695463, 4.533244751693301, 0.0 ], [ -75.705104782444138, 4.533137013515224, 0.0 ], [ -75.705000313194233, 4.532960040729242, 0.0 ], [ -75.704953582446777, 4.532913126504249, 0.0 ], [ -75.704867691457281, 4.532857270751343, 0.0 ], [ -75.704804259183959, 4.53283577725257, 0.0 ], [ -75.704726117950628, 4.532835811483927, 0.0 ], [ -75.704586017999944, 4.532853524808321, 0.0 ], [ -75.70438361245408, 4.532932985669456, 0.0 ], [ -75.704247869665011, 4.532959140769855, 0.0 ], [ -75.704120012862816, 4.532952136141886, 0.0 ], [ -75.70406645709798, 4.532937597378038, 0.0 ], [ -75.703789675409695, 4.53293057557608, 0.0 ], [ -75.703704674157464, 4.532983883070973, 0.0 ], [ -75.70360483971541, 4.533101874697926, 0.0 ], [ -75.703619933399978, 4.53201759419365, 0.0 ], [ -75.703650837885121, 4.531659105327277, 0.0 ], [ -75.703662849650954, 4.531248397811204, 0.0 ], [ -75.703685436422504, 4.531087766528236, 0.0 ], [ -75.704455226979093, 4.531324220921365, 0.0 ], [ -75.704637050338931, 4.531308351248653, 0.0 ], [ -75.704925891197547, 4.531237033118731, 0.0 ], [ -75.70514557723142, 4.531099763407106, 0.0 ], [ -75.705693952658379, 4.530684529402624, 0.0 ], [ -75.705977961289875, 4.530454715916264, 0.0 ], [ -75.7063264215343, 4.530148118240271, 0.0 ], [ -75.706510611865809, 4.52996983167166, 0.0 ], [ -75.706709748473642, 4.529739907691291, 0.0 ], [ -75.707472089157918, 4.530381018416, 0.0 ], [ -75.707508589573237, 4.530332743669975, 0.0 ], [ -75.707559003392376, 4.530306022238858, 0.0 ], [ -75.707711725700889, 4.530327235086827, 0.0 ], [ -75.707859456651164, 4.530361075147068, 0.0 ], [ -75.707936413395487, 4.53039216828873, 0.0 ], [ -75.708394024283479, 4.530520605893661, 0.0 ], [ -75.708513502521356, 4.530537777417193, 0.0 ], [ -75.708812106819309, 4.530529106158962, 0.0 ], [ -75.708902123077166, 4.530494205610538, 0.0 ], [ -75.708975949319964, 4.530433354991203, 0.0 ], [ -75.709039921893321, 4.530426830218183, 0.0 ], [ -75.709087319449907, 4.530443118462106, 0.0 ], [ -75.709237742472808, 4.530619293217885, 0.0 ], [ -75.709324917280483, 4.530683256367921, 0.0 ], [ -75.709361539387984, 4.530688012501778, 0.0 ], [ -75.70948355670005, 4.530670756945955, 0.0 ], [ -75.709800981964378, 4.530688225204972, 0.0 ], [ -75.709975391283052, 4.530756001379705, 0.0 ], [ -75.710023087251145, 4.530804263977754, 0.0 ], [ -75.710076683926559, 4.531021100693362, 0.0 ], [ -75.710088642542757, 4.531274229558763, 0.0 ], [ -75.710099014577963, 4.531317220676217, 0.0 ], [ -75.710049945232299, 4.531383904414836, 0.0 ], [ -75.710045020793828, 4.531442272643041, 0.0 ], [ -75.710091229964192, 4.531480007022947, 0.0 ], [ -75.710128583545881, 4.531528749564001, 0.0 ], [ -75.710173708423369, 4.531604996986722, 0.0 ], [ -75.710187599698358, 4.531663610093822, 0.0 ], [ -75.710183385651376, 4.531699637058914, 0.0 ], [ -75.710121741468413, 4.531795292467216, 0.0 ], [ -75.710094853870245, 4.531883394427745, 0.0 ], [ -75.71010831287829, 4.532055396277448, 0.0 ], [ -75.710098332472597, 4.532093079377541, 0.0 ], [ -75.710050756924844, 4.53210761757918, 0.0 ], [ -75.709995827988507, 4.532093907112353, 0.0 ], [ -75.709954237036229, 4.532002192019107, 0.0 ], [ -75.709879961012291, 4.531883115251919, 0.0 ], [ -75.709857275139825, 4.531862755742407, 0.0 ], [ -75.709779994152257, 4.531829301933749, 0.0 ], [ -75.709690047103251, 4.531827904664614, 0.0 ], [ -75.709659543509218, 4.531839375575251, 0.0 ], [ -75.709531169646553, 4.531938797185345, 0.0 ], [ -75.709436557393175, 4.531953662836249, 0.0 ], [ -75.70932428803458, 4.53198548926767, 0.0 ], [ -75.709258910746811, 4.532026774893016, 0.0 ], [ -75.709228860150546, 4.532086574502594, 0.0 ], [ -75.709229375053596, 4.532123948833298, 0.0 ], [ -75.709241989672194, 4.532154719917792, 0.0 ], [ -75.709276659254257, 4.532208419445665, 0.0 ], [ -75.709410963908851, 4.532356445922497, 0.0 ], [ -75.709457553058684, 4.532421912762772, 0.0 ], [ -75.709479151299632, 4.532469252645947, 0.0 ], [ -75.70949272168528, 4.532537480458111, 0.0 ], [ -75.709481859357467, 4.532604659987333, 0.0 ], [ -75.709450268866178, 4.532678614376795, 0.0 ], [ -75.709424512762979, 4.532710183979408, 0.0 ], [ -75.709363396616283, 4.532735576159205, 0.0 ], [ -75.709336874232349, 4.532740887440625, 0.0 ], [ -75.709291972341163, 4.532727159196612, 0.0 ], [ -75.709160040290882, 4.532648491036822, 0.0 ], [ -75.709004720491279, 4.532580135193199, 0.0 ], [ -75.708760331351314, 4.532548460090505, 0.0 ], [ -75.708622239308468, 4.532543990681213, 0.0 ], [ -75.708424306434296, 4.532461364394288, 0.0 ], [ -75.708371468241566, 4.53246264203622, 0.0 ], [ -75.708346036515323, 4.532474420247254, 0.0 ], [ -75.708289507983409, 4.532531181312393, 0.0 ], [ -75.708290809437543, 4.532622283852032, 0.0 ], [ -75.708326191661911, 4.532702847700844, 0.0 ], [ -75.7083685283623, 4.532765764064232, 0.0 ], [ -75.708525483933869, 4.532954474882933, 0.0 ], [ -75.708564605817259, 4.53304138814056, 0.0 ], [ -75.708576816246847, 4.53311696004552, 0.0 ], [ -75.708564597138391, 4.533237315325382, 0.0 ], [ -75.708508170505269, 4.533375338549422, 0.0 ], [ -75.708472019656554, 4.533429168261399, 0.0 ], [ -75.708397139916656, 4.533488516868194, 0.0 ], [ -75.708372482359053, 4.533493384489567, 0.0 ], [ -75.708314696699446, 4.533469517012525, 0.0 ], [ -75.708089588933021, 4.533319440751903, 0.0 ], [ -75.708022532934393, 4.533293195157076, 0.0 ], [ -75.707928196588966, 4.533239290882171, 0.0 ], [ -75.70787330394684, 4.533225933621111, 0.0 ], [ -75.707825557285361, 4.533256254981126, 0.0 ], [ -75.707779535140546, 4.533362357600471, 0.0 ], [ -75.707712638446523, 4.533457479509217, 0.0 ], [ -75.707637614246778, 4.533540228589055, 0.0 ], [ -75.707600138019998, 4.533560400725563, 0.0 ], [ -75.707565425743596, 4.533558131642545, 0.0 ], [ -75.707482621765578, 4.533516536746903, 0.0 ], [ -75.707422185482173, 4.533456054962578, 0.0 ], [ -75.707401524257733, 4.533376819888471, 0.0 ], [ -75.707383885405392, 4.533201091512791, 0.0 ], [ -75.707349052902956, 4.533117434621685, 0.0 ], [ -75.707301679433272, 4.533047689002639, 0.0 ], [ -75.70725649775099, 4.533021496868289, 0.0 ], [ -75.707221290299998, 4.53301833190541, 0.0 ], [ -75.707166731697171, 4.533032264257144, 0.0 ], [ -75.707035076271396, 4.533094673394999, 0.0 ], [ -75.706904761830657, 4.533129657273554, 0.0 ], [ -75.706823329648984, 4.533141708745628, 0.0 ], [ -75.706755967718266, 4.53312620405411, 0.0 ], [ -75.706708858827326, 4.533105976680638, 0.0 ], [ -75.706517239600217, 4.532978819702405, 0.0 ], [ -75.706333005865517, 4.532819822917784, 0.0 ], [ -75.706287164548627, 4.532745166133111, 0.0 ], [ -75.706175960237928, 4.532626914173848, 0.0 ], [ -75.706116201132573, 4.532575034221366, 0.0 ], [ -75.706071452451937, 4.532556737982492, 0.0 ], [ -75.706028433948291, 4.532551664880243, 0.0 ], [ -75.70598984840683, 4.532558921544643, 0.0 ], [ -75.705836652349447, 4.532632556141974, 0.0 ], [ -75.705781154017174, 4.532682287122822, 0.0 ], [ -75.705783747550242, 4.532708676993076, 0.0 ], [ -75.705685057918799, 4.532813658965433, 0.0 ] ] ] ] } },
{ "type": "Feature", "properties": { "barrio": "SAN NICOLAS", "barrio_alt": "URIBE", "barrio_alt2": "URIBE", "vulnerabilidad": "Media", "indice": 2.0, "val_suelo": 1.0, "val_falla": 3.0, "val_antig": 2.0, "clas_antiguedad": "Media", "clas_falla": "Alta", "clas_falla_alt": "Alta", "porcentaje_limitacion_suelo": 2.4844720496899999, "area_m2": 200135.453668, "shape_area": 72138.371161300005 }, "geometry": { "type": "Polygon", "coordinates": [ [ [ -75.679168787428168, 4.527124571383187, 0.0 ], [ -75.67918070199967, 4.527182317928759, 0.0 ], [ -75.679231953133339, 4.527305429979974, 0.0 ], [ -75.679244737905734, 4.527375159233038, 0.0 ], [ -75.679241090325675, 4.527555275551341, 0.0 ], [ -75.679258586723819, 4.527638753353727, 0.0 ], [ -75.679262101394926, 4.527750226372697, 0.0 ], [ -75.679251939739743, 4.527843201632715, 0.0 ], [ -75.679199841976882, 4.528061054669287, 0.0 ], [ -75.679187573378442, 4.528199337149315, 0.0 ], [ -75.679161870940476, 4.528258972496366, 0.0 ], [ -75.679078514988234, 4.528390073670465, 0.0 ], [ -75.679077214948904, 4.528423812341104, 0.0 ], [ -75.679095746594527, 4.528459847910142, 0.0 ], [ -75.678908948041396, 4.528602062835014, 0.0 ], [ -75.678845242675948, 4.528625349679028, 0.0 ], [ -75.678678722414816, 4.528719906352909, 0.0 ], [ -75.678218801138954, 4.529076171354455, 0.0 ], [ -75.67782342994964, 4.529435364864855, 0.0 ], [ -75.67715860084077, 4.528668963705212, 0.0 ], [ -75.67744288395771, 4.52842293411701, 0.0 ], [ -75.6775968275483, 4.528600590800005, 0.0 ], [ -75.677643819209038, 4.528557637704428, 0.0 ], [ -75.677656678285857, 4.528572167026145, 0.0 ], [ -75.677789544667547, 4.528455060660611, 0.0 ], [ -75.677795762926863, 4.528461827968932, 0.0 ], [ -75.677857647103664, 4.528438366240664, 0.0 ], [ -75.678760293728715, 4.527631067240334, 0.0 ], [ -75.678667764891316, 4.527374583891208, 0.0 ], [ -75.678585391213005, 4.527082293966004, 0.0 ], [ -75.678500565190134, 4.527072199943606, 0.0 ], [ -75.678373739433852, 4.52713375955838, 0.0 ], [ -75.67817319756378, 4.527171455877541, 0.0 ], [ -75.678128718315094, 4.526771405848783, 0.0 ], [ -75.678016398157894, 4.526611624473962, 0.0 ], [ -75.678047200422569, 4.526479738125074, 0.0 ], [ -75.678016482630355, 4.526432055477756, 0.0 ], [ -75.678022119745535, 4.526331044500534, 0.0 ], [ -75.677999783861736, 4.526286163199325, 0.0 ], [ -75.677983159436351, 4.525983148715098, 0.0 ], [ -75.678055870220319, 4.525870882426574, 0.0 ], [ -75.678131434437347, 4.52563235530898, 0.0 ], [ -75.678114691130233, 4.525581858999353, 0.0 ], [ -75.678120301356529, 4.525536964584137, 0.0 ], [ -75.678167830261017, 4.525489243423086, 0.0 ], [ -75.678003020257208, 4.525346229467615, 0.0 ], [ -75.677972431914, 4.525023580896189, 0.0 ], [ -75.677973862675103, 4.524924908916047, 0.0 ], [ -75.678193867371448, 4.524827827742647, 0.0 ], [ -75.678300992728737, 4.52480583856701, 0.0 ], [ -75.678482216848948, 4.524788642153156, 0.0 ], [ -75.678819196284536, 4.524688129750664, 0.0 ], [ -75.678955465965515, 4.524640976696745, 0.0 ], [ -75.679275120478806, 4.524504084136701, 0.0 ], [ -75.679640621793411, 4.524423335106953, 0.0 ], [ -75.679923773405008, 4.524393610268455, 0.0 ], [ -75.679930737634393, 4.524455253526955, 0.0 ], [ -75.679925441134884, 4.524504838758419, 0.0 ], [ -75.679858550125687, 4.524632747043364, 0.0 ], [ -75.67976200339605, 4.524893638422028, 0.0 ], [ -75.679741535716389, 4.524913835777891, 0.0 ], [ -75.679600554727102, 4.524991354598121, 0.0 ], [ -75.679543321229502, 4.52505770088182, 0.0 ], [ -75.679531214355038, 4.525107540089932, 0.0 ], [ -75.67954275562704, 4.525231079583569, 0.0 ], [ -75.679512585202374, 4.525317704756153, 0.0 ], [ -75.679546233931674, 4.525380460576285, 0.0 ], [ -75.679633162158126, 4.525450505403138, 0.0 ], [ -75.679669270350146, 4.525494201886235, 0.0 ], [ -75.679721938003922, 4.525581985518368, 0.0 ], [ -75.679761730933777, 4.525677402766278, 0.0 ], [ -75.679779182104809, 4.525764289902235, 0.0 ], [ -75.679778300062196, 4.525857030023132, 0.0 ], [ -75.679796202927648, 4.526043632523297, 0.0 ], [ -75.679791988315614, 4.526250576830672, 0.0 ], [ -75.679763845152749, 4.526388922608329, 0.0 ], [ -75.679738350837383, 4.526453939872658, 0.0 ], [ -75.679710458935062, 4.526492897657511, 0.0 ], [ -75.679491388552634, 4.526644324970539, 0.0 ], [ -75.679342020771131, 4.526771148656192, 0.0 ], [ -75.679245445727389, 4.526873097810594, 0.0 ], [ -75.679191428429576, 4.5269720703846, 0.0 ], [ -75.679169222299507, 4.527068700174436, 0.0 ], [ -75.679168787428168, 4.527124571383187, 0.0 ] ] ] } },
{ "type": "Feature", "properties": { "barrio": "NUEVO PLACER", "barrio_alt": "EL PLACER", "barrio_alt2": "EL PLACER", "vulnerabilidad": "Baja", "indice": 1.6666666666700001, "val_suelo": 1.0, "val_falla": 1.0, "val_antig": 3.0, "clas_antiguedad": "Alto", "clas_falla": null, "clas_falla_alt": null, "porcentaje_limitacion_suelo": 0.0, "area_m2": 143185.48136500001, "shape_area": 9365.2198785500004 }, "geometry": { "type": "Polygon", "coordinates": [ [ [ -75.694118942872279, 4.52830776577398, 0.0 ], [ -75.6939239255898, 4.52727659880953, 0.0 ], [ -75.693602043596229, 4.526719912776161, 0.0 ], [ -75.693655592719708, 4.52666018110952, 0.0 ], [ -75.693840183972185, 4.526545411179238, 0.0 ], [ -75.693899201139388, 4.526520978272202, 0.0 ], [ -75.693997253306321, 4.526498467434969, 0.0 ], [ -75.694201686216005, 4.52687830917304, 0.0 ], [ -75.694325876743989, 4.527130729480658, 0.0 ], [ -75.694522877474128, 4.528224035193534, 0.0 ], [ -75.694118942872279, 4.52830776577398, 0.0 ] ] ] } },
{ "type": "Feature", "properties": { "barrio": "25 DE MAYO", "barrio_alt": "EL PLACER", "barrio_alt2": "EL PLACER", "vulnerabilidad": "Baja", "indice": 1.6666666666700001, "val_suelo": 1.0, "val_falla": 1.0, "val_antig": 3.0, "clas_antiguedad": "Alto", "clas_falla": null, "clas_falla_alt": null, "porcentaje_limitacion_suelo": 0.0, "area_m2": 143185.48136500001, "shape_area": 33393.898994399999 }, "geometry": { "type": "Polygon", "coordinates": [ [ [ -75.694118942872279, 4.52830776577398, 0.0 ], [ -75.694522877474128, 4.528224035193534, 0.0 ], [ -75.695729963710434, 4.528000959429831, 0.0 ], [ -75.695857236032083, 4.527969611639813, 0.0 ], [ -75.696924701960512, 4.528004181429138, 0.0 ], [ -75.697199638544731, 4.527921084731267, 0.0 ], [ -75.697343419075921, 4.528279761140625, 0.0 ], [ -75.697293527445879, 4.528269162179257, 0.0 ], [ -75.697234936007604, 4.528269873587294, 0.0 ], [ -75.697173275608648, 4.528292999464287, 0.0 ], [ -75.697075539728999, 4.528353658326269, 0.0 ], [ -75.696983831052364, 4.528458722843134, 0.0 ], [ -75.696857720407777, 4.528672971058982, 0.0 ], [ -75.696749931839094, 4.528799705789821, 0.0 ], [ -75.696623349006984, 4.528897506342041, 0.0 ], [ -75.696468315632245, 4.528959760425797, 0.0 ], [ -75.696349333666916, 4.52898332712936, 0.0 ], [ -75.696192822108443, 4.529029823839157, 0.0 ], [ -75.696099058285569, 4.529088910189175, 0.0 ], [ -75.696030869604058, 4.529109915103726, 0.0 ], [ -75.695942283608673, 4.529120817531264, 0.0 ], [ -75.69580588686361, 4.529088068631168, 0.0 ], [ -75.695763634350229, 4.529089896958198, 0.0 ], [ -75.695682896988743, 4.529146414205664, 0.0 ], [ -75.695592701682529, 4.529233322638835, 0.0 ], [ -75.695500730132906, 4.529274580900776, 0.0 ], [ -75.695346566105457, 4.529234306973925, 0.0 ], [ -75.695075916833687, 4.529210490790655, 0.0 ], [ -75.694985663473332, 4.529176935852051, 0.0 ], [ -75.694563116098976, 4.529147733852591, 0.0 ], [ -75.694471048402534, 4.528877955777969, 0.0 ], [ -75.694419422606558, 4.528617278807473, 0.0 ], [ -75.694292164562995, 4.52841801696794, 0.0 ], [ -75.694214998790869, 4.52831708450115, 0.0 ], [ -75.694118942872279, 4.52830776577398, 0.0 ] ] ] } },
{ "type": "Feature", "properties": { "barrio": null, "barrio_alt": null, "barrio_alt2": null, "vulnerabilidad": "Muy baja", "indice": 1.3333333333299999, "val_suelo": 1.0, "val_falla": 1.0, "val_antig": 2.0, "clas_antiguedad": "Media", "clas_falla": null, "clas_falla_alt": null, "porcentaje_limitacion_suelo": 1.3888888888799999, "area_m2": 13846.626931500001, "shape_area": 13854.0311272 }, "geometry": { "type": "Polygon", "coordinates": [ [ [ -75.650228746917833, 4.556593517431265, 0.0 ], [ -75.649335015872339, 4.556187163425378, 0.0 ], [ -75.649817206361476, 4.555380697919769, 0.0 ], [ -75.650012852859845, 4.55511420100671, 0.0 ], [ -75.65014548639671, 4.555247370947359, 0.0 ], [ -75.650215283192651, 4.555345504734265, 0.0 ], [ -75.650473644244542, 4.555422543259509, 0.0 ], [ -75.650655190114364, 4.555492591839305, 0.0 ], [ -75.650766864770219, 4.555646802553321, 0.0 ], [ -75.650228746917833, 4.556593517431265, 0.0 ] ] ] } },
{ "type": "Feature", "properties": { "barrio": "PUERTO RICO", "barrio_alt": "ASENTAMIENTO REGIVIT BAJO", "barrio_alt2": "ASENTAMIENTO REGIVIT BAJO", "vulnerabilidad": "Muy baja", "indice": 1.0, "val_suelo": 1.0, "val_falla": 1.0, "val_antig": 1.0, "clas_antiguedad": "Baja", "clas_falla": null, "clas_falla_alt": null, "porcentaje_limitacion_suelo": 0.0, "area_m2": 169202.74355099999, "shape_area": 25030.037860199998 }, "geometry": { "type": "Polygon", "coordinates": [ [ [ -75.648743739561681, 4.563397664209249, 0.0 ], [ -75.648681881681796, 4.563388812160984, 0.0 ], [ -75.64858024673272, 4.563393282107034, 0.0 ], [ -75.648536081391967, 4.563340061404111, 0.0 ], [ -75.648553842164972, 4.563127112351966, 0.0 ], [ -75.648598070525949, 4.563029497856307, 0.0 ], [ -75.648664378885314, 4.562962930928676, 0.0 ], [ -75.648783721179285, 4.56287860105271, 0.0 ], [ -75.648920712226584, 4.562856374691206, 0.0 ], [ -75.64897375922979, 4.562803120421621, 0.0 ], [ -75.649017991810283, 4.562687760749484, 0.0 ], [ -75.649048988564303, 4.562532479017765, 0.0 ], [ -75.649057905237285, 4.562337278055566, 0.0 ], [ -75.649018151925773, 4.562297365322896, 0.0 ], [ -75.649009334045331, 4.562244133421774, 0.0 ], [ -75.649031467487788, 4.562150963626263, 0.0 ], [ -75.649062447578601, 4.562031170517032, 0.0 ], [ -75.649106676673767, 4.56192468528294, 0.0 ], [ -75.649195071075056, 4.561880293336134, 0.0 ], [ -75.649574902717021, 4.562332667989341, 0.0 ], [ -75.649654408478867, 4.562412494257233, 0.0 ], [ -75.649702960515611, 4.562550001785107, 0.0 ], [ -75.649945895232676, 4.562793916663954, 0.0 ], [ -75.649998840141222, 4.562989095045938, 0.0 ], [ -75.650109238037942, 4.563170947504009, 0.0 ], [ -75.650113556911407, 4.563414941997318, 0.0 ], [ -75.650100260882539, 4.563516980617052, 0.0 ], [ -75.650139974309496, 4.563654491754776, 0.0 ], [ -75.650135516159821, 4.563747658580481, 0.0 ], [ -75.649998568632356, 4.563663414104461, 0.0 ], [ -75.649737795668017, 4.563827645441286, 0.0 ], [ -75.649705809166832, 4.564075749387841, 0.0 ], [ -75.649654446555402, 4.564080540033775, 0.0 ], [ -75.649256117841276, 4.564200621099369, 0.0 ], [ -75.649101940357738, 4.563960750318207, 0.0 ], [ -75.648972278754144, 4.563892291852134, 0.0 ], [ -75.648849898009388, 4.563790087172935, 0.0 ], [ -75.648763365869812, 4.563626776508194, 0.0 ], [ -75.64883646578528, 4.563570646409555, 0.0 ], [ -75.648907195766455, 4.563499641281325, 0.0 ], [ -75.64883652603713, 4.563419813957609, 0.0 ], [ -75.64878351222481, 4.56339321390425, 0.0 ], [ -75.648743739561681, 4.563397664209249, 0.0 ] ] ] } },
{ "type": "Feature", "properties": { "barrio": null, "barrio_alt": null, "barrio_alt2": null, "vulnerabilidad": "Muy baja", "indice": 1.3333333333299999, "val_suelo": 1.0, "val_falla": 1.0, "val_antig": 2.0, "clas_antiguedad": "Media", "clas_falla": null, "clas_falla_alt": null, "porcentaje_limitacion_suelo": 1.3888888888799999, "area_m2": 2279.4330154899999, "shape_area": 25101.236638800001 }, "geometry": { "type": "Polygon", "coordinates": [ [ [ -75.655897523938663, 4.563187722005214, 0.0 ], [ -75.656082456155048, 4.563375695611475, 0.0 ], [ -75.656288580281455, 4.563512393159933, 0.0 ], [ -75.656422574146504, 4.563665567783922, 0.0 ], [ -75.656212787150537, 4.56383533721609, 0.0 ], [ -75.655678469886155, 4.564230230558893, 0.0 ], [ -75.655589525017447, 4.564072118138983, 0.0 ], [ -75.654597894522894, 4.562802116517249, 0.0 ], [ -75.654688338463842, 4.562696861639116, 0.0 ], [ -75.654814201057732, 4.562619615761767, 0.0 ], [ -75.654957531887447, 4.562559908371242, 0.0 ], [ -75.655226698487468, 4.562493139939077, 0.0 ], [ -75.655544738531773, 4.562580758427923, 0.0 ], [ -75.655709011259674, 4.562591230466206, 0.0 ], [ -75.655859376496622, 4.562426245093906, 0.0 ], [ -75.655999275960752, 4.562208627384859, 0.0 ], [ -75.656062220567691, 4.562131403739134, 0.0 ], [ -75.656111147060514, 4.562152441985502, 0.0 ], [ -75.656222986706851, 4.562173457901629, 0.0 ], [ -75.656355807345676, 4.562180430936977, 0.0 ], [ -75.656582983325364, 4.562225968344871, 0.0 ], [ -75.656554937651293, 4.562436530497479, 0.0 ], [ -75.656502436554845, 4.562622534693737, 0.0 ], [ -75.65627164054689, 4.562889312487493, 0.0 ], [ -75.655981455055525, 4.563075398739532, 0.0 ], [ -75.655897523938663, 4.563187722005214, 0.0 ] ] ] } },
{ "type": "Feature", "properties": { "barrio": "SAN JOSE", "barrio_alt": "EL JUBILEO", "barrio_alt2": "EL JUBILEO", "vulnerabilidad": "Baja", "indice": 1.6666666666700001, "val_suelo": 1.0, "val_falla": 1.0, "val_antig": 3.0, "clas_antiguedad": "Alto", "clas_falla": "Baja", "clas_falla_alt": "Baja", "porcentaje_limitacion_suelo": 0.0, "area_m2": 55235.791473099998, "shape_area": 218392.83005600001 }, "geometry": { "type": "Polygon", "coordinates": [ [ [ -75.681142903047899, 4.537945538630586, 0.0 ], [ -75.681084845718146, 4.538015210991123, 0.0 ], [ -75.680880562339681, 4.537988991816062, 0.0 ], [ -75.680676258699378, 4.538015370400284, 0.0 ], [ -75.680650008594085, 4.538178416149232, 0.0 ], [ -75.68059756555833, 4.538346730462818, 0.0 ], [ -75.680513700303081, 4.538494023061151, 0.0 ], [ -75.680239461879339, 4.538758182399157, 0.0 ], [ -75.68021052957917, 4.538875027535624, 0.0 ], [ -75.680248217098693, 4.539003361404284, 0.0 ], [ -75.680314364255366, 4.539101799116, 0.0 ], [ -75.680827851007294, 4.539731219986669, 0.0 ], [ -75.680949951906129, 4.539870638946063, 0.0 ], [ -75.681050350303082, 4.539944736768016, 0.0 ], [ -75.68121852458431, 4.540045734725293, 0.0 ], [ -75.681407848318855, 4.540079627551829, 0.0 ], [ -75.681667231165648, 4.540098118598057, 0.0 ], [ -75.681810952220971, 4.540083482445857, 0.0 ], [ -75.682047336362928, 4.54012280779963, 0.0 ], [ -75.682245086954794, 4.540291332817175, 0.0 ], [ -75.682124412501551, 4.540334434141145, 0.0 ], [ -75.682043283966976, 4.540403085935946, 0.0 ], [ -75.681829929980225, 4.540459243092264, 0.0 ], [ -75.681649746067848, 4.540543769763804, 0.0 ], [ -75.681340533394078, 4.54061253521812, 0.0 ], [ -75.681264806088706, 4.54066381633152, 0.0 ], [ -75.68119064586233, 4.540769119548166, 0.0 ], [ -75.680979588336413, 4.5408373506619, 0.0 ], [ -75.681474963280209, 4.541508559347629, 0.0 ], [ -75.681550977512757, 4.541530037869327, 0.0 ], [ -75.68163083214516, 4.541618796955146, 0.0 ], [ -75.681695467991972, 4.541831003911822, 0.0 ], [ -75.681691262151602, 4.542173286144828, 0.0 ], [ -75.681566618308949, 4.542159154205094, 0.0 ], [ -75.681425687789442, 4.542169422638438, 0.0 ], [ -75.681296298643019, 4.542198078989734, 0.0 ], [ -75.681095456946039, 4.542219101645822, 0.0 ], [ -75.680858714659379, 4.542271059803375, 0.0 ], [ -75.680732307093763, 4.542311854535585, 0.0 ], [ -75.680617512419175, 4.542326029623075, 0.0 ], [ -75.680427365744436, 4.542384138134576, 0.0 ], [ -75.680215027440809, 4.542372371801815, 0.0 ], [ -75.680144134561203, 4.542340913264734, 0.0 ], [ -75.680045339120937, 4.542273364781864, 0.0 ], [ -75.679988354789998, 4.542183631686235, 0.0 ], [ -75.67991523586862, 4.542121682273231, 0.0 ], [ -75.679982821838337, 4.541896137349339, 0.0 ], [ -75.679250494971697, 4.541425991644182, 0.0 ], [ -75.679406786721671, 4.541167462457502, 0.0 ], [ -75.679418892401983, 4.541131063665555, 0.0 ], [ -75.679041587888207, 4.540734051195035, 0.0 ], [ -75.678917680234264, 4.540840272501766, 0.0 ], [ -75.678881438592938, 4.540834231641048, 0.0 ], [ -75.678863339227291, 4.540797852916888, 0.0 ], [ -75.678784838076453, 4.540749383707134, 0.0 ], [ -75.678676213992787, 4.540573568467903, 0.0 ], [ -75.678655068388153, 4.540576615072638, 0.0 ], [ -75.678500731930484, 4.540927128891621, 0.0 ], [ -75.677610697274062, 4.540137862147474, 0.0 ], [ -75.67752658946857, 4.540206435238108, 0.0 ], [ -75.677455465038491, 4.540170755166848, 0.0 ], [ -75.677138376315568, 4.539967600437354, 0.0 ], [ -75.676961049605652, 4.539793166255272, 0.0 ], [ -75.67687864620197, 4.539732033628722, 0.0 ], [ -75.676783537243082, 4.539582042503182, 0.0 ], [ -75.676721391644847, 4.539421465406597, 0.0 ], [ -75.676788128899958, 4.539202840409311, 0.0 ], [ -75.676437247666783, 4.538823781894563, 0.0 ], [ -75.676922668281733, 4.53828862706704, 0.0 ], [ -75.677989608220358, 4.537372077649902, 0.0 ], [ -75.678895021515871, 4.536614989305296, 0.0 ], [ -75.678868164223672, 4.536585210991694, 0.0 ], [ -75.679027135008894, 4.536537903602815, 0.0 ], [ -75.679131528908712, 4.536453961448551, 0.0 ], [ -75.679278229838062, 4.536369756375759, 0.0 ], [ -75.679582074935354, 4.536306530127583, 0.0 ], [ -75.679959242803093, 4.536274828715172, 0.0 ], [ -75.680252578781065, 4.536295753419965, 0.0 ], [ -75.680441116695178, 4.536411384491418, 0.0 ], [ -75.680687222854644, 4.536668994462042, 0.0 ], [ -75.680922826678128, 4.537000236725915, 0.0 ], [ -75.681023307051959, 4.53702348066628, 0.0 ], [ -75.681012022168034, 4.537127013953083, 0.0 ], [ -75.681015051008302, 4.537441386727293, 0.0 ], [ -75.681037484049014, 4.537539191349268, 0.0 ], [ -75.681072529963188, 4.53762208465361, 0.0 ], [ -75.681137544262768, 4.537670172637736, 0.0 ], [ -75.681142903047899, 4.537945538630586, 0.0 ] ] ] } },
{ "type": "Feature", "properties": { "barrio": "ARCO IRIS", "barrio_alt": "VILLA ANGELA", "barrio_alt2": "VILLA ANGELA", "vulnerabilidad": "Baja", "indice": 1.6666666666700001, "val_suelo": 1.0, "val_falla": 1.0, "val_antig": 3.0, "clas_antiguedad": "Alto", "clas_falla": null, "clas_falla_alt": null, "porcentaje_limitacion_suelo": 0.0, "area_m2": 12678.514834199999, "shape_area": 56364.818079700002 }, "geometry": { "type": "Polygon", "coordinates": [ [ [ -75.697053579687179, 4.527556724871225, 0.0 ], [ -75.697302571805054, 4.527039878048116, 0.0 ], [ -75.697335037291708, 4.527053805675405, 0.0 ], [ -75.697468118289422, 4.527070960406232, 0.0 ], [ -75.697511090578686, 4.527060673879874, 0.0 ], [ -75.697526225737477, 4.527043958650917, 0.0 ], [ -75.697546908639069, 4.526992101672085, 0.0 ], [ -75.697536735002544, 4.526937269844044, 0.0 ], [ -75.697543319653676, 4.526892658927034, 0.0 ], [ -75.697590468798424, 4.526765844159168, 0.0 ], [ -75.697659527555558, 4.526492543810673, 0.0 ], [ -75.69778089729607, 4.526453956666228, 0.0 ], [ -75.697966698006766, 4.526486267917537, 0.0 ], [ -75.698052514961503, 4.526521469142774, 0.0 ], [ -75.698154389514016, 4.526584680841457, 0.0 ], [ -75.698196240994648, 4.5266003715326, 0.0 ], [ -75.698283716003871, 4.526607029620777, 0.0 ], [ -75.698358287003842, 4.526599226940331, 0.0 ], [ -75.698404926391774, 4.526578454305089, 0.0 ], [ -75.698550302044794, 4.526461766992134, 0.0 ], [ -75.698580031857318, 4.526451445791159, 0.0 ], [ -75.698645950363542, 4.526457024433516, 0.0 ], [ -75.698744014940942, 4.5265033772631, 0.0 ], [ -75.698835909559776, 4.526588326640638, 0.0 ], [ -75.698993906374312, 4.526767270708575, 0.0 ], [ -75.699076051598453, 4.52680175681709, 0.0 ], [ -75.699212186888516, 4.526820547886256, 0.0 ], [ -75.699431960232701, 4.526799528232846, 0.0 ], [ -75.699550076867965, 4.526809292802001, 0.0 ], [ -75.699646365112685, 4.526801736138112, 0.0 ], [ -75.69993629849786, 4.526731788123575, 0.0 ], [ -75.700065684214664, 4.526690954000269, 0.0 ], [ -75.700174635916227, 4.526614798587119, 0.0 ], [ -75.700279486086743, 4.526469420944125, 0.0 ], [ -75.700324457832494, 4.526423614411534, 0.0 ], [ -75.700424653893279, 4.526389374871312, 0.0 ], [ -75.700500761529867, 4.526385455425926, 0.0 ], [ -75.700565275983195, 4.526404267011508, 0.0 ], [ -75.700605817767752, 4.526440156823164, 0.0 ], [ -75.700785025645089, 4.526721301103011, 0.0 ], [ -75.700845116488622, 4.526756719160571, 0.0 ], [ -75.700905017740666, 4.526747590571212, 0.0 ], [ -75.700900498414825, 4.526833827312832, 0.0 ], [ -75.700929595936586, 4.527051778730022, 0.0 ], [ -75.700911796085308, 4.527093703983692, 0.0 ], [ -75.700811333918054, 4.527248760195722, 0.0 ], [ -75.700733462896636, 4.527316430001083, 0.0 ], [ -75.700565800442561, 4.527430260993225, 0.0 ], [ -75.700457143971363, 4.527451475229378, 0.0 ], [ -75.700404224409468, 4.527448302708046, 0.0 ], [ -75.700301133775042, 4.527420845332728, 0.0 ], [ -75.700154193167407, 4.527321489995354, 0.0 ], [ -75.700075976751748, 4.52729777637967, 0.0 ], [ -75.700014220715062, 4.527308153106388, 0.0 ], [ -75.699972428291645, 4.527326362871961, 0.0 ], [ -75.699823040398513, 4.527429630513611, 0.0 ], [ -75.699752119229771, 4.527495135362129, 0.0 ], [ -75.699660894511169, 4.527506581337205, 0.0 ], [ -75.69956494771786, 4.527477495203525, 0.0 ], [ -75.699488297350811, 4.527414063976764, 0.0 ], [ -75.6994595390765, 4.52736936362967, 0.0 ], [ -75.699422318925201, 4.527258742564439, 0.0 ], [ -75.699405317772559, 4.52722991660753, 0.0 ], [ -75.699364749461296, 4.527203162128258, 0.0 ], [ -75.699330506176651, 4.527196641718774, 0.0 ], [ -75.699285470198831, 4.527209125631797, 0.0 ], [ -75.699214156117904, 4.527241084845238, 0.0 ], [ -75.699113880096803, 4.52731286211421, 0.0 ], [ -75.699042629633382, 4.527371459489777, 0.0 ], [ -75.698985587477978, 4.527439625490255, 0.0 ], [ -75.698964671172988, 4.527505999479422, 0.0 ], [ -75.698962573536789, 4.527552754256316, 0.0 ], [ -75.698981116607555, 4.527630324763632, 0.0 ], [ -75.699024118971806, 4.527707840985543, 0.0 ], [ -75.69910646503611, 4.527820739881259, 0.0 ], [ -75.69914923419897, 4.527905808386793, 0.0 ], [ -75.699175193565509, 4.528039883419716, 0.0 ], [ -75.699167304605126, 4.528115573689869, 0.0 ], [ -75.699080796500951, 4.528277603123526, 0.0 ], [ -75.699039401961485, 4.528336081801464, 0.0 ], [ -75.699000268506666, 4.52837269780184, 0.0 ], [ -75.698852695771436, 4.528467560148429, 0.0 ], [ -75.698671489821223, 4.528514211851661, 0.0 ], [ -75.698573075527918, 4.528526689014497, 0.0 ], [ -75.698528012343175, 4.528518504895695, 0.0 ], [ -75.69841301531784, 4.528468031532943, 0.0 ], [ -75.698309405338904, 4.528403105233455, 0.0 ], [ -75.698236522188125, 4.528390218200036, 0.0 ], [ -75.698120550162628, 4.528415467133311, 0.0 ], [ -75.697967028183484, 4.528433092367886, 0.0 ], [ -75.697806488390597, 4.52847591766441, 0.0 ], [ -75.697679237441449, 4.528490131456235, 0.0 ], [ -75.697613822040537, 4.528475986983497, 0.0 ], [ -75.697476889791858, 4.528329324111668, 0.0 ], [ -75.697433014509087, 4.528305021867333, 0.0 ], [ -75.697343419075921, 4.528279761140625, 0.0 ], [ -75.697053579687179, 4.527556724871225, 0.0 ] ] ] } },
{ "type": "Feature", "properties": { "barrio": "MANUELA BELTRAN", "barrio_alt": "MIRANDA", "barrio_alt2": "MIRANDA", "vulnerabilidad": "Baja", "indice": 1.6666666666700001, "val_suelo": 1.0, "val_falla": 1.0, "val_antig": 3.0, "clas_antiguedad": "Alto", "clas_falla": null, "clas_falla_alt": null, "porcentaje_limitacion_suelo": 0.0, "area_m2": 31556.8727244, "shape_area": 38701.734482200001 }, "geometry": { "type": "Polygon", "coordinates": [ [ [ -75.694522877474128, 4.528224035193534, 0.0 ], [ -75.694325876743989, 4.527130729480658, 0.0 ], [ -75.694201686216005, 4.52687830917304, 0.0 ], [ -75.693997253306321, 4.526498467434969, 0.0 ], [ -75.694245737552805, 4.526416406264691, 0.0 ], [ -75.694354179651143, 4.526361933130165, 0.0 ], [ -75.694481750822959, 4.526273820700604, 0.0 ], [ -75.694555768022312, 4.526246538366736, 0.0 ], [ -75.69480064914022, 4.526210602989201, 0.0 ], [ -75.695192559480915, 4.526197588331435, 0.0 ], [ -75.695176059428988, 4.526433789139282, 0.0 ], [ -75.695132095720936, 4.526672458226972, 0.0 ], [ -75.695117418823401, 4.526815655292214, 0.0 ], [ -75.695132017818949, 4.526900095304733, 0.0 ], [ -75.695600026610862, 4.527109185199317, 0.0 ], [ -75.695726173066518, 4.527155028759497, 0.0 ], [ -75.696100867734728, 4.527188964703354, 0.0 ], [ -75.696243476112613, 4.527218278730309, 0.0 ], [ -75.696466518540404, 4.52729529177927, 0.0 ], [ -75.696567988583311, 4.527341920603321, 0.0 ], [ -75.696639282273495, 4.527387785983038, 0.0 ], [ -75.696650260218831, 4.527365752428612, 0.0 ], [ -75.696893430338307, 4.527400533886112, 0.0 ], [ -75.696959220809617, 4.527499638798514, 0.0 ], [ -75.696948227764381, 4.527565731718084, 0.0 ], [ -75.697053579687179, 4.527556724871225, 0.0 ], [ -75.697199638544731, 4.527921084731267, 0.0 ], [ -75.696924701960512, 4.528004181429138, 0.0 ], [ -75.695857236032083, 4.527969611639813, 0.0 ], [ -75.695729963710434, 4.528000959429831, 0.0 ], [ -75.694522877474128, 4.528224035193534, 0.0 ] ] ] } },
{ "type": "Feature", "properties": { "barrio": "MANUELA BELTRAN BAJO", "barrio_alt": "LA MILAGROSA", "barrio_alt2": "LA MILAGROSA", "vulnerabilidad": "Muy baja", "indice": 1.0, "val_suelo": 1.0, "val_falla": 1.0, "val_antig": 1.0, "clas_antiguedad": "Baja", "clas_falla": null, "clas_falla_alt": null, "porcentaje_limitacion_suelo": 0.0, "area_m2": 58273.769215300003, "shape_area": 16963.850160599999 }, "geometry": { "type": "Polygon", "coordinates": [ [ [ -75.696100867734728, 4.527188964703354, 0.0 ], [ -75.695726173066518, 4.527155028759497, 0.0 ], [ -75.695600026610862, 4.527109185199317, 0.0 ], [ -75.695132017818949, 4.526900095304733, 0.0 ], [ -75.695117418823401, 4.526815655292214, 0.0 ], [ -75.695132095720936, 4.526672458226972, 0.0 ], [ -75.695176059428988, 4.526433789139282, 0.0 ], [ -75.695192559480915, 4.526197588331435, 0.0 ], [ -75.695430820137446, 4.526188408147842, 0.0 ], [ -75.695515002813934, 4.526247651611468, 0.0 ], [ -75.695591746680037, 4.526354903884805, 0.0 ], [ -75.695623834766081, 4.526461306515862, 0.0 ], [ -75.69566382261155, 4.526533974309586, 0.0 ], [ -75.695694618133018, 4.526573501678444, 0.0 ], [ -75.695740555829445, 4.526600867462967, 0.0 ], [ -75.695815129404323, 4.526607334406133, 0.0 ], [ -75.69587586425439, 4.526593590678229, 0.0 ], [ -75.695975887939269, 4.52651531823012, 0.0 ], [ -75.696019860710095, 4.526493978879012, 0.0 ], [ -75.696088950450758, 4.526485980802796, 0.0 ], [ -75.696197130219986, 4.526495510923598, 0.0 ], [ -75.69629480674638, 4.52653923215283, 0.0 ], [ -75.696402656289962, 4.526627184481377, 0.0 ], [ -75.696510551557722, 4.526738662457306, 0.0 ], [ -75.696595174848127, 4.526789394326141, 0.0 ], [ -75.696691039516622, 4.526800199779681, 0.0 ], [ -75.696723066271105, 4.526789561784446, 0.0 ], [ -75.696785109655693, 4.52674168376436, 0.0 ], [ -75.696860369521573, 4.526718698005021, 0.0 ], [ -75.696905162724434, 4.526717493046075, 0.0 ], [ -75.696957757555097, 4.526736576378409, 0.0 ], [ -75.697012533074883, 4.5267760214043, 0.0 ], [ -75.697240729220624, 4.526993875313544, 0.0 ], [ -75.697302571805054, 4.527039878048116, 0.0 ], [ -75.697053579687179, 4.527556724871225, 0.0 ], [ -75.696948227764381, 4.527565731718084, 0.0 ], [ -75.696959220809617, 4.527499638798514, 0.0 ], [ -75.696893430338307, 4.527400533886112, 0.0 ], [ -75.696650260218831, 4.527365752428612, 0.0 ], [ -75.696639282273495, 4.527387785983038, 0.0 ], [ -75.696567988583311, 4.527341920603321, 0.0 ], [ -75.696466518540404, 4.52729529177927, 0.0 ], [ -75.696243476112613, 4.527218278730309, 0.0 ], [ -75.696100867734728, 4.527188964703354, 0.0 ] ] ] } },
{ "type": "Feature", "properties": { "barrio": null, "barrio_alt": "MONTECARLO", "barrio_alt2": "MONTECARLO", "vulnerabilidad": "Baja", "indice": 1.6666666666700001, "val_suelo": 1.0, "val_falla": 1.0, "val_antig": 3.0, "clas_antiguedad": "Alto", "clas_falla": null, "clas_falla_alt": null, "porcentaje_limitacion_suelo": 0.0, "area_m2": 6122.2207773, "shape_area": 5701.9904828500003 }, "geometry": { "type": "Polygon", "coordinates": [ [ [ -75.695576937626257, 4.530665693828104, 0.0 ], [ -75.695424316538777, 4.530363636500604, 0.0 ], [ -75.695787352222382, 4.530138362367484, 0.0 ], [ -75.695482613780015, 4.529706047084333, 0.0 ], [ -75.695820541445698, 4.529492561496687, 0.0 ], [ -75.696255945183154, 4.530113308963958, 0.0 ], [ -75.695940448898895, 4.530400785529432, 0.0 ], [ -75.695744179971584, 4.530566087945261, 0.0 ], [ -75.695576937626257, 4.530665693828104, 0.0 ] ] ] } },
{ "type": "Feature", "properties": { "barrio": "CASA BLANCA", "barrio_alt": "EL PLACER", "barrio_alt2": "EL PLACER", "vulnerabilidad": "Muy baja", "indice": 1.0, "val_suelo": 1.0, "val_falla": 1.0, "val_antig": 1.0, "clas_antiguedad": "Baja", "clas_falla": null, "clas_falla_alt": null, "porcentaje_limitacion_suelo": 0.0, "area_m2": 143185.48136500001, "shape_area": 22289.120322800001 }, "geometry": { "type": "Polygon", "coordinates": [ [ [ -75.694506571947727, 4.531030095227838, 0.0 ], [ -75.694160108837167, 4.529944446032624, 0.0 ], [ -75.694269184384467, 4.52988139810768, 0.0 ], [ -75.694589317983812, 4.529738312769965, 0.0 ], [ -75.694700974895099, 4.529666414564806, 0.0 ], [ -75.694787135028434, 4.529596881517618, 0.0 ], [ -75.694871502847931, 4.529549581927727, 0.0 ], [ -75.69492867417388, 4.529501769947164, 0.0 ], [ -75.69505336240799, 4.52935784602987, 0.0 ], [ -75.695124270060219, 4.52925978499074, 0.0 ], [ -75.695134656117617, 4.529219244276256, 0.0 ], [ -75.695346566105457, 4.529234306973925, 0.0 ], [ -75.695500730132906, 4.529274580900776, 0.0 ], [ -75.695537071974258, 4.529263679980446, 0.0 ], [ -75.695622889962735, 4.52921077259967, 0.0 ], [ -75.695820541445698, 4.529492561496687, 0.0 ], [ -75.695482613780015, 4.529706047084333, 0.0 ], [ -75.695787352222382, 4.530138362367484, 0.0 ], [ -75.695424316538777, 4.530363636500604, 0.0 ], [ -75.695576937626257, 4.530665693828104, 0.0 ], [ -75.695136446861554, 4.530839573955086, 0.0 ], [ -75.694506571947727, 4.531030095227838, 0.0 ] ] ] } },
{ "type": "Feature", "properties": { "barrio": "VILLA LAURA", "barrio_alt": "LA ALAMBRA", "barrio_alt2": "LA ALAMBRA", "vulnerabilidad": "Baja", "indice": 1.6666666666700001, "val_suelo": 1.0, "val_falla": 1.0, "val_antig": 3.0, "clas_antiguedad": "Alto", "clas_falla": null, "clas_falla_alt": null, "porcentaje_limitacion_suelo": 0.0, "area_m2": 18930.3284021, "shape_area": 11057.2501799 }, "geometry": { "type": "Polygon", "coordinates": [ [ [ -75.695469309069438, 4.531987523696776, 0.0 ], [ -75.695431939559811, 4.531994619804876, 0.0 ], [ -75.695412923527954, 4.531788255663786, 0.0 ], [ -75.695371759882292, 4.531513477683719, 0.0 ], [ -75.695315811858009, 4.530870232312053, 0.0 ], [ -75.695798839473895, 4.530952797242762, 0.0 ], [ -75.695892340241684, 4.531681269802601, 0.0 ], [ -75.695982198477537, 4.531669626556496, 0.0 ], [ -75.696035698617678, 4.532152406129073, 0.0 ], [ -75.696050762296068, 4.532168381235055, 0.0 ], [ -75.696076919174118, 4.532166678886077, 0.0 ], [ -75.696084314396998, 4.532217266709798, 0.0 ], [ -75.696199824115808, 4.532528215919888, 0.0 ], [ -75.696214643108064, 4.532547680622653, 0.0 ], [ -75.696122851499211, 4.532594040019561, 0.0 ], [ -75.696070743762917, 4.532603937694171, 0.0 ], [ -75.695976544352618, 4.532591068792494, 0.0 ], [ -75.695856901606049, 4.532510443899519, 0.0 ], [ -75.695735945403896, 4.532488847815168, 0.0 ], [ -75.695619106897269, 4.532494206592218, 0.0 ], [ -75.695464396037167, 4.532534082022784, 0.0 ], [ -75.695477528852294, 4.532158249236194, 0.0 ], [ -75.695469309069438, 4.531987523696776, 0.0 ] ] ] } },
{ "type": "Feature", "properties": { "barrio": "LA RIVERA", "barrio_alt": "13 DE JUNIO", "barrio_alt2": "13 DE JUNIO", "vulnerabilidad": "Baja", "indice": 1.6666666666700001, "val_suelo": 1.0, "val_falla": 1.0, "val_antig": 3.0, "clas_antiguedad": "Alto", "clas_falla": null, "clas_falla_alt": null, "porcentaje_limitacion_suelo": 0.0, "area_m2": 7858.4565494099998, "shape_area": 9624.8308390300008 }, "geometry": { "type": "Polygon", "coordinates": [ [ [ -75.694880638953563, 4.532301719496187, 0.0 ], [ -75.694739210790303, 4.530960496488984, 0.0 ], [ -75.695136446861554, 4.530839573955086, 0.0 ], [ -75.695315811858009, 4.530870232312053, 0.0 ], [ -75.695371759882292, 4.531513477683719, 0.0 ], [ -75.695412923527954, 4.531788255663786, 0.0 ], [ -75.695431939559811, 4.531994619804876, 0.0 ], [ -75.695469309069438, 4.531987523696776, 0.0 ], [ -75.695477528852294, 4.532158249236194, 0.0 ], [ -75.695159059842439, 4.532188867413029, 0.0 ], [ -75.695159047990245, 4.532229901902792, 0.0 ], [ -75.695002990038077, 4.532246122570586, 0.0 ], [ -75.695005733476151, 4.532289240540815, 0.0 ], [ -75.694880638953563, 4.532301719496187, 0.0 ] ] ] } },
{ "type": "Feature", "properties": { "barrio": "BARRIO TRES ESQUINAS", "barrio_alt": "FARALLONES", "barrio_alt2": "FARALLONES", "vulnerabilidad": "Baja", "indice": 1.6666666666700001, "val_suelo": 1.0, "val_falla": 1.0, "val_antig": 3.0, "clas_antiguedad": "Alto", "clas_falla": null, "clas_falla_alt": null, "porcentaje_limitacion_suelo": 0.0, "area_m2": 127032.24754700001, "shape_area": 7193.2643652899997 }, "geometry": { "type": "Polygon", "coordinates": [ [ [ -75.693093368286696, 4.521691783062971, 0.0 ], [ -75.693612232615948, 4.520698520026327, 0.0 ], [ -75.693704169474799, 4.520762599970823, 0.0 ], [ -75.693739276630396, 4.520601698859244, 0.0 ], [ -75.693814515071296, 4.520599063817456, 0.0 ], [ -75.693892845553691, 4.521005078008501, 0.0 ], [ -75.694012451104612, 4.521349338830616, 0.0 ], [ -75.694139178565337, 4.521569975973844, 0.0 ], [ -75.693948937117682, 4.521625235041735, 0.0 ], [ -75.693695300669418, 4.521650813476192, 0.0 ], [ -75.693547334339726, 4.521697565362693, 0.0 ], [ -75.693368844756009, 4.521644533175714, 0.0 ], [ -75.693141535178285, 4.521720382212473, 0.0 ], [ -75.693116227330762, 4.521741872391231, 0.0 ], [ -75.693093368286696, 4.521691783062971, 0.0 ] ] ] } },
{ "type": "Feature", "properties": { "barrio": "VENECIA", "barrio_alt": "LA IRLANDA", "barrio_alt2": "LA IRLANDA", "vulnerabilidad": "Baja", "indice": 1.6666666666700001, "val_suelo": 1.0, "val_falla": 1.0, "val_antig": 3.0, "clas_antiguedad": "Alto", "clas_falla": null, "clas_falla_alt": null, "porcentaje_limitacion_suelo": 0.0, "area_m2": 33104.563603000002, "shape_area": 7714.6025420100004 }, "geometry": { "type": "Polygon", "coordinates": [ [ [ -75.686394548206067, 4.543745999405036, 0.0 ], [ -75.686391685549538, 4.543679924190807, 0.0 ], [ -75.686646377237153, 4.5432463339787, 0.0 ], [ -75.686727984940049, 4.543223780950219, 0.0 ], [ -75.686871516131831, 4.543249117550325, 0.0 ], [ -75.687053004631395, 4.543338009870458, 0.0 ], [ -75.687770402844492, 4.543871618070626, 0.0 ], [ -75.687758800931164, 4.543870730203972, 0.0 ], [ -75.687646584104002, 4.543941520929202, 0.0 ], [ -75.686909967090557, 4.543982357246969, 0.0 ], [ -75.68676934425784, 4.543982451595113, 0.0 ], [ -75.686394548206067, 4.543745999405036, 0.0 ] ] ] } },
{ "type": "Feature", "properties": { "barrio": null, "barrio_alt": "SANTANDER", "barrio_alt2": "SANTANDER", "vulnerabilidad": "Muy baja", "indice": 1.0, "val_suelo": 1.0, "val_falla": 1.0, "val_antig": 1.0, "clas_antiguedad": null, "clas_falla": null, "clas_falla_alt": null, "porcentaje_limitacion_suelo": 0.0, "area_m2": 190403.11737600001, "shape_area": 6.8944746737799996 }, "geometry": { "type": "Polygon", "coordinates": [ [ [ -75.685101208434574, 4.525698071780832, 0.0 ], [ -75.685112464933212, 4.525753163409147, 0.0 ], [ -75.685083553405207, 4.525711425965186, 0.0 ], [ -75.685101208434574, 4.525698071780832, 0.0 ] ] ] } },
{ "type": "Feature", "properties": { "barrio": "ASENTAMIENTO SANTANDER BAJO", "barrio_alt": "URBANIZACION VILLA DEL CAFE", "barrio_alt2": "URBANIZACION VILLA DEL CAFE", "vulnerabilidad": "Baja", "indice": 1.6666666666700001, "val_suelo": 1.0, "val_falla": 1.0, "val_antig": 3.0, "clas_antiguedad": "Alto", "clas_falla": "Baja", "clas_falla_alt": "Baja", "porcentaje_limitacion_suelo": 0.0, "area_m2": 14973.675763400001, "shape_area": 35262.2798798 }, "geometry": { "type": "Polygon", "coordinates": [ [ [ -75.685144391420408, 4.526051106192109, 0.0 ], [ -75.685086660409368, 4.525703362965286, 0.0 ], [ -75.685244030601325, 4.525590038180336, 0.0 ], [ -75.685684767753571, 4.525487638644678, 0.0 ], [ -75.686012351097546, 4.525381181512395, 0.0 ], [ -75.686353936696591, 4.525383569388758, 0.0 ], [ -75.68660433249687, 4.525268208282109, 0.0 ], [ -75.686599303319639, 4.524974994482736, 0.0 ], [ -75.686592110024932, 4.524955925905942, 0.0 ], [ -75.686618494519109, 4.524934858487768, 0.0 ], [ -75.686789168229836, 4.524715670801005, 0.0 ], [ -75.686803516766645, 4.524634094072791, 0.0 ], [ -75.686886973285468, 4.524494886101982, 0.0 ], [ -75.68691133083712, 4.524427413309893, 0.0 ], [ -75.687350069429968, 4.525052581844423, 0.0 ], [ -75.6876995584106, 4.52495731174459, 0.0 ], [ -75.687812095179837, 4.524963219983137, 0.0 ], [ -75.68785055635739, 4.525091064775911, 0.0 ], [ -75.688733171068534, 4.524829097822293, 0.0 ], [ -75.688765726145832, 4.524903422287085, 0.0 ], [ -75.68927219838092, 4.524733761557159, 0.0 ], [ -75.689408451991255, 4.524656404615633, 0.0 ], [ -75.68981421676267, 4.524540300487015, 0.0 ], [ -75.689882855873478, 4.52535388419178, 0.0 ], [ -75.68930063270966, 4.525398831165598, 0.0 ], [ -75.688907076089052, 4.525441425325523, 0.0 ], [ -75.688744430712816, 4.525519855898872, 0.0 ], [ -75.688559030093458, 4.525555843818568, 0.0 ], [ -75.688507095530355, 4.525229312691571, 0.0 ], [ -75.688468055709578, 4.525261980922016, 0.0 ], [ -75.688409503927261, 4.52528812667852, 0.0 ], [ -75.68828265397805, 4.525304499577759, 0.0 ], [ -75.688233859724832, 4.525327376177161, 0.0 ], [ -75.688116766179917, 4.525347010743776, 0.0 ], [ -75.688064730307715, 4.525340498878418, 0.0 ], [ -75.688012701601394, 4.525307862737593, 0.0 ], [ -75.687937902506533, 4.525285031549809, 0.0 ], [ -75.687979475175894, 4.525603941399077, 0.0 ], [ -75.687208602854554, 4.525751166068829, 0.0 ], [ -75.687185924144856, 4.525473606509157, 0.0 ], [ -75.686850898346634, 4.525555364239552, 0.0 ], [ -75.686867115412213, 4.52569577491959, 0.0 ], [ -75.686811818991799, 4.525712122185397, 0.0 ], [ -75.686671959729168, 4.525728499816472, 0.0 ], [ -75.686688178813043, 4.525862379668594, 0.0 ], [ -75.686532052001297, 4.525895090607764, 0.0 ], [ -75.686359669817946, 4.525904948821512, 0.0 ], [ -75.686362915205692, 4.525927806468611, 0.0 ], [ -75.686171011966238, 4.52595726462081, 0.0 ], [ -75.686141790000633, 4.525803796178866, 0.0 ], [ -75.685884836742247, 4.525839808891194, 0.0 ], [ -75.685878369277816, 4.525722253273003, 0.0 ], [ -75.685712483868429, 4.525758233168482, 0.0 ], [ -75.685738469415398, 4.525862719695276, 0.0 ], [ -75.685673903553635, 4.525872803727453, 0.0 ], [ -75.685584795424205, 4.526015348829511, 0.0 ], [ -75.685428467880712, 4.526029842835837, 0.0 ], [ -75.685361683478675, 4.52602192553434, 0.0 ], [ -75.685144391420408, 4.526051106192109, 0.0 ] ] ] } },
{ "type": "Feature", "properties": { "barrio": "TEJARES DEL PARQUE", "barrio_alt": "LA LORENA", "barrio_alt2": "LA LORENA", "vulnerabilidad": "Muy baja", "indice": 1.3333333333299999, "val_suelo": 1.0, "val_falla": 1.0, "val_antig": 2.0, "clas_antiguedad": "Media", "clas_falla": null, "clas_falla_alt": null, "porcentaje_limitacion_suelo": 0.0, "area_m2": 167249.01804900001, "shape_area": 13034.460239 }, "geometry": { "type": "Polygon", "coordinates": [ [ [ -75.658745519082643, 4.549230685681362, 0.0 ], [ -75.658632379585484, 4.5491560372888, 0.0 ], [ -75.658466438297069, 4.548989427823726, 0.0 ], [ -75.658168888727701, 4.54872515079763, 0.0 ], [ -75.657762615745298, 4.548512575650325, 0.0 ], [ -75.657739733633775, 4.548213833847616, 0.0 ], [ -75.657865630026663, 4.547869135621681, 0.0 ], [ -75.658083077122214, 4.54770827879637, 0.0 ], [ -75.658123133835844, 4.547656574513803, 0.0 ], [ -75.658277630645955, 4.547765733250209, 0.0 ], [ -75.658563733969842, 4.548133421168377, 0.0 ], [ -75.658706787460162, 4.548208109203753, 0.0 ], [ -75.65908779485828, 4.548957034824853, 0.0 ], [ -75.65906534654107, 4.548980375849794, 0.0 ], [ -75.658806657571986, 4.54913481564435, 0.0 ], [ -75.658745519082643, 4.549230685681362, 0.0 ] ] ] } },
{ "type": "Feature", "properties": { "barrio": null, "barrio_alt": "LA LORENA", "barrio_alt2": "LA LORENA", "vulnerabilidad": "Muy baja", "indice": 1.3333333333299999, "val_suelo": 1.0, "val_falla": 1.0, "val_antig": 2.0, "clas_antiguedad": "Media", "clas_falla": null, "clas_falla_alt": null, "porcentaje_limitacion_suelo": 0.0, "area_m2": 167249.01804900001, "shape_area": 4130.8193862899998 }, "geometry": { "type": "Polygon", "coordinates": [ [ [ -75.657654540650725, 4.54868041385424, 0.0 ], [ -75.657764246788261, 4.548513429394063, 0.0 ], [ -75.658168888727701, 4.54872515079763, 0.0 ], [ -75.658466438297069, 4.548989427823726, 0.0 ], [ -75.658632379585484, 4.5491560372888, 0.0 ], [ -75.658745519082643, 4.549230685681362, 0.0 ], [ -75.658587938367177, 4.54947777853998, 0.0 ], [ -75.657654540650725, 4.54868041385424, 0.0 ] ] ] } },
{ "type": "Feature", "properties": { "barrio": "BLOQUES CUIDADELA SORRENTO", "barrio_alt": "BLOQUES CUIDADELA SORRENTO", "barrio_alt2": "BLOQUES CUIDADELA SORRENTO", "vulnerabilidad": "Muy baja", "indice": 1.3333333333299999, "val_suelo": 1.0, "val_falla": 2.0, "val_antig": 1.0, "clas_antiguedad": null, "clas_falla": "Media", "clas_falla_alt": "Media", "porcentaje_limitacion_suelo": 0.0, "area_m2": 45144.010613300001, "shape_area": 45169.596170099998 }, "geometry": { "type": "Polygon", "coordinates": [ [ [ -75.669496045955, 4.547865033169805, 0.0 ], [ -75.669778783600833, 4.547492464333915, 0.0 ], [ -75.669982000201315, 4.547501335857023, 0.0 ], [ -75.670476786520396, 4.547802942802789, 0.0 ], [ -75.670803698254872, 4.548131161340464, 0.0 ], [ -75.671059927251093, 4.548228739906544, 0.0 ], [ -75.671431017400351, 4.54869001865586, 0.0 ], [ -75.67111293864086, 4.548956139640919, 0.0 ], [ -75.6705474657645, 4.549027103156044, 0.0 ], [ -75.669814115422241, 4.549639179755558, 0.0 ], [ -75.669566719666392, 4.549781109703747, 0.0 ], [ -75.668957069026092, 4.549772236097664, 0.0 ], [ -75.668303244561983, 4.549293212558292, 0.0 ], [ -75.668188383080945, 4.549177891705668, 0.0 ], [ -75.669186799774707, 4.548565819152619, 0.0 ], [ -75.669310498266029, 4.548246473742676, 0.0 ], [ -75.669496045955, 4.547865033169805, 0.0 ] ] ] } },
{ "type": "Feature", "properties": { "barrio": "CONJUNTO EL REMANSO", "barrio_alt": "BLOQUES CUIDADELA SORRENTO", "barrio_alt2": "BLOQUES CUIDADELA SORRENTO", "vulnerabilidad": "Muy baja", "indice": 1.3333333333299999, "val_suelo": 1.0, "val_falla": 2.0, "val_antig": 1.0, "clas_antiguedad": null, "clas_falla": "Media", "clas_falla_alt": "Media", "porcentaje_limitacion_suelo": 0.0, "area_m2": 45144.010613300001, "shape_area": 6833.4513941699997 }, "geometry": { "type": "Polygon", "coordinates": [ [ [ -75.669748722081351, 4.547532077861209, 0.0 ], [ -75.669496048922028, 4.547421496754309, 0.0 ], [ -75.669531390429967, 4.547386014184439, 0.0 ], [ -75.669761116771994, 4.546694099422278, 0.0 ], [ -75.670476789336732, 4.547093285105271, 0.0 ], [ -75.670335419675496, 4.547536820539325, 0.0 ], [ -75.670416482078764, 4.547766183352141, 0.0 ], [ -75.669982000201315, 4.547501335857023, 0.0 ], [ -75.669778783600833, 4.547492464333915, 0.0 ], [ -75.669748722081351, 4.547532077861209, 0.0 ] ] ] } },
{ "type": "Feature", "properties": { "barrio": "BLOQUES DEL YULIMA", "barrio_alt": "BLOQUES CUIDADELA SORRENTO", "barrio_alt2": "BLOQUES CUIDADELA SORRENTO", "vulnerabilidad": "Baja", "indice": 1.6666666666700001, "val_suelo": 1.0, "val_falla": 3.0, "val_antig": 1.0, "clas_antiguedad": "Baja", "clas_falla": "Alta", "clas_falla_alt": "Alta", "porcentaje_limitacion_suelo": 0.0, "area_m2": 45144.010613300001, "shape_area": 73250.342559500001 }, "geometry": { "type": "Polygon", "coordinates": [ [ [ -75.671026393971047, 4.548967000515429, 0.0 ], [ -75.671033417161937, 4.549284356082692, 0.0 ], [ -75.671024581269251, 4.549541607224577, 0.0 ], [ -75.671572383349442, 4.549523867402689, 0.0 ], [ -75.67156354730048, 4.549852084323381, 0.0 ], [ -75.672508947315777, 4.549825474160025, 0.0 ], [ -75.672579631775193, 4.550020629922889, 0.0 ], [ -75.672420591516172, 4.550517390501269, 0.0 ], [ -75.67239408398558, 4.551147211456049, 0.0 ], [ -75.67258846559082, 4.551342367533889, 0.0 ], [ -75.672500109747389, 4.551502040678584, 0.0 ], [ -75.672226207361987, 4.551706066820375, 0.0 ], [ -75.672040660201475, 4.552069765659272, 0.0 ], [ -75.671324980815967, 4.552060893342925, 0.0 ], [ -75.671395669104157, 4.550996407191125, 0.0 ], [ -75.670768346057798, 4.550916568568848, 0.0 ], [ -75.670096844610768, 4.55107623862399, 0.0 ], [ -75.669867120151295, 4.551324617813749, 0.0 ], [ -75.668904048834463, 4.55096091256002, 0.0 ], [ -75.669562493391354, 4.549781048545491, 0.0 ], [ -75.669814115422241, 4.549639179755558, 0.0 ], [ -75.6705474657645, 4.549027103156044, 0.0 ], [ -75.671026393971047, 4.548967000515429, 0.0 ] ] ] } },
{ "type": "Feature", "properties": { "barrio": "UR QUINTAS DEL YULIMA", "barrio_alt": "BLOQUES DEL YULIMA", "barrio_alt2": "BLOQUES DEL YULIMA", "vulnerabilidad": "Media", "indice": 2.0, "val_suelo": 1.0, "val_falla": 3.0, "val_antig": 2.0, "clas_antiguedad": "Media", "clas_falla": "Alta", "clas_falla_alt": "Alta", "porcentaje_limitacion_suelo": 0.0, "area_m2": 73208.735534000007, "shape_area": 11245.4486347 }, "geometry": { "type": "Polygon", "coordinates": [ [ [ -75.669892644997105, 4.551297019723679, 0.0 ], [ -75.670185198217482, 4.551590740770175, 0.0 ], [ -75.670856696365519, 4.552353625541216, 0.0 ], [ -75.670344232738131, 4.552726193827774, 0.0 ], [ -75.669164869970174, 4.551061629486008, 0.0 ], [ -75.669867120151295, 4.551324617813749, 0.0 ], [ -75.669892644997105, 4.551297019723679, 0.0 ] ] ] } },
{ "type": "Feature", "properties": { "barrio": null, "barrio_alt": "URBANIZACION PASADENA", "barrio_alt2": "URBANIZACION PASADENA", "vulnerabilidad": "Muy baja", "indice": 1.0, "val_suelo": 1.0, "val_falla": 1.0, "val_antig": 1.0, "clas_antiguedad": null, "clas_falla": "Baja", "clas_falla_alt": "Baja", "porcentaje_limitacion_suelo": 0.0, "area_m2": 3382.1758432199999, "shape_area": 17349.184174000002 }, "geometry": { "type": "Polygon", "coordinates": [ [ [ -75.665357594778783, 4.550978269555431, 0.0 ], [ -75.665546545870455, 4.550943141496746, 0.0 ], [ -75.665634889952386, 4.552007629155383, 0.0 ], [ -75.665610569947077, 4.552037594996262, 0.0 ], [ -75.665405433359552, 4.552020644127622, 0.0 ], [ -75.66517883000806, 4.552146270313678, 0.0 ], [ -75.665141621586983, 4.552182287820548, 0.0 ], [ -75.66505289630571, 4.552309741620738, 0.0 ], [ -75.664998254752859, 4.552346745002795, 0.0 ], [ -75.66479681535634, 4.552383909285971, 0.0 ], [ -75.664680873899698, 4.552380145144859, 0.0 ], [ -75.664570573020811, 4.552400639607463, 0.0 ], [ -75.664476732120846, 4.552400276866586, 0.0 ], [ -75.66439854077403, 4.552411709285426, 0.0 ], [ -75.664312205899677, 4.55244140142401, 0.0 ], [ -75.664075169128154, 4.551727427557256, 0.0 ], [ -75.66469231762305, 4.551609327996964, 0.0 ], [ -75.664605390091793, 4.551326671948823, 0.0 ], [ -75.665057155833225, 4.551063319122272, 0.0 ], [ -75.665064111429757, 4.551081630456598, 0.0 ], [ -75.665358644476612, 4.550984432278461, 0.0 ], [ -75.665357594778783, 4.550978269555431, 0.0 ] ] ] } },
{ "type": "Feature", "properties": { "barrio": null, "barrio_alt": "URBANIZACION PASADENA", "barrio_alt2": "URBANIZACION PASADENA", "vulnerabilidad": "Muy baja", "indice": 1.0, "val_suelo": 1.0, "val_falla": 1.0, "val_antig": 1.0, "clas_antiguedad": null, "clas_falla": null, "clas_falla_alt": null, "porcentaje_limitacion_suelo": 0.0, "area_m2": 3382.1758432199999, "shape_area": 4158.2651509200005 }, "geometry": { "type": "Polygon", "coordinates": [ [ [ -75.665057155833225, 4.551063319122272, 0.0 ], [ -75.664605390091793, 4.551326671948823, 0.0 ], [ -75.664413345031505, 4.550702210921716, 0.0 ], [ -75.664798716916152, 4.550383028089123, 0.0 ], [ -75.665057155833225, 4.551063319122272, 0.0 ] ] ] } },
{ "type": "Feature", "properties": { "barrio": "LA PASTORITA", "barrio_alt": "SANTILLANA DEL MAR", "barrio_alt2": "SANTILLANA DEL MAR", "vulnerabilidad": "Muy baja", "indice": 1.0, "val_suelo": 1.0, "val_falla": 1.0, "val_antig": 1.0, "clas_antiguedad": null, "clas_falla": null, "clas_falla_alt": null, "porcentaje_limitacion_suelo": 0.0, "area_m2": 15725.354563299999, "shape_area": 4534.08400016 }, "geometry": { "type": "Polygon", "coordinates": [ [ [ -75.656763336901776, 4.563360032722708, 0.0 ], [ -75.657084358011318, 4.562794527155868, 0.0 ], [ -75.657278128475568, 4.562849639100086, 0.0 ], [ -75.657380297027942, 4.56293410376772, 0.0 ], [ -75.657504376607534, 4.562969351087837, 0.0 ], [ -75.657346895625608, 4.5633265318525, 0.0 ], [ -75.657117161073188, 4.563610390119512, 0.0 ], [ -75.65701332309763, 4.563763691812581, 0.0 ], [ -75.656763336901776, 4.563360032722708, 0.0 ] ] ] } },
{ "type": "Feature", "properties": { "barrio": "RESERVA DE LA PASTORITA", "barrio_alt": "SANTILLANA DEL MAR", "barrio_alt2": "SANTILLANA DEL MAR", "vulnerabilidad": "Muy baja", "indice": 1.3333333333299999, "val_suelo": 1.0, "val_falla": 1.0, "val_antig": 2.0, "clas_antiguedad": "Media", "clas_falla": "Baja", "clas_falla_alt": "Baja", "porcentaje_limitacion_suelo": 0.0, "area_m2": 15725.354563299999, "shape_area": 14734.698126900001 }, "geometry": { "type": "Polygon", "coordinates": [ [ [ -75.657317637354339, 4.563362683682396, 0.0 ], [ -75.657426414583512, 4.563406370203748, 0.0 ], [ -75.657771005781328, 4.563450731404662, 0.0 ], [ -75.658592723347496, 4.56349510282723, 0.0 ], [ -75.658813602310246, 4.564160410816878, 0.0 ], [ -75.658716405272585, 4.564346694569736, 0.0 ], [ -75.658371814718038, 4.564302333201658, 0.0 ], [ -75.657182632096138, 4.564047391327818, 0.0 ], [ -75.65701332309763, 4.563763691812581, 0.0 ], [ -75.657117161073188, 4.563610390119512, 0.0 ], [ -75.657317637354339, 4.563362683682396, 0.0 ] ] ] } },
{ "type": "Feature", "properties": { "barrio": "NAVARRA", "barrio_alt": "ALTOS DEL BOSQUE", "barrio_alt2": "ALTOS DEL BOSQUE", "vulnerabilidad": "Muy baja", "indice": 1.3333333333299999, "val_suelo": 1.0, "val_falla": 1.0, "val_antig": 2.0, "clas_antiguedad": "Media", "clas_falla": null, "clas_falla_alt": null, "porcentaje_limitacion_suelo": 0.0, "area_m2": 9401.1967722699992, "shape_area": 20096.404401700001 }, "geometry": { "type": "Polygon", "coordinates": [ [ [ -75.658203299771017, 4.560637656400936, 0.0 ], [ -75.659128510235675, 4.561141121624308, 0.0 ], [ -75.65906894216846, 4.561453908351232, 0.0 ], [ -75.658617798651733, 4.562346169399071, 0.0 ], [ -75.658141647594562, 4.562244756477784, 0.0 ], [ -75.658154553559214, 4.562229211114589, 0.0 ], [ -75.657645124555287, 4.562061887035735, 0.0 ], [ -75.657519610358193, 4.561946900696713, 0.0 ], [ -75.658203299771017, 4.560637656400936, 0.0 ] ] ] } },
{ "type": "Feature", "properties": { "barrio": "ASTURIAS", "barrio_alt": "NAVARRA", "barrio_alt2": "NAVARRA", "vulnerabilidad": "Muy baja", "indice": 1.3333333333299999, "val_suelo": 1.0, "val_falla": 1.0, "val_antig": 2.0, "clas_antiguedad": "Media", "clas_falla": "Baja", "clas_falla_alt": "Baja", "porcentaje_limitacion_suelo": 0.0, "area_m2": 20085.404573100001, "shape_area": 15025.0828119 }, "geometry": { "type": "Polygon", "coordinates": [ [ [ -75.659128510235675, 4.561141121624308, 0.0 ], [ -75.659167089537704, 4.561162114825395, 0.0 ], [ -75.6598827750487, 4.561277447974753, 0.0 ], [ -75.660032966325275, 4.562120169308184, 0.0 ], [ -75.659264255722434, 4.562483854543853, 0.0 ], [ -75.658617798651733, 4.562346169399071, 0.0 ], [ -75.65906894216846, 4.561453908351232, 0.0 ], [ -75.659128510235675, 4.561141121624308, 0.0 ] ] ] } },
{ "type": "Feature", "properties": { "barrio": "QUINTAS DE LA PASTORITA", "barrio_alt": "GALICIA", "barrio_alt2": "GALICIA", "vulnerabilidad": "Muy baja", "indice": 1.3333333333299999, "val_suelo": 1.0, "val_falla": 1.0, "val_antig": 2.0, "clas_antiguedad": "Media", "clas_falla": null, "clas_falla_alt": null, "porcentaje_limitacion_suelo": 0.0, "area_m2": 6917.2870373599999, "shape_area": 8064.32463491 }, "geometry": { "type": "Polygon", "coordinates": [ [ [ -75.657673016831765, 4.562944086679108, 0.0 ], [ -75.657709275658306, 4.562953366375021, 0.0 ], [ -75.658020801003488, 4.562815993179652, 0.0 ], [ -75.658277008455627, 4.562734155719278, 0.0 ], [ -75.658466250096154, 4.562818925756584, 0.0 ], [ -75.658568587680833, 4.563493799141692, 0.0 ], [ -75.657771005781328, 4.563450731404662, 0.0 ], [ -75.657426414583512, 4.563406370203748, 0.0 ], [ -75.657317637354339, 4.563362683682396, 0.0 ], [ -75.657346895625608, 4.5633265318525, 0.0 ], [ -75.657504376607534, 4.562969351087837, 0.0 ], [ -75.65764027586961, 4.563007956587785, 0.0 ], [ -75.657673016831765, 4.562944086679108, 0.0 ] ] ] } },
{ "type": "Feature", "properties": { "barrio": null, "barrio_alt": null, "barrio_alt2": null, "vulnerabilidad": "Muy baja", "indice": 1.3333333333299999, "val_suelo": 1.0, "val_falla": 1.0, "val_antig": 2.0, "clas_antiguedad": "Media", "clas_falla": null, "clas_falla_alt": null, "porcentaje_limitacion_suelo": 1.3888888888799999, "area_m2": 8877.0643239599995, "shape_area": 8881.7507535900004 }, "geometry": { "type": "Polygon", "coordinates": [ [ [ -75.646940883506574, 4.573024748782355, 0.0 ], [ -75.646644443627508, 4.573619914613259, 0.0 ], [ -75.64642082062052, 4.573891390574581, 0.0 ], [ -75.646184201339494, 4.574040175390813, 0.0 ], [ -75.646059397047836, 4.57396707859789, 0.0 ], [ -75.645911188775358, 4.573948800222353, 0.0 ], [ -75.645874789904852, 4.573849603011358, 0.0 ], [ -75.645882594837829, 4.573732133671138, 0.0 ], [ -75.645757794055356, 4.573580724721004, 0.0 ], [ -75.645880008162507, 4.573384947013922, 0.0 ], [ -75.646368848769868, 4.573066494633623, 0.0 ], [ -75.646605469199258, 4.572891604753208, 0.0 ], [ -75.64665227240782, 4.572870722888848, 0.0 ], [ -75.646940883506574, 4.573024748782355, 0.0 ] ] ] } },
{ "type": "Feature", "properties": { "barrio": null, "barrio_alt": null, "barrio_alt2": null, "vulnerabilidad": "Media", "indice": 2.0, "val_suelo": 3.0, "val_falla": 1.0, "val_antig": 2.0, "clas_antiguedad": "Media", "clas_falla": null, "clas_falla_alt": null, "porcentaje_limitacion_suelo": 1.3888888888799999, "area_m2": 36942.897201899999, "shape_area": 36962.700108600002 }, "geometry": { "type": "Polygon", "coordinates": [ [ [ -75.652480802296523, 4.559212606331184, 0.0 ], [ -75.651920015864448, 4.559517729104878, 0.0 ], [ -75.651192276101568, 4.559981862119059, 0.0 ], [ -75.650973954303922, 4.560097894601207, 0.0 ], [ -75.650858380525648, 4.55991308773964, 0.0 ], [ -75.650575859555062, 4.559655214522078, 0.0 ], [ -75.650314736483608, 4.55958214516029, 0.0 ], [ -75.6500835828638, 4.559401632442331, 0.0 ], [ -75.650100712263239, 4.559203936809638, 0.0 ], [ -75.650237705342079, 4.558885908480544, 0.0 ], [ -75.650460307833285, 4.558756983835711, 0.0 ], [ -75.650468872962534, 4.558662434012287, 0.0 ], [ -75.65040894942517, 4.558438949437306, 0.0 ], [ -75.650678641022807, 4.558262751447745, 0.0 ], [ -75.651607573286356, 4.557820113318204, 0.0 ], [ -75.651898652778755, 4.558172536103465, 0.0 ], [ -75.651834432809935, 4.558469078649244, 0.0 ], [ -75.652480802296523, 4.559212606331184, 0.0 ] ] ] } },
{ "type": "Feature", "properties": { "barrio": null, "barrio_alt": null, "barrio_alt2": null, "vulnerabilidad": "Alta", "indice": 2.3333333333300001, "val_suelo": 1.0, "val_falla": 3.0, "val_antig": 3.0, "clas_antiguedad": "Alto", "clas_falla": "Alta", "clas_falla_alt": "Alta", "porcentaje_limitacion_suelo": 1.3888888888799999, "area_m2": 13926.391540500001, "shape_area": 13934.160227799999 }, "geometry": { "type": "Polygon", "coordinates": [ [ [ -75.663529424553445, 4.532904295962269, 0.0 ], [ -75.663981035640617, 4.532769501497187, 0.0 ], [ -75.664042062898119, 4.532814436113161, 0.0 ], [ -75.664037991268685, 4.533055442154636, 0.0 ], [ -75.663635201695911, 4.533296443311364, 0.0 ], [ -75.663773530114312, 4.533476178904118, 0.0 ], [ -75.664164106836296, 4.53377846318276, 0.0 ], [ -75.664815076156373, 4.533713113617254, 0.0 ], [ -75.665372464756885, 4.53398680561665, 0.0 ], [ -75.665470109862113, 4.534019485793673, 0.0 ], [ -75.664998151535144, 4.534542341863593, 0.0 ], [ -75.66460350570587, 4.534186954331132, 0.0 ], [ -75.663887442975124, 4.533990871829758, 0.0 ], [ -75.663191729670785, 4.533292352416282, 0.0 ], [ -75.663529424553445, 4.532904295962269, 0.0 ] ] ] } },
{ "type": "Feature", "properties": { "barrio": "BUENOS AIRES", "barrio_alt": "MARIA CRISTINA", "barrio_alt2": "MARIA CRISTINA", "vulnerabilidad": "Media", "indice": 2.0, "val_suelo": 1.0, "val_falla": 3.0, "val_antig": 2.0, "clas_antiguedad": "Media", "clas_falla": "Alta", "clas_falla_alt": "Alta", "porcentaje_limitacion_suelo": 2.4390243902500002, "area_m2": 54314.939163299998, "shape_area": 15634.1119547 }, "geometry": { "type": "Polygon", "coordinates": [ [ [ -75.666417276020752, 4.532474453528033, 0.0 ], [ -75.666312312239612, 4.532798122266802, 0.0 ], [ -75.666015303288304, 4.533267878196019, 0.0 ], [ -75.665449872248089, 4.534012712257553, 0.0 ], [ -75.665372464756885, 4.53398680561665, 0.0 ], [ -75.664821791604851, 4.533716411257153, 0.0 ], [ -75.66483135102969, 4.533672265786221, 0.0 ], [ -75.665022575499393, 4.533423091400991, 0.0 ], [ -75.665689829015037, 4.532385545642036, 0.0 ], [ -75.666112361070617, 4.532333452810308, 0.0 ], [ -75.666126642230438, 4.532413719728755, 0.0 ], [ -75.666417276020752, 4.532474453528033, 0.0 ] ] ] } },
{ "type": "Feature", "properties": { "barrio": null, "barrio_alt": "PATIO BONITO ALTO", "barrio_alt2": "PATIO BONITO ALTO", "vulnerabilidad": "Muy baja", "indice": 1.3333333333299999, "val_suelo": 1.0, "val_falla": 2.0, "val_antig": 1.0, "clas_antiguedad": "Baja", "clas_falla": "Media", "clas_falla_alt": "Media", "porcentaje_limitacion_suelo": 0.0, "area_m2": 51062.720711200003, "shape_area": 31501.109499800001 }, "geometry": { "type": "Polygon", "coordinates": [ [ [ -75.665977131537176, 4.534714193513767, 0.0 ], [ -75.665856615304506, 4.534677151787454, 0.0 ], [ -75.665441626407414, 4.534358527948017, 0.0 ], [ -75.665317252678847, 4.534188827213946, 0.0 ], [ -75.665470109862113, 4.534019485793673, 0.0 ], [ -75.665449872248089, 4.534012712257553, 0.0 ], [ -75.666015303288304, 4.533267878196019, 0.0 ], [ -75.666312312239612, 4.532798122266802, 0.0 ], [ -75.666417276020752, 4.532474453528033, 0.0 ], [ -75.666426446175009, 4.532475994536228, 0.0 ], [ -75.666482088037597, 4.532362729670407, 0.0 ], [ -75.666567238143784, 4.532077132814758, 0.0 ], [ -75.666953244759071, 4.532436121450629, 0.0 ], [ -75.666919642226716, 4.532411486931085, 0.0 ], [ -75.666828245124179, 4.532456965285405, 0.0 ], [ -75.666968106646678, 4.53279599723273, 0.0 ], [ -75.66709463201471, 4.533240137601739, 0.0 ], [ -75.667209844835142, 4.533194768251679, 0.0 ], [ -75.667214064808277, 4.533207622885937, 0.0 ], [ -75.667269422243166, 4.533239089434145, 0.0 ], [ -75.667442580112237, 4.533142299870811, 0.0 ], [ -75.667457909180925, 4.533100791987666, 0.0 ], [ -75.667450889380277, 4.533052599787819, 0.0 ], [ -75.667748160324734, 4.533312529142113, 0.0 ], [ -75.667921843979641, 4.533428747100685, 0.0 ], [ -75.667814915917361, 4.533655352098258, 0.0 ], [ -75.667685579764154, 4.533805153114208, 0.0 ], [ -75.667439987795305, 4.533887486069281, 0.0 ], [ -75.667286660083349, 4.53369617553139, 0.0 ], [ -75.667199002095913, 4.533634034209117, 0.0 ], [ -75.667048551224795, 4.533605088813129, 0.0 ], [ -75.666957288949774, 4.533632584970193, 0.0 ], [ -75.666839089107057, 4.53374139799439, 0.0 ], [ -75.666622239249804, 4.5338873844194, 0.0 ], [ -75.666561157251095, 4.533951333853069, 0.0 ], [ -75.666541696289826, 4.534027583873083, 0.0 ], [ -75.666532055865346, 4.534123281965085, 0.0 ], [ -75.666528089818371, 4.534327702444989, 0.0 ], [ -75.666519440950168, 4.53437518954923, 0.0 ], [ -75.666501782749236, 4.534407028979296, 0.0 ], [ -75.666405474983947, 4.534462384388868, 0.0 ], [ -75.666287996382096, 4.534501910130174, 0.0 ], [ -75.666002586890173, 4.53463351491543, 0.0 ], [ -75.66593954484479, 4.534685773031108, 0.0 ], [ -75.665977131537176, 4.534714193513767, 0.0 ] ] ] } },
{ "type": "Feature", "properties": { "barrio": "LA MARIA", "barrio_alt": "LA FLORIDA", "barrio_alt2": "LA FLORIDA", "vulnerabilidad": "Media", "indice": 2.0, "val_suelo": 1.0, "val_falla": 3.0, "val_antig": 2.0, "clas_antiguedad": "Media", "clas_falla": "Alta", "clas_falla_alt": "Alta", "porcentaje_limitacion_suelo": 0.0, "area_m2": 63507.063737900004, "shape_area": 76257.387467299995 }, "geometry": { "type": "Polygon", "coordinates": [ [ [ -75.666172252640436, 4.530059441246705, 0.0 ], [ -75.665169853843523, 4.529292027572634, 0.0 ], [ -75.664953727474838, 4.528041038236158, 0.0 ], [ -75.665004588164322, 4.52772190963191, 0.0 ], [ -75.665780150625864, 4.527568736102185, 0.0 ], [ -75.666104361120603, 4.527549591806692, 0.0 ], [ -75.666587495286734, 4.527741073557532, 0.0 ], [ -75.66715327333111, 4.527785757392136, 0.0 ], [ -75.66730584235566, 4.527875115030642, 0.0 ], [ -75.667432982557528, 4.528028297422431, 0.0 ], [ -75.667833476027909, 4.52814957070161, 0.0 ], [ -75.668024187896449, 4.528136806416371, 0.0 ], [ -75.668144971908745, 4.52825807696695, 0.0 ], [ -75.66814497078785, 4.528321902806427, 0.0 ], [ -75.668005114367901, 4.52853890939955, 0.0 ], [ -75.668011469020144, 4.528813360831695, 0.0 ], [ -75.66790339629847, 4.529151636656356, 0.0 ], [ -75.668005108296953, 4.529330350220174, 0.0 ], [ -75.668424678834413, 4.528819746322712, 0.0 ], [ -75.66930831410599, 4.528392118997013, 0.0 ], [ -75.669626166485699, 4.5284431813616, 0.0 ], [ -75.66975328182896, 4.528665347407548, 0.0 ], [ -75.669318143025521, 4.52883703238559, 0.0 ], [ -75.669271025396455, 4.528901615353778, 0.0 ], [ -75.669390634670208, 4.52905423361538, 0.0 ], [ -75.669283254198234, 4.528943020450363, 0.0 ], [ -75.669187964112226, 4.528951878800095, 0.0 ], [ -75.668921328073836, 4.529021934959353, 0.0 ], [ -75.668533424249631, 4.529245680955714, 0.0 ], [ -75.668290224530736, 4.529458411642441, 0.0 ], [ -75.668197699241006, 4.529611518965644, 0.0 ], [ -75.668226155871622, 4.529688470627105, 0.0 ], [ -75.668072671999496, 4.529669624611843, 0.0 ], [ -75.667744001550474, 4.529559447196772, 0.0 ], [ -75.66756821531213, 4.529518314206768, 0.0 ], [ -75.667387322999005, 4.529496103951604, 0.0 ], [ -75.667056308097756, 4.529539404760361, 0.0 ], [ -75.6669922809741, 4.52953516874269, 0.0 ], [ -75.66691029010407, 4.529559777148053, 0.0 ], [ -75.666635044254491, 4.5296022300252, 0.0 ], [ -75.666323572108766, 4.529737148457247, 0.0 ], [ -75.666162955531163, 4.529957621126914, 0.0 ], [ -75.666172252640436, 4.530059441246705, 0.0 ] ] ] } },
{ "type": "Feature", "properties": { "barrio": null, "barrio_alt": "GAITAN", "barrio_alt2": "GAITAN", "vulnerabilidad": "Alta", "indice": 2.3333333333300001, "val_suelo": 1.0, "val_falla": 3.0, "val_antig": 3.0, "clas_antiguedad": "Alto", "clas_falla": "Alta", "clas_falla_alt": "Alta", "porcentaje_limitacion_suelo": 0.0, "area_m2": 74070.157052499999, "shape_area": 65021.435455899998 }, "geometry": { "type": "Polygon", "coordinates": [ [ [ -75.678460854137285, 4.533218485933678, 0.0 ], [ -75.677206867397629, 4.531788319944394, 0.0 ], [ -75.677890798934584, 4.531153843487259, 0.0 ], [ -75.678169785082034, 4.530941818943991, 0.0 ], [ -75.678353725227268, 4.530888981918459, 0.0 ], [ -75.678252029092477, 4.531974459825537, 0.0 ], [ -75.678356569412699, 4.532048452168784, 0.0 ], [ -75.678582710262617, 4.531902172691797, 0.0 ], [ -75.679090662861952, 4.531272941968625, 0.0 ], [ -75.679450990822488, 4.530922702036526, 0.0 ], [ -75.679669483196847, 4.530726407075141, 0.0 ], [ -75.679818612833955, 4.530553198625406, 0.0 ], [ -75.679987334142567, 4.530206869138501, 0.0 ], [ -75.68008509376979, 4.530074098852792, 0.0 ], [ -75.680393666267932, 4.529791205914494, 0.0 ], [ -75.681063507865289, 4.529260217643152, 0.0 ], [ -75.681473807994934, 4.529555153301581, 0.0 ], [ -75.681026168632698, 4.530229013571827, 0.0 ], [ -75.680427340572081, 4.53082815475776, 0.0 ], [ -75.679653466454639, 4.531520914809686, 0.0 ], [ -75.679535412477563, 4.531644709125612, 0.0 ], [ -75.68028520190316, 4.532492313377004, 0.0 ], [ -75.678999931510774, 4.53292559353939, 0.0 ], [ -75.678824514158094, 4.533306040134408, 0.0 ], [ -75.67902242245853, 4.533334361893419, 0.0 ], [ -75.679106257562538, 4.533370411754525, 0.0 ], [ -75.679010955082759, 4.533398306566152, 0.0 ], [ -75.678787725583732, 4.533439933199351, 0.0 ], [ -75.678608684853231, 4.533503307339876, 0.0 ], [ -75.678516694391632, 4.533478540436904, 0.0 ], [ -75.678476779987164, 4.53348975960005, 0.0 ], [ -75.678518769173351, 4.533451431917709, 0.0 ], [ -75.678542981577053, 4.533349496795061, 0.0 ], [ -75.678460854137285, 4.533218485933678, 0.0 ] ] ] } },
{ "type": "Feature", "properties": { "barrio": "SANTA FE", "barrio_alt": "GAITAN", "barrio_alt2": "GAITAN", "vulnerabilidad": "Alta", "indice": 2.3333333333300001, "val_suelo": 1.0, "val_falla": 3.0, "val_antig": 3.0, "clas_antiguedad": "Alto", "clas_falla": "Alta", "clas_falla_alt": "Alta", "porcentaje_limitacion_suelo": 0.0, "area_m2": 74070.157052499999, "shape_area": 75607.928153899993 }, "geometry": { "type": "Polygon", "coordinates": [ [ [ -75.681593562624371, 4.526200867129667, 0.0 ], [ -75.681564715913993, 4.526382404644253, 0.0 ], [ -75.681745675012934, 4.526286215799725, 0.0 ], [ -75.681963963684439, 4.526257626309604, 0.0 ], [ -75.681850647596136, 4.526464404572708, 0.0 ], [ -75.68178681714339, 4.527683592983679, 0.0 ], [ -75.681741734195711, 4.527914881044611, 0.0 ], [ -75.681566830053868, 4.528420019820049, 0.0 ], [ -75.681418470565518, 4.528707168341316, 0.0 ], [ -75.681539874925249, 4.528471137295127, 0.0 ], [ -75.680979724617131, 4.528266389536292, 0.0 ], [ -75.680831370437232, 4.528634779779813, 0.0 ], [ -75.680793919341696, 4.52869027294338, 0.0 ], [ -75.68074223422461, 4.528663444393175, 0.0 ], [ -75.680372023219647, 4.528409986231538, 0.0 ], [ -75.68031807523603, 4.528384392822964, 0.0 ], [ -75.680142159400731, 4.528353920607714, 0.0 ], [ -75.679757394254537, 4.528423082890192, 0.0 ], [ -75.67964046698107, 4.52841928554828, 0.0 ], [ -75.679523709288176, 4.528375426251623, 0.0 ], [ -75.679423321428274, 4.528306737882019, 0.0 ], [ -75.679304519210262, 4.528250261008202, 0.0 ], [ -75.67919221299347, 4.528176398578124, 0.0 ], [ -75.679199841976882, 4.528061054669287, 0.0 ], [ -75.679251939739743, 4.527843201632715, 0.0 ], [ -75.679262217703254, 4.527736793517109, 0.0 ], [ -75.679258586723819, 4.527638753353727, 0.0 ], [ -75.679241090325675, 4.527555275551341, 0.0 ], [ -75.679244737905734, 4.527375159233038, 0.0 ], [ -75.679231953133339, 4.527305429979974, 0.0 ], [ -75.679172592423669, 4.527152422013271, 0.0 ], [ -75.679169222299507, 4.527068700174436, 0.0 ], [ -75.679176960720312, 4.527029082087796, 0.0 ], [ -75.679211725020849, 4.526924465449756, 0.0 ], [ -75.679276823957352, 4.52683756792522, 0.0 ], [ -75.679491388552634, 4.526644324970539, 0.0 ], [ -75.679705531528114, 4.526497121577893, 0.0 ], [ -75.679731909076452, 4.526466232655454, 0.0 ], [ -75.679752890688235, 4.526420943186617, 0.0 ], [ -75.679791249371135, 4.526256872682588, 0.0 ], [ -75.679796202927648, 4.526043632523297, 0.0 ], [ -75.679778300062196, 4.525857030023132, 0.0 ], [ -75.679779182104809, 4.525764289902235, 0.0 ], [ -75.679753586602175, 4.525646866015784, 0.0 ], [ -75.680523696331406, 4.525576414416471, 0.0 ], [ -75.681593562624371, 4.526200867129667, 0.0 ] ] ] } },
{ "type": "Feature", "properties": { "barrio": null, "barrio_alt": "ARRAYANES", "barrio_alt2": "ARRAYANES", "vulnerabilidad": "Muy baja", "indice": 1.0, "val_suelo": 1.0, "val_falla": 1.0, "val_antig": 1.0, "clas_antiguedad": "Baja", "clas_falla": "Baja", "clas_falla_alt": "Baja", "porcentaje_limitacion_suelo": 0.0, "area_m2": 47867.236265300002, "shape_area": 24612.247555400001 }, "geometry": { "type": "Polygon", "coordinates": [ [ [ -75.690630236047994, 4.518057302061442, 0.0 ], [ -75.691206536733148, 4.517661382371837, 0.0 ], [ -75.691540003841411, 4.518020543284062, 0.0 ], [ -75.692101293639269, 4.517526890332556, 0.0 ], [ -75.692104583257972, 4.517560032114163, 0.0 ], [ -75.691911705601939, 4.517853569811059, 0.0 ], [ -75.691879479304362, 4.51809716135913, 0.0 ], [ -75.691836110466483, 4.518913758599917, 0.0 ], [ -75.692186883523561, 4.518843198390752, 0.0 ], [ -75.692227622003571, 4.519720670193593, 0.0 ], [ -75.691870981568684, 4.519719275199251, 0.0 ], [ -75.691757377796563, 4.519656323192313, 0.0 ], [ -75.691572512581288, 4.519520559469155, 0.0 ], [ -75.691475035101163, 4.519475065101939, 0.0 ], [ -75.691372243195246, 4.519459961847649, 0.0 ], [ -75.691200258858274, 4.519472792201571, 0.0 ], [ -75.691127705502979, 4.519438262494915, 0.0 ], [ -75.690873623441149, 4.519259590324905, 0.0 ], [ -75.690856117609215, 4.519196123625567, 0.0 ], [ -75.690938109162502, 4.518848171144999, 0.0 ], [ -75.69075502304122, 4.518165360009979, 0.0 ], [ -75.690630236047994, 4.518057302061442, 0.0 ] ] ] } },
{ "type": "Feature", "properties": { "barrio": "ARENALES", "barrio_alt": "ARRAYANES", "barrio_alt2": "ARRAYANES", "vulnerabilidad": "Media", "indice": 2.0, "val_suelo": 1.0, "val_falla": 3.0, "val_antig": 2.0, "clas_antiguedad": "Media", "clas_falla": "Alta", "clas_falla_alt": "Alta", "porcentaje_limitacion_suelo": 0.0, "area_m2": 47867.236265300002, "shape_area": 255393.290087 }, "geometry": { "type": "Polygon", "coordinates": [ [ [ -75.686449244666505, 4.515532895160852, 0.0 ], [ -75.686218601359144, 4.514423998168047, 0.0 ], [ -75.686873110854862, 4.513215086646127, 0.0 ], [ -75.687307624700523, 4.512372830239386, 0.0 ], [ -75.687206187870643, 4.512225113183296, 0.0 ], [ -75.687537459156033, 4.511817292832388, 0.0 ], [ -75.687644573691074, 4.511929723710967, 0.0 ], [ -75.687832120281797, 4.512324904620576, 0.0 ], [ -75.688076956347928, 4.512481799385684, 0.0 ], [ -75.688326362030466, 4.511893649245415, 0.0 ], [ -75.688712448236089, 4.511285607107599, 0.0 ], [ -75.688839135654646, 4.511236964433461, 0.0 ], [ -75.689124279914537, 4.511093728823979, 0.0 ], [ -75.689112481248046, 4.511110207226576, 0.0 ], [ -75.689133496727564, 4.511131306599173, 0.0 ], [ -75.689406743266346, 4.511285991938053, 0.0 ], [ -75.689676481087162, 4.5114582674824, 0.0 ], [ -75.68997707951668, 4.511618597139286, 0.0 ], [ -75.690481547651245, 4.511909781214548, 0.0 ], [ -75.690364386376672, 4.512047865835893, 0.0 ], [ -75.689898524232774, 4.512659337647304, 0.0 ], [ -75.689522482110576, 4.512325810639258, 0.0 ], [ -75.68906851113708, 4.512705006885093, 0.0 ], [ -75.688818163645806, 4.512990432437531, 0.0 ], [ -75.688805407583274, 4.51307986735168, 0.0 ], [ -75.68868665808192, 4.513045845480534, 0.0 ], [ -75.688584757329508, 4.513343988342813, 0.0 ], [ -75.688637571082324, 4.514336188053682, 0.0 ], [ -75.688165639895161, 4.514354598271974, 0.0 ], [ -75.688142381271234, 4.514367027487404, 0.0 ], [ -75.688336819081584, 4.514711111638468, 0.0 ], [ -75.689067464761962, 4.515654218902165, 0.0 ], [ -75.689964452418877, 4.515069921751774, 0.0 ], [ -75.690623963739611, 4.514819737929158, 0.0 ], [ -75.690726823012241, 4.514131129075464, 0.0 ], [ -75.690781045547226, 4.514102802947879, 0.0 ], [ -75.690785935071617, 4.514115226265903, 0.0 ], [ -75.69091312224144, 4.514162077249775, 0.0 ], [ -75.691079994984818, 4.514248689924193, 0.0 ], [ -75.69121529068677, 4.514298769805992, 0.0 ], [ -75.691341072314245, 4.514315491375501, 0.0 ], [ -75.691507143400656, 4.514398938200292, 0.0 ], [ -75.691553836818329, 4.514431698244323, 0.0 ], [ -75.69168360416171, 4.514583889555929, 0.0 ], [ -75.691727244499958, 4.514652749464513, 0.0 ], [ -75.69174982243932, 4.514714952461575, 0.0 ], [ -75.691766149473821, 4.514843086219656, 0.0 ], [ -75.691812386236251, 4.514992366578372, 0.0 ], [ -75.69200937091874, 4.515222543138817, 0.0 ], [ -75.69204720943587, 4.515299055575822, 0.0 ], [ -75.692161071594455, 4.515268678885439, 0.0 ], [ -75.692265069768851, 4.515253217585428, 0.0 ], [ -75.692537190306695, 4.515254259639859, 0.0 ], [ -75.692643115319967, 4.515212187837347, 0.0 ], [ -75.692762588845383, 4.515126933760987, 0.0 ], [ -75.692984771919996, 4.515081313695729, 0.0 ], [ -75.693053546011129, 4.515084911158362, 0.0 ], [ -75.693212912980826, 4.515114060128142, 0.0 ], [ -75.693276902883454, 4.515114754383088, 0.0 ], [ -75.693341423983043, 4.515102677047643, 0.0 ], [ -75.693521147795934, 4.51500881036763, 0.0 ], [ -75.693694365517459, 4.514872151474163, 0.0 ], [ -75.693896747385992, 4.516109754333263, 0.0 ], [ -75.693796530289248, 4.516104054491529, 0.0 ], [ -75.693663816756043, 4.516110782187945, 0.0 ], [ -75.693234972439797, 4.516172733067069, 0.0 ], [ -75.693069882335124, 4.516220732168095, 0.0 ], [ -75.692714076812507, 4.516360591194178, 0.0 ], [ -75.692294108285608, 4.516610905092957, 0.0 ], [ -75.691477149874387, 4.517283341415098, 0.0 ], [ -75.691138237461601, 4.517587820890147, 0.0 ], [ -75.691206536733148, 4.517661382371837, 0.0 ], [ -75.690630236047994, 4.518057302061442, 0.0 ], [ -75.69048984913789, 4.517935735014572, 0.0 ], [ -75.690502276313637, 4.517712572287671, 0.0 ], [ -75.689604403129266, 4.516444391820136, 0.0 ], [ -75.689301351140529, 4.516487967222545, 0.0 ], [ -75.689340586807873, 4.516867290419238, 0.0 ], [ -75.689297231410364, 4.517068829463232, 0.0 ], [ -75.689096406156111, 4.517420580029128, 0.0 ], [ -75.688864098284526, 4.517764439489111, 0.0 ], [ -75.68884638482028, 4.518279452833009, 0.0 ], [ -75.688203581025348, 4.517991975563478, 0.0 ], [ -75.688511140197107, 4.517127703422622, 0.0 ], [ -75.688108927103059, 4.516590161704679, 0.0 ], [ -75.687960704401121, 4.51645855896551, 0.0 ], [ -75.687860415652665, 4.516387321470667, 0.0 ], [ -75.687382860080035, 4.516108603251215, 0.0 ], [ -75.687304274515228, 4.51605115049611, 0.0 ], [ -75.687156283856353, 4.515889787134194, 0.0 ], [ -75.687095860659241, 4.515841088672876, 0.0 ], [ -75.687042040928318, 4.51581622444, 0.0 ], [ -75.686700970320388, 4.51557121564433, 0.0 ], [ -75.686618286644347, 4.515535696589833, 0.0 ], [ -75.686467631596102, 4.515520195630933, 0.0 ], [ -75.686449244666505, 4.515532895160852, 0.0 ] ] ] } },
{ "type": "Feature", "properties": { "barrio": "AGUA AZUL", "barrio_alt": "GUADUALES DE LA VILLA", "barrio_alt2": "GUADUALES DE LA VILLA", "vulnerabilidad": "Muy baja", "indice": 1.3333333333299999, "val_suelo": 1.0, "val_falla": 1.0, "val_antig": 2.0, "clas_antiguedad": "Media", "clas_falla": null, "clas_falla_alt": null, "porcentaje_limitacion_suelo": 0.0, "area_m2": 41563.768662900002, "shape_area": 11194.3649157 }, "geometry": { "type": "Polygon", "coordinates": [ [ [ -75.702729814570844, 4.516072340487651, 0.0 ], [ -75.702857493675864, 4.516614601394032, 0.0 ], [ -75.702741986388133, 4.516640196184023, 0.0 ], [ -75.702640612214623, 4.516704506927427, 0.0 ], [ -75.70257659028708, 4.516731310880311, 0.0 ], [ -75.702499237973825, 4.516739374163421, 0.0 ], [ -75.702363176113565, 4.516849224047707, 0.0 ], [ -75.702309832335274, 4.516843888530137, 0.0 ], [ -75.702268293869423, 4.516859002576074, 0.0 ], [ -75.701837173528247, 4.516293003863213, 0.0 ], [ -75.701378919292978, 4.516148419553693, 0.0 ], [ -75.70124798404926, 4.515964385575821, 0.0 ], [ -75.701496741372452, 4.515793482859927, 0.0 ], [ -75.702581291500735, 4.515935472846841, 0.0 ], [ -75.702646119948966, 4.516122312309244, 0.0 ], [ -75.702729814570844, 4.516072340487651, 0.0 ] ] ] } },
{ "type": "Feature", "properties": { "barrio": "ESTADIO CENTENARIO", "barrio_alt": "ESTADIO CENTENARIO", "barrio_alt2": "ESTADIO CENTENARIO", "vulnerabilidad": "Muy baja", "indice": 1.3333333333299999, "val_suelo": 1.0, "val_falla": 1.0, "val_antig": 2.0, "clas_antiguedad": "Media", "clas_falla": null, "clas_falla_alt": null, "porcentaje_limitacion_suelo": 0.0, "area_m2": 110362.76315699999, "shape_area": 110431.984222 }, "geometry": { "type": "Polygon", "coordinates": [ [ [ -75.703146252498414, 4.511245033754052, 0.0 ], [ -75.705241039121105, 4.510061838615858, 0.0 ], [ -75.705620752174909, 4.510600792803322, 0.0 ], [ -75.706314652259437, 4.510272121194094, 0.0 ], [ -75.70694309394564, 4.51008805407549, 0.0 ], [ -75.707204948797212, 4.51008804159016, 0.0 ], [ -75.707781009355386, 4.509693645540018, 0.0 ], [ -75.70810832826028, 4.509706776308785, 0.0 ], [ -75.70844873222768, 4.509575303336796, 0.0 ], [ -75.709090282521913, 4.509719873931715, 0.0 ], [ -75.709915180430869, 4.51086350251045, 0.0 ], [ -75.709522416624196, 4.511231598754533, 0.0 ], [ -75.709064184735468, 4.511533970575099, 0.0 ], [ -75.70753233482219, 4.51154718990291, 0.0 ], [ -75.705869553540452, 4.511507829538986, 0.0 ], [ -75.705345849820375, 4.511639308773167, 0.0 ], [ -75.705084006535017, 4.511902232215279, 0.0 ], [ -75.704939982819468, 4.511836510920487, 0.0 ], [ -75.704625743896372, 4.511521029328062, 0.0 ], [ -75.704337707892506, 4.5116262066808, 0.0 ], [ -75.704141327863283, 4.511902272827583, 0.0 ], [ -75.703395042762793, 4.511941741004784, 0.0 ], [ -75.703146252498414, 4.511245033754052, 0.0 ] ] ] } },
{ "type": "Feature", "properties": { "barrio": "NUEVA CECILIA", "barrio_alt": "ASENTAMIENTO FUNDADORES BAJO", "barrio_alt2": "ASENTAMIENTO FUNDADORES BAJO", "vulnerabilidad": "Baja", "indice": 1.6666666666700001, "val_suelo": 1.0, "val_falla": 1.0, "val_antig": 3.0, "clas_antiguedad": "Alto", "clas_falla": null, "clas_falla_alt": null, "porcentaje_limitacion_suelo": 0.0, "area_m2": 4179.3446354600001, "shape_area": 97616.748909200003 }, "geometry": { "type": "Polygon", "coordinates": [ [ [ -75.662374593385692, 4.54861397082133, 0.0 ], [ -75.661390232240606, 4.548095588175285, 0.0 ], [ -75.661481261822615, 4.547958543119289, 0.0 ], [ -75.661559300766214, 4.547801928798378, 0.0 ], [ -75.661706707744912, 4.547450734376808, 0.0 ], [ -75.661803972752224, 4.547180633929417, 0.0 ], [ -75.662056178103754, 4.546610690299702, 0.0 ], [ -75.66260069150286, 4.545283988269485, 0.0 ], [ -75.662699714270516, 4.544986020073488, 0.0 ], [ -75.662745075931738, 4.544764598654303, 0.0 ], [ -75.663897620752067, 4.544782093504669, 0.0 ], [ -75.663988035000258, 4.544836988263364, 0.0 ], [ -75.663479874864137, 4.545165573691342, 0.0 ], [ -75.663018131514036, 4.545610225657162, 0.0 ], [ -75.662994572011712, 4.545700102725932, 0.0 ], [ -75.663109534313904, 4.545724262574628, 0.0 ], [ -75.663110375082752, 4.545712312247882, 0.0 ], [ -75.663442807142687, 4.545581729694515, 0.0 ], [ -75.664100072613934, 4.545609115465304, 0.0 ], [ -75.664157554782278, 4.545604077745137, 0.0 ], [ -75.664192561319851, 4.545551375060069, 0.0 ], [ -75.6642656836611, 4.545515190500758, 0.0 ], [ -75.664353149554472, 4.545527707210564, 0.0 ], [ -75.664463126509332, 4.545485016202796, 0.0 ], [ -75.664561842543407, 4.545486238366955, 0.0 ], [ -75.664556819097143, 4.54555900425794, 0.0 ], [ -75.664586912206261, 4.545575920912084, 0.0 ], [ -75.66438832009473, 4.546978425952428, 0.0 ], [ -75.664764233599854, 4.546896707167499, 0.0 ], [ -75.664865731959424, 4.547161862019842, 0.0 ], [ -75.664819910432456, 4.547462763909545, 0.0 ], [ -75.664885921470912, 4.547529039536189, 0.0 ], [ -75.664875687738629, 4.547743233799769, 0.0 ], [ -75.664601608651964, 4.547832173530865, 0.0 ], [ -75.66445420003356, 4.547910008724564, 0.0 ], [ -75.664372815228376, 4.547940235514457, 0.0 ], [ -75.664217964472499, 4.547924025871406, 0.0 ], [ -75.664100893711961, 4.547959392385747, 0.0 ], [ -75.664020630584531, 4.548013419001807, 0.0 ], [ -75.663838225459699, 4.548099937961631, 0.0 ], [ -75.66369640322182, 4.548218749000344, 0.0 ], [ -75.663574083272593, 4.548272602229168, 0.0 ], [ -75.663419799935539, 4.548303941426034, 0.0 ], [ -75.663257640846552, 4.54837077349563, 0.0 ], [ -75.6629394876405, 4.548431978367717, 0.0 ], [ -75.662744445697015, 4.548458033985249, 0.0 ], [ -75.662546886959817, 4.54838881854128, 0.0 ], [ -75.662374593385692, 4.54861397082133, 0.0 ] ] ] } },
{ "type": "Feature", "properties": { "barrio": "NUEVA CECILIA", "barrio_alt": "LA LORENA", "barrio_alt2": "LA LORENA", "vulnerabilidad": "Baja", "indice": 1.6666666666700001, "val_suelo": 1.0, "val_falla": 1.0, "val_antig": 3.0, "clas_antiguedad": "Alto", "clas_falla": null, "clas_falla_alt": null, "porcentaje_limitacion_suelo": 0.0, "area_m2": 167249.01804900001, "shape_area": 39457.095713800001 }, "geometry": { "type": "Polygon", "coordinates": [ [ [ -75.66161401804824, 4.549596685824524, 0.0 ], [ -75.661465409813786, 4.549588325263821, 0.0 ], [ -75.661338341744198, 4.549692478254983, 0.0 ], [ -75.661301025316561, 4.549704317659698, 0.0 ], [ -75.661268006579419, 4.549699604888731, 0.0 ], [ -75.661213283856384, 4.549707961139814, 0.0 ], [ -75.661122009451759, 4.549804634337526, 0.0 ], [ -75.661078106960844, 4.549821231795198, 0.0 ], [ -75.661004780113558, 4.549825716950622, 0.0 ], [ -75.660930175012311, 4.549811351621349, 0.0 ], [ -75.66086655146438, 4.549810880933636, 0.0 ], [ -75.660720708819937, 4.549842979638576, 0.0 ], [ -75.66064193980246, 4.549888213089337, 0.0 ], [ -75.660620958089595, 4.550610413847251, 0.0 ], [ -75.659586730974681, 4.550627391168424, 0.0 ], [ -75.659098937473274, 4.550422649119985, 0.0 ], [ -75.659277095564008, 4.550088784492687, 0.0 ], [ -75.659366151516423, 4.549961700411694, 0.0 ], [ -75.659468089509375, 4.549827067656354, 0.0 ], [ -75.659695552117839, 4.549581485587874, 0.0 ], [ -75.659831803116745, 4.549466223981055, 0.0 ], [ -75.66083025413775, 4.54873555049558, 0.0 ], [ -75.661059359303209, 4.548527053508906, 0.0 ], [ -75.662414187735564, 4.549622724936842, 0.0 ], [ -75.662717370443929, 4.550028552087432, 0.0 ], [ -75.662601934358463, 4.550043839587608, 0.0 ], [ -75.662407646933872, 4.550009863552794, 0.0 ], [ -75.662230912615357, 4.550005835640463, 0.0 ], [ -75.661973275100422, 4.549955585734217, 0.0 ], [ -75.661891877058622, 4.549920561549833, 0.0 ], [ -75.661820991978573, 4.549902333953384, 0.0 ], [ -75.661758044940655, 4.549860408529388, 0.0 ], [ -75.661709945331282, 4.549810352128521, 0.0 ], [ -75.661648306452221, 4.54963017120066, 0.0 ], [ -75.66161401804824, 4.549596685824524, 0.0 ] ] ] } },
{ "type": "Feature", "properties": { "barrio": "PROVIDENCIA", "barrio_alt": null, "barrio_alt2": null, "vulnerabilidad": "Alta", "indice": 2.3333333333300001, "val_suelo": 3.0, "val_falla": 1.0, "val_antig": 3.0, "clas_antiguedad": "Alto", "clas_falla": null, "clas_falla_alt": null, "porcentaje_limitacion_suelo": 1.3888888888799999, "area_m2": 29855.914369300001, "shape_area": 86172.491164799998 }, "geometry": { "type": "Polygon", "coordinates": [ [ [ -75.665362925729369, 4.549594112966076, 0.0 ], [ -75.665282486104701, 4.550107415347035, 0.0 ], [ -75.665129050560651, 4.550158616031451, 0.0 ], [ -75.665037216811925, 4.550205405314298, 0.0 ], [ -75.664892138137787, 4.550305651179203, 0.0 ], [ -75.664413345031505, 4.550702210921716, 0.0 ], [ -75.66469231762305, 4.551609327996964, 0.0 ], [ -75.663914259858686, 4.551758219556888, 0.0 ], [ -75.663865317751487, 4.551587235350632, 0.0 ], [ -75.663839893909994, 4.551538074329059, 0.0 ], [ -75.66375872099718, 4.551482752534842, 0.0 ], [ -75.663685467033417, 4.551473986913043, 0.0 ], [ -75.663657529162023, 4.551481240664631, 0.0 ], [ -75.663573840447569, 4.551531567173336, 0.0 ], [ -75.663494549832194, 4.551552252098677, 0.0 ], [ -75.663392437653442, 4.551600072980243, 0.0 ], [ -75.663315974879453, 4.551672667843277, 0.0 ], [ -75.663223007252952, 4.551732636206782, 0.0 ], [ -75.66307820927338, 4.551747233512986, 0.0 ], [ -75.662929925310038, 4.551734286906204, 0.0 ], [ -75.66284795939805, 4.551739902795137, 0.0 ], [ -75.662762586639502, 4.55177916702984, 0.0 ], [ -75.662642302327626, 4.551818141078027, 0.0 ], [ -75.662605711208911, 4.551882188575924, 0.0 ], [ -75.662524830324386, 4.551829120266525, 0.0 ], [ -75.662499064397409, 4.551767522288321, 0.0 ], [ -75.662495877005227, 4.551685201785439, 0.0 ], [ -75.662485065371968, 4.551664126480161, 0.0 ], [ -75.662453110246219, 4.551641946959039, 0.0 ], [ -75.662301907169322, 4.551644875550965, 0.0 ], [ -75.662097298247531, 4.551552240545683, 0.0 ], [ -75.661880319075763, 4.55150735517553, 0.0 ], [ -75.661806605437022, 4.551500759905157, 0.0 ], [ -75.661637789084935, 4.551525043395769, 0.0 ], [ -75.661552794548015, 4.551558174735383, 0.0 ], [ -75.661507053907627, 4.551590383256565, 0.0 ], [ -75.661445266693093, 4.551664290647694, 0.0 ], [ -75.661365209655187, 4.551732887385763, 0.0 ], [ -75.661280863706224, 4.551779251839934, 0.0 ], [ -75.661059063291731, 4.551811466569041, 0.0 ], [ -75.66093209433869, 4.551866685887338, 0.0 ], [ -75.660784116509674, 4.551875330416451, 0.0 ], [ -75.660637479468491, 4.551948521205697, 0.0 ], [ -75.660521223496886, 4.551959518196721, 0.0 ], [ -75.660441770242301, 4.551986534642746, 0.0 ], [ -75.660358172248465, 4.551990829144842, 0.0 ], [ -75.660313441467792, 4.552003934585811, 0.0 ], [ -75.66027184491, 4.552030282948979, 0.0 ], [ -75.66018548053286, 4.552110900855164, 0.0 ], [ -75.660107558465441, 4.552153285271751, 0.0 ], [ -75.659910294664158, 4.552188745855064, 0.0 ], [ -75.659687116037716, 4.552399624408945, 0.0 ], [ -75.659274173660478, 4.552223557205212, 0.0 ], [ -75.659454523284822, 4.551970814328091, 0.0 ], [ -75.659560006543003, 4.552052041476966, 0.0 ], [ -75.659920207962756, 4.551714246673013, 0.0 ], [ -75.659928120144727, 4.551719540545418, 0.0 ], [ -75.659971660649234, 4.551681123855216, 0.0 ], [ -75.659965068993188, 4.551671856243389, 0.0 ], [ -75.660085155241987, 4.551506288628832, 0.0 ], [ -75.660162963722968, 4.551536720929385, 0.0 ], [ -75.660647770724609, 4.550609265019894, 0.0 ], [ -75.66152222384018, 4.550568272513525, 0.0 ], [ -75.662879164431871, 4.55054492898207, 0.0 ], [ -75.662879464045986, 4.549954334832822, 0.0 ], [ -75.662958404987464, 4.549888309798169, 0.0 ], [ -75.662996143829631, 4.549869355571571, 0.0 ], [ -75.663091655938729, 4.549843331901493, 0.0 ], [ -75.663227303775713, 4.549875925612628, 0.0 ], [ -75.663299567510379, 4.549876116377418, 0.0 ], [ -75.663393976278556, 4.549812195662094, 0.0 ], [ -75.663483998187672, 4.5497261144887, 0.0 ], [ -75.663567128211113, 4.549672108825639, 0.0 ], [ -75.663605671528259, 4.549658550675905, 0.0 ], [ -75.663719652574017, 4.549667778537569, 0.0 ], [ -75.663859684271159, 4.549721741534076, 0.0 ], [ -75.663964177784592, 4.549725263681578, 0.0 ], [ -75.664094564677313, 4.54975402720022, 0.0 ], [ -75.664131052635071, 4.549747460532928, 0.0 ], [ -75.664257543440641, 4.549691553879333, 0.0 ], [ -75.664380926661181, 4.549599538665639, 0.0 ], [ -75.664443288723291, 4.549582118686098, 0.0 ], [ -75.664517506749419, 4.549582408784968, 0.0 ], [ -75.664627573993798, 4.549619728505133, 0.0 ], [ -75.664749035338588, 4.549675568219728, 0.0 ], [ -75.664829947465563, 4.54968505763876, 0.0 ], [ -75.665036269064032, 4.549672152506212, 0.0 ], [ -75.665362925729369, 4.549594112966076, 0.0 ] ] ] } },
{ "type": "Feature", "properties": { "barrio": "SECTOR FOGATA", "barrio_alt": "LA LORENA", "barrio_alt2": "LA LORENA", "vulnerabilidad": "Baja", "indice": 1.6666666666700001, "val_suelo": 1.0, "val_falla": 1.0, "val_antig": 3.0, "clas_antiguedad": "Alto", "clas_falla": null, "clas_falla_alt": null, "porcentaje_limitacion_suelo": 0.0, "area_m2": 167249.01804900001, "shape_area": 73996.754641099993 }, "geometry": { "type": "Polygon", "coordinates": [ [ [ -75.657226472816163, 4.555646652202621, 0.0 ], [ -75.656538718292964, 4.555180455076695, 0.0 ], [ -75.657797797317315, 4.553233611094963, 0.0 ], [ -75.657891568809831, 4.553295862008668, 0.0 ], [ -75.657961309040658, 4.553037534140482, 0.0 ], [ -75.658013917482322, 4.552896871766236, 0.0 ], [ -75.658381662706191, 4.552061356064837, 0.0 ], [ -75.65906407545009, 4.552517989132153, 0.0 ], [ -75.658330507976657, 4.553521119859613, 0.0 ], [ -75.658270229261461, 4.553643597261849, 0.0 ], [ -75.658272732006296, 4.553789783963507, 0.0 ], [ -75.658367084739353, 4.554248831701064, 0.0 ], [ -75.658448617303648, 4.55441518233055, 0.0 ], [ -75.658691160182272, 4.554797242597174, 0.0 ], [ -75.658742195767672, 4.554951107788863, 0.0 ], [ -75.658749808722391, 4.555092162106343, 0.0 ], [ -75.658729317559946, 4.555246049711551, 0.0 ], [ -75.658673056932358, 4.555415336701845, 0.0 ], [ -75.658591262530592, 4.555553856041004, 0.0 ], [ -75.658224030010416, 4.55599695457478, 0.0 ], [ -75.658198464435173, 4.5560533862, 0.0 ], [ -75.658208669348284, 4.556089287853814, 0.0 ], [ -75.658377176612021, 4.556345702484551, 0.0 ], [ -75.658377159806975, 4.556391866973133, 0.0 ], [ -75.657779384975882, 4.556433092649436, 0.0 ], [ -75.657738351803943, 4.556408382615425, 0.0 ], [ -75.657342169675971, 4.556806121863316, 0.0 ], [ -75.657071960329745, 4.557656673497386, 0.0 ], [ -75.65630066835098, 4.557557760808588, 0.0 ], [ -75.656281813656818, 4.557562999127483, 0.0 ], [ -75.656326716535219, 4.557409734259927, 0.0 ], [ -75.657088329682864, 4.555947610659955, 0.0 ], [ -75.657164802293906, 4.555842048026657, 0.0 ], [ -75.657146081493138, 4.555822898583642, 0.0 ], [ -75.657226472816163, 4.555646652202621, 0.0 ] ] ] } },
{ "type": "Feature", "properties": { "barrio": null, "barrio_alt": "QUINTAS DE SAN JULIAN", "barrio_alt2": "QUINTAS DE SAN JULIAN", "vulnerabilidad": "Muy baja", "indice": 1.0, "val_suelo": 1.0, "val_falla": 1.0, "val_antig": 1.0, "clas_antiguedad": null, "clas_falla": null, "clas_falla_alt": null, "porcentaje_limitacion_suelo": 0.0, "area_m2": 19382.7780313, "shape_area": 6.4329317425000001 }, "geometry": { "type": "Polygon", "coordinates": [ [ [ -75.653507259277831, 4.560723238755411, 0.0 ], [ -75.653523093574307, 4.56074725381269, 0.0 ], [ -75.653477443150166, 4.56074419690952, 0.0 ], [ -75.653507259277831, 4.560723238755411, 0.0 ] ] ] } },
{ "type": "Feature", "properties": { "barrio": "COINCA", "barrio_alt": "LOS LAURELES", "barrio_alt2": "LOS LAURELES", "vulnerabilidad": "Baja", "indice": 1.6666666666700001, "val_suelo": 1.0, "val_falla": 1.0, "val_antig": 3.0, "clas_antiguedad": "Alto", "clas_falla": null, "clas_falla_alt": null, "porcentaje_limitacion_suelo": 0.0, "area_m2": 101417.91526199999, "shape_area": 62266.204815999998 }, "geometry": { "type": "Polygon", "coordinates": [ [ [ -75.654027190611203, 4.5596397655269, 0.0 ], [ -75.653466529570636, 4.559226380707216, 0.0 ], [ -75.653057478108821, 4.558984262633804, 0.0 ], [ -75.652150271922736, 4.55831573565804, 0.0 ], [ -75.652751436668211, 4.557472744612016, 0.0 ], [ -75.652918048086534, 4.5572219207916, 0.0 ], [ -75.654971126140836, 4.55864552236056, 0.0 ], [ -75.654958150555899, 4.558665437300244, 0.0 ], [ -75.655478250528901, 4.558985875059578, 0.0 ], [ -75.655547510166841, 4.559052020964692, 0.0 ], [ -75.655484428008734, 4.559178613510712, 0.0 ], [ -75.65536419985969, 4.55935753170638, 0.0 ], [ -75.655206669423464, 4.559565583262465, 0.0 ], [ -75.655057437417511, 4.559740350617849, 0.0 ], [ -75.654870916912671, 4.559902650475459, 0.0 ], [ -75.654489614855549, 4.560160691413627, 0.0 ], [ -75.653507259277831, 4.560723238755411, 0.0 ], [ -75.653239904207965, 4.560286226393702, 0.0 ], [ -75.653222683531098, 4.560119673265256, 0.0 ], [ -75.654027190611203, 4.5596397655269, 0.0 ] ] ] } },
{ "type": "Feature", "properties": { "barrio": null, "barrio_alt": "QUINTAS DE SAN JULIAN", "barrio_alt2": "QUINTAS DE SAN JULIAN", "vulnerabilidad": "Muy baja", "indice": 1.3333333333299999, "val_suelo": 1.0, "val_falla": 1.0, "val_antig": 2.0, "clas_antiguedad": "Media", "clas_falla": null, "clas_falla_alt": null, "porcentaje_limitacion_suelo": 0.0, "area_m2": 19382.7780313, "shape_area": 6927.4439552800004 }, "geometry": { "type": "Polygon", "coordinates": [ [ [ -75.652821652004931, 4.559201785162324, 0.0 ], [ -75.652785990428242, 4.559086409104785, 0.0 ], [ -75.653041430977183, 4.558972437921581, 0.0 ], [ -75.653466529570636, 4.559226380707216, 0.0 ], [ -75.654027190611203, 4.5596397655269, 0.0 ], [ -75.653222683531098, 4.560119673265256, 0.0 ], [ -75.653187635084763, 4.55978068553695, 0.0 ], [ -75.653109136735111, 4.559280420107528, 0.0 ], [ -75.652821652004931, 4.559201785162324, 0.0 ] ] ] } },
{ "type": "Feature", "properties": { "barrio": "BLOQUES COOMEVA", "barrio_alt": "LOS LAURELES", "barrio_alt2": "LOS LAURELES", "vulnerabilidad": "Muy baja", "indice": 1.0, "val_suelo": 1.0, "val_falla": 1.0, "val_antig": 1.0, "clas_antiguedad": "Baja", "clas_falla": null, "clas_falla_alt": null, "porcentaje_limitacion_suelo": 0.0, "area_m2": 101417.91526199999, "shape_area": 17220.694001899999 }, "geometry": { "type": "Polygon", "coordinates": [ [ [ -75.653973719350574, 4.561394169609624, 0.0 ], [ -75.653934575908991, 4.56143641068083, 0.0 ], [ -75.653904664429248, 4.561412281376396, 0.0 ], [ -75.653741239130369, 4.561601587296319, 0.0 ], [ -75.653273591867517, 4.561883270994385, 0.0 ], [ -75.653213465388873, 4.561930218524098, 0.0 ], [ -75.652572146508291, 4.561407048644095, 0.0 ], [ -75.652710185856492, 4.561210729791932, 0.0 ], [ -75.652720257571431, 4.561250105573577, 0.0 ], [ -75.652909149661156, 4.561092060632932, 0.0 ], [ -75.653477443150166, 4.56074419690952, 0.0 ], [ -75.653523093574307, 4.56074725381269, 0.0 ], [ -75.653507259277831, 4.560723238755411, 0.0 ], [ -75.654004715052039, 4.560439564667884, 0.0 ], [ -75.654431257221106, 4.561117515474755, 0.0 ], [ -75.654563401622013, 4.561306526107885, 0.0 ], [ -75.654168801534723, 4.561373558339302, 0.0 ], [ -75.653973719350574, 4.561394169609624, 0.0 ] ] ] } },
{ "type": "Feature", "properties": { "barrio": null, "barrio_alt": "ASENTAMIENTO REGIVIT BAJO", "barrio_alt2": "ASENTAMIENTO REGIVIT BAJO", "vulnerabilidad": "Baja", "indice": 1.6666666666700001, "val_suelo": 1.0, "val_falla": 1.0, "val_antig": 3.0, "clas_antiguedad": "Alto", "clas_falla": null, "clas_falla_alt": null, "porcentaje_limitacion_suelo": 0.0, "area_m2": 169202.74355099999, "shape_area": 102215.463282 }, "geometry": { "type": "Polygon", "coordinates": [ [ [ -75.650620255089621, 4.564141111543117, 0.0 ], [ -75.65078030579248, 4.564059457899758, 0.0 ], [ -75.651346202855578, 4.564518054001709, 0.0 ], [ -75.651291099846446, 4.564563856513934, 0.0 ], [ -75.651245257198539, 4.564653285180337, 0.0 ], [ -75.651216254835759, 4.56468270790965, 0.0 ], [ -75.651155944217109, 4.564715919670117, 0.0 ], [ -75.650987331622005, 4.564754266558253, 0.0 ], [ -75.650904046847771, 4.564792181269886, 0.0 ], [ -75.650748215898318, 4.564890994105308, 0.0 ], [ -75.650697815757866, 4.56493340521788, 0.0 ], [ -75.650617204866748, 4.565027264947511, 0.0 ], [ -75.650531448514727, 4.565165698259536, 0.0 ], [ -75.650490191359452, 4.565262470964637, 0.0 ], [ -75.650482258256474, 4.565396538250936, 0.0 ], [ -75.650498802563121, 4.565588847661331, 0.0 ], [ -75.650424441440933, 4.565788001660267, 0.0 ], [ -75.650436247807178, 4.565804147247346, 0.0 ], [ -75.650160309690122, 4.5661723472465, 0.0 ], [ -75.650018335652973, 4.566516080394917, 0.0 ], [ -75.649968230995285, 4.56651607853507, 0.0 ], [ -75.649776158686407, 4.566675365176368, 0.0 ], [ -75.649567376113623, 4.567086166482368, 0.0 ], [ -75.649500564793172, 4.567237072992275, 0.0 ], [ -75.649099725411645, 4.567304130352432, 0.0 ], [ -75.64889094176236, 4.567731698757008, 0.0 ], [ -75.648849174342232, 4.56814250562956, 0.0 ], [ -75.648966074657409, 4.568444327217796, 0.0 ], [ -75.649174834590582, 4.568721001180593, 0.0 ], [ -75.649358541754864, 4.569039592850975, 0.0 ], [ -75.649124708184544, 4.569374938226937, 0.0 ], [ -75.648757257309185, 4.569844420925839, 0.0 ], [ -75.647905475162545, 4.569861158401785, 0.0 ], [ -75.648147669584745, 4.569249146828907, 0.0 ], [ -75.648030796888349, 4.568159244238012, 0.0 ], [ -75.647204470655652, 4.568091949419925, 0.0 ], [ -75.647291840987208, 4.567993897762389, 0.0 ], [ -75.647364850612377, 4.567871795610473, 0.0 ], [ -75.647430948376254, 4.567665984412766, 0.0 ], [ -75.647587277258808, 4.567683367989425, 0.0 ], [ -75.647639448649855, 4.567547320648173, 0.0 ], [ -75.647681132334782, 4.567561257528531, 0.0 ], [ -75.647748620343066, 4.567419823163279, 0.0 ], [ -75.64776121330415, 4.567321341784967, 0.0 ], [ -75.647823409498301, 4.567140440587519, 0.0 ], [ -75.647914190515124, 4.566787295095074, 0.0 ], [ -75.648021277998239, 4.566545805075065, 0.0 ], [ -75.648053051246563, 4.566537337626086, 0.0 ], [ -75.648494188105275, 4.56580674174342, 0.0 ], [ -75.648708871183601, 4.565349167275727, 0.0 ], [ -75.648655730204965, 4.565299746199776, 0.0 ], [ -75.649285856620196, 4.564246888426277, 0.0 ], [ -75.649264096867597, 4.564213034394026, 0.0 ], [ -75.650100265448771, 4.564844895201526, 0.0 ], [ -75.650665227540131, 4.564145177251203, 0.0 ], [ -75.650620255089621, 4.564141111543117, 0.0 ] ] ] } },
{ "type": "Feature", "properties": { "barrio": "LOS QUINDOS III ETAPA", "barrio_alt": "LOS QUINDOS I Y II ETAPA", "barrio_alt2": "LOS QUINDOS I Y II ETAPA", "vulnerabilidad": "Baja", "indice": 1.6666666666700001, "val_suelo": 1.0, "val_falla": 1.0, "val_antig": 3.0, "clas_antiguedad": "Alto", "clas_falla": null, "clas_falla_alt": null, "porcentaje_limitacion_suelo": 0.0, "area_m2": 27161.858177900001, "shape_area": 36832.805184999997 }, "geometry": { "type": "Polygon", "coordinates": [ [ [ -75.705386699397963, 4.522193251130931, 0.0 ], [ -75.705406158407172, 4.521993876811519, 0.0 ], [ -75.705469183255985, 4.52173097767158, 0.0 ], [ -75.70554675589419, 4.521502157777192, 0.0 ], [ -75.705789202371989, 4.521497278081775, 0.0 ], [ -75.70593951790498, 4.521477798226379, 0.0 ], [ -75.706293489698567, 4.521472913584929, 0.0 ], [ -75.706421565858363, 4.521493759854802, 0.0 ], [ -75.706414023958828, 4.521517233263158, 0.0 ], [ -75.706649220373905, 4.521585346724457, 0.0 ], [ -75.706854002571873, 4.521616900844276, 0.0 ], [ -75.706998005587479, 4.521680037740171, 0.0 ], [ -75.707212007483918, 4.521744033718936, 0.0 ], [ -75.707415697843516, 4.521842992782421, 0.0 ], [ -75.707478318331042, 4.521860894281711, 0.0 ], [ -75.70764022095203, 4.521879723374406, 0.0 ], [ -75.70787764452362, 4.521998346192397, 0.0 ], [ -75.708237058297343, 4.522243488121973, 0.0 ], [ -75.708294597400709, 4.522257305135931, 0.0 ], [ -75.70836065468572, 4.522242524656978, 0.0 ], [ -75.708249043717487, 4.522403940589101, 0.0 ], [ -75.708212755727217, 4.522562893156564, 0.0 ], [ -75.708130163924693, 4.522715615799405, 0.0 ], [ -75.708068662058167, 4.522719735159127, 0.0 ], [ -75.707979192043368, 4.522763524171, 0.0 ], [ -75.707928514570156, 4.522769372196318, 0.0 ], [ -75.707878606138593, 4.522760607273948, 0.0 ], [ -75.707806916581788, 4.522730234326078, 0.0 ], [ -75.707756712263219, 4.522730568682282, 0.0 ], [ -75.707708796200947, 4.522743795917749, 0.0 ], [ -75.707647126398783, 4.522785878004785, 0.0 ], [ -75.707525676808046, 4.522847042841951, 0.0 ], [ -75.707490662961263, 4.522918381815979, 0.0 ], [ -75.70736779898445, 4.522983169879657, 0.0 ], [ -75.707292377842194, 4.522990283003136, 0.0 ], [ -75.707176719498321, 4.522936999095764, 0.0 ], [ -75.707043832744546, 4.522941617844787, 0.0 ], [ -75.706927943360867, 4.522980839924258, 0.0 ], [ -75.706855771326374, 4.522992524294609, 0.0 ], [ -75.706776231639964, 4.522980740405093, 0.0 ], [ -75.706404084922752, 4.52278840198411, 0.0 ], [ -75.70640968151902, 4.522723588070081, 0.0 ], [ -75.706395079574548, 4.5226759205781, 0.0 ], [ -75.706378006298422, 4.522649979924204, 0.0 ], [ -75.706336771573191, 4.522632162891028, 0.0 ], [ -75.706261304632676, 4.522634717021289, 0.0 ], [ -75.70608056127513, 4.522704509168213, 0.0 ], [ -75.705951770991049, 4.522730610294595, 0.0 ], [ -75.705862275727327, 4.522725711570406, 0.0 ], [ -75.705772661786824, 4.522687400186358, 0.0 ], [ -75.705727012553197, 4.522656359140095, 0.0 ], [ -75.705644631071124, 4.522566544084315, 0.0 ], [ -75.705599793457409, 4.522368818717397, 0.0 ], [ -75.705570727848325, 4.522304626177815, 0.0 ], [ -75.705525870216917, 4.522256046590312, 0.0 ], [ -75.70548226606796, 4.52222529528601, 0.0 ], [ -75.705386699397963, 4.522193251130931, 0.0 ] ] ] } },
{ "type": "Feature", "properties": { "barrio": "CAMINOS DEL CAMPO", "barrio_alt": "BLOQUES DE LOS CRISTALES", "barrio_alt2": "BLOQUES DE LOS CRISTALES", "vulnerabilidad": "Muy baja", "indice": 1.3333333333299999, "val_suelo": 1.0, "val_falla": 1.0, "val_antig": 2.0, "clas_antiguedad": "Media", "clas_falla": null, "clas_falla_alt": null, "porcentaje_limitacion_suelo": 0.0, "area_m2": 8120.4317636799997, "shape_area": 18208.386428599999 }, "geometry": { "type": "Polygon", "coordinates": [ [ [ -75.69498899118841, 4.522265216567138, 0.0 ], [ -75.694827857816989, 4.523488450305655, 0.0 ], [ -75.694625711864504, 4.52340617613561, 0.0 ], [ -75.694235080146896, 4.523356819471553, 0.0 ], [ -75.693724255069469, 4.52331295108992, 0.0 ], [ -75.693350012703419, 4.523249879991969, 0.0 ], [ -75.693522085974251, 4.52243804610524, 0.0 ], [ -75.693860811301818, 4.522325587773134, 0.0 ], [ -75.694218658495146, 4.522257010877248, 0.0 ], [ -75.694265100524063, 4.522391400133922, 0.0 ], [ -75.694450853853311, 4.522358482915942, 0.0 ], [ -75.694497294622707, 4.52242430505069, 0.0 ], [ -75.69498899118841, 4.522265216567138, 0.0 ] ] ] } },
{ "type": "Feature", "properties": { "barrio": null, "barrio_alt": "CA?AS GORDAS", "barrio_alt2": "CA?AS GORDAS", "vulnerabilidad": "Muy baja", "indice": 1.3333333333299999, "val_suelo": 1.0, "val_falla": 2.0, "val_antig": 1.0, "clas_antiguedad": null, "clas_falla": "Media", "clas_falla_alt": "Media", "porcentaje_limitacion_suelo": 0.0, "area_m2": 45036.999410700002, "shape_area": 94805.902902300004 }, "geometry": { "type": "Polygon", "coordinates": [ [ [ -75.692086654053597, 4.509629383942023, 0.0 ], [ -75.691660973027979, 4.509732288556751, 0.0 ], [ -75.691355888022784, 4.509783349800284, 0.0 ], [ -75.691183001819383, 4.509630194071105, 0.0 ], [ -75.691071127061278, 4.509211560655606, 0.0 ], [ -75.691071123418084, 4.509058400980748, 0.0 ], [ -75.690582982401864, 4.508915463471246, 0.0 ], [ -75.69109139864203, 4.506413843143148, 0.0 ], [ -75.693379549134008, 4.506863052488717, 0.0 ], [ -75.694646047580619, 4.507268047674059, 0.0 ], [ -75.694607985750338, 4.50730428737105, 0.0 ], [ -75.694486071902176, 4.507363807322673, 0.0 ], [ -75.69436220574471, 4.507490977691929, 0.0 ], [ -75.694311443994991, 4.507568713074711, 0.0 ], [ -75.694234775006649, 4.507744517535703, 0.0 ], [ -75.694196498723244, 4.507791997092789, 0.0 ], [ -75.694149185041894, 4.50782591791239, 0.0 ], [ -75.693960824029801, 4.50793426593991, 0.0 ], [ -75.693795235041421, 4.507960094273017, 0.0 ], [ -75.693703147429375, 4.507995540933096, 0.0 ], [ -75.693628853330708, 4.508004754927567, 0.0 ], [ -75.693535082890548, 4.508064627834778, 0.0 ], [ -75.693420394667839, 4.508115962831749, 0.0 ], [ -75.693325092810412, 4.50818904135048, 0.0 ], [ -75.693307706605793, 4.508213119972528, 0.0 ], [ -75.693290708271292, 4.508272791151607, 0.0 ], [ -75.693301891367312, 4.508378999157707, 0.0 ], [ -75.693295029970997, 4.508493448486509, 0.0 ], [ -75.693250989819759, 4.508629335054779, 0.0 ], [ -75.693224718445833, 4.508675059622697, 0.0 ], [ -75.693172228375374, 4.508721643601066, 0.0 ], [ -75.693021315511146, 4.508892049921153, 0.0 ], [ -75.692905278354431, 4.508983418281381, 0.0 ], [ -75.692769464318076, 4.509053431480177, 0.0 ], [ -75.692635533402807, 4.509150951351689, 0.0 ], [ -75.692519934539277, 4.509218765923902, 0.0 ], [ -75.692389893203185, 4.509264917133446, 0.0 ], [ -75.692198956294618, 4.509369683770092, 0.0 ], [ -75.692171354295454, 4.509400483905481, 0.0 ], [ -75.692078406040039, 4.509576043388538, 0.0 ], [ -75.692086654053597, 4.509629383942023, 0.0 ] ] ] } },
{ "type": "Feature", "properties": { "barrio": null, "barrio_alt": null, "barrio_alt2": null, "vulnerabilidad": "Media", "indice": 2.0, "val_suelo": 2.0, "val_falla": 1.0, "val_antig": 3.0, "clas_antiguedad": "Alto", "clas_falla": null, "clas_falla_alt": null, "porcentaje_limitacion_suelo": 1.3888888888799999, "area_m2": 126338.40612299999, "shape_area": 126416.105058 }, "geometry": { "type": "Polygon", "coordinates": [ [ [ -75.697985629516893, 4.516813496373803, 0.0 ], [ -75.69700415318465, 4.516801362923852, 0.0 ], [ -75.696991985043439, 4.515219804739451, 0.0 ], [ -75.698385402686469, 4.514246491581684, 0.0 ], [ -75.69888218706518, 4.51394232766835, 0.0 ], [ -75.699330548805236, 4.514915579031735, 0.0 ], [ -75.699694043443841, 4.514514093069544, 0.0 ], [ -75.700057544249802, 4.514295095397603, 0.0 ], [ -75.700469504871748, 4.513881441390014, 0.0 ], [ -75.70079665266357, 4.513625946579412, 0.0 ], [ -75.701329796473132, 4.513577262935048, 0.0 ], [ -75.701511550534931, 4.513577256430423, 0.0 ], [ -75.701947799198166, 4.514574837220215, 0.0 ], [ -75.701026917643617, 4.514769526970388, 0.0 ], [ -75.701087553670419, 4.516107766445717, 0.0 ], [ -75.700711941230892, 4.516484921812338, 0.0 ], [ -75.700118208674851, 4.516484943536354, 0.0 ], [ -75.699912217217161, 4.516424121827202, 0.0 ], [ -75.69945178508604, 4.516801279413934, 0.0 ], [ -75.699148867095062, 4.516983777325025, 0.0 ], [ -75.698821709108444, 4.517020286350473, 0.0 ], [ -75.698458196894407, 4.516947304146071, 0.0 ], [ -75.697985629516893, 4.516813496373803, 0.0 ] ] ] } },
{ "type": "Feature", "properties": { "barrio": "PLAZA DE BOLIVAR", "barrio_alt": "VELEZ", "barrio_alt2": "VELEZ", "vulnerabilidad": "Muy baja", "indice": 1.3333333333299999, "val_suelo": 1.0, "val_falla": 1.0, "val_antig": 2.0, "clas_antiguedad": "Media", "clas_falla": "Baja", "clas_falla_alt": "Baja", "porcentaje_limitacion_suelo": 0.0, "area_m2": 44627.090210199996, "shape_area": 33868.510597 }, "geometry": { "type": "Polygon", "coordinates": [ [ [ -75.671644007247508, 4.531427488456661, 0.0 ], [ -75.671631124588643, 4.53143180508546, 0.0 ], [ -75.671815830538108, 4.531254977604164, 0.0 ], [ -75.672116407085483, 4.531017679256426, 0.0 ], [ -75.672578033126314, 4.531466206474714, 0.0 ], [ -75.67348931760398, 4.532500089024507, 0.0 ], [ -75.672468675722513, 4.533396728499403, 0.0 ], [ -75.671994807654258, 4.532893511000219, 0.0 ], [ -75.671142122100207, 4.531910258538333, 0.0 ], [ -75.671644007247508, 4.531427488456661, 0.0 ] ] ] } },
{ "type": "Feature", "properties": { "barrio": "SECTOR CENTRO", "barrio_alt": "SECTOR CENTRO", "barrio_alt2": "SECTOR CENTRO", "vulnerabilidad": "Baja", "indice": 1.6666666666700001, "val_suelo": 1.0, "val_falla": 1.0, "val_antig": 3.0, "clas_antiguedad": "Alto", "clas_falla": "Baja", "clas_falla_alt": "Baja", "porcentaje_limitacion_suelo": 0.0, "area_m2": 31763.883434300002, "shape_area": 31781.854997599999 }, "geometry": { "type": "Polygon", "coordinates": [ [ [ -75.669471297062046, 4.536980677524536, 0.0 ], [ -75.668156777407361, 4.53551702430882, 0.0 ], [ -75.668591087055901, 4.535104068428246, 0.0 ], [ -75.66911501461594, 4.534640409542246, 0.0 ], [ -75.670454719229497, 4.536123242149909, 0.0 ], [ -75.669471297062046, 4.536980677524536, 0.0 ] ] ] } },
{ "type": "Feature", "properties": { "barrio": "FLORIDA NORTE", "barrio_alt": "SECTOR CENTRO", "barrio_alt2": "SECTOR CENTRO", "vulnerabilidad": "Baja", "indice": 1.6666666666700001, "val_suelo": 1.0, "val_falla": 1.0, "val_antig": 3.0, "clas_antiguedad": "Alto", "clas_falla": "Baja", "clas_falla_alt": "Baja", "porcentaje_limitacion_suelo": 0.0, "area_m2": 31763.883434300002, "shape_area": 72634.247640700007 }, "geometry": { "type": "Polygon", "coordinates": [ [ [ -75.669122385864654, 4.534633885697247, 0.0 ], [ -75.668591087055901, 4.535104068428246, 0.0 ], [ -75.668156777407361, 4.53551702430882, 0.0 ], [ -75.669471297062046, 4.536980677524536, 0.0 ], [ -75.667638810835484, 4.538639307618583, 0.0 ], [ -75.66637212583241, 4.537266888137314, 0.0 ], [ -75.666800437699152, 4.536818572031703, 0.0 ], [ -75.667073826081207, 4.536736229915188, 0.0 ], [ -75.667657064175131, 4.535217435434376, 0.0 ], [ -75.668404326993567, 4.534512937207186, 0.0 ], [ -75.668796182984394, 4.534229309007535, 0.0 ], [ -75.669122385864654, 4.534633885697247, 0.0 ] ] ] } },
{ "type": "Feature", "properties": { "barrio": "FLORIDA NORTE", "barrio_alt": null, "barrio_alt2": null, "vulnerabilidad": "Baja", "indice": 1.6666666666700001, "val_suelo": 1.0, "val_falla": 1.0, "val_antig": 3.0, "clas_antiguedad": "Alto", "clas_falla": "Baja", "clas_falla_alt": "Baja", "porcentaje_limitacion_suelo": 1.3888888888799999, "area_m2": 9856.8626698400003, "shape_area": 168111.400115 }, "geometry": { "type": "Polygon", "coordinates": [ [ [ -75.664221111037676, 4.540049638270661, 0.0 ], [ -75.663701326918414, 4.539635483648514, 0.0 ], [ -75.663745183479719, 4.539541236496039, 0.0 ], [ -75.663874533528798, 4.539371474243101, 0.0 ], [ -75.664023701438182, 4.539301509840089, 0.0 ], [ -75.664172855176901, 4.539251508115774, 0.0 ], [ -75.664222608055297, 4.5391816082403, 0.0 ], [ -75.664192936802152, 4.538952061195716, 0.0 ], [ -75.664282508925453, 4.538802286573985, 0.0 ], [ -75.664322300806063, 4.538762336292965, 0.0 ], [ -75.664461533117219, 4.538682397913485, 0.0 ], [ -75.664660360130682, 4.538682269712366, 0.0 ], [ -75.664859214450757, 4.538642216999946, 0.0 ], [ -75.664918902637737, 4.538582291112641, 0.0 ], [ -75.664909033325344, 4.538472505558498, 0.0 ], [ -75.664770185644358, 4.53797353799515, 0.0 ], [ -75.664929459651503, 4.537654039122322, 0.0 ], [ -75.665068677552625, 4.537594062563056, 0.0 ], [ -75.665257702843718, 4.53738433637517, 0.0 ], [ -75.665188358141393, 4.537015079317666, 0.0 ], [ -75.665367434716174, 4.536815340994141, 0.0 ], [ -75.665466874811116, 4.536775352037361, 0.0 ], [ -75.665665794636197, 4.53663548791059, 0.0 ], [ -75.665655925412409, 4.536525701508403, 0.0 ], [ -75.665626174033477, 4.536415928909995, 0.0 ], [ -75.665487087891123, 4.536276282342757, 0.0 ], [ -75.665338054099237, 4.536146624401311, 0.0 ], [ -75.665169097525222, 4.536076864595685, 0.0 ], [ -75.665089646574643, 4.535957142787553, 0.0 ], [ -75.665159361887305, 4.535767455902704, 0.0 ], [ -75.665606873578412, 4.535537600706221, 0.0 ], [ -75.665815674625236, 4.53548756049016, 0.0 ], [ -75.66596477443359, 4.5355174077658, 0.0 ], [ -75.666153666781241, 4.535507303875256, 0.0 ], [ -75.666133810212358, 4.535467392364958, 0.0 ], [ -75.665935115841023, 4.535267898349504, 0.0 ], [ -75.665865639163016, 4.53509826354205, 0.0 ], [ -75.665845848881048, 4.534958540493832, 0.0 ], [ -75.665845915140423, 4.534858728979962, 0.0 ], [ -75.665865850277712, 4.534778867248831, 0.0 ], [ -75.665978229157744, 4.534713555710414, 0.0 ], [ -75.666103183034394, 4.534838249793702, 0.0 ], [ -75.666206720455875, 4.535052030655864, 0.0 ], [ -75.666303529491813, 4.535146524467542, 0.0 ], [ -75.666382202418532, 4.535190241697082, 0.0 ], [ -75.666520231595229, 4.535246426258224, 0.0 ], [ -75.66666587513555, 4.535281312761257, 0.0 ], [ -75.666749241725498, 4.535281860781304, 0.0 ], [ -75.666888315626537, 4.535240521092876, 0.0 ], [ -75.667078096949226, 4.535150905981085, 0.0 ], [ -75.667247042931294, 4.535106450726302, 0.0 ], [ -75.667337488416777, 4.535097900259999, 0.0 ], [ -75.667428591643557, 4.535118585616396, 0.0 ], [ -75.667481806777502, 4.535145817213847, 0.0 ], [ -75.667576580827102, 4.535077855664825, 0.0 ], [ -75.667621623459283, 4.535079122978579, 0.0 ], [ -75.667587427146955, 4.5349514385823, 0.0 ], [ -75.667529895190455, 4.534852331952241, 0.0 ], [ -75.667520706438708, 4.534785849575124, 0.0 ], [ -75.667527086637634, 4.534574116414872, 0.0 ], [ -75.667519988095947, 4.534542534846809, 0.0 ], [ -75.667469718150272, 4.534413006783567, 0.0 ], [ -75.667402601133531, 4.534292072608465, 0.0 ], [ -75.667364763900437, 4.534200535159085, 0.0 ], [ -75.667352783637028, 4.534005973780237, 0.0 ], [ -75.667368910591819, 4.533954325690846, 0.0 ], [ -75.667417830226583, 4.533912808465772, 0.0 ], [ -75.667453866582122, 4.533898788886892, 0.0 ], [ -75.667439987795305, 4.533887486069281, 0.0 ], [ -75.667685579764154, 4.533805153114208, 0.0 ], [ -75.667814915917361, 4.533655352098258, 0.0 ], [ -75.667919347471553, 4.533428935332548, 0.0 ], [ -75.667950990603273, 4.533426544656749, 0.0 ], [ -75.668081893355634, 4.533330033197256, 0.0 ], [ -75.668116307744071, 4.533291863084617, 0.0 ], [ -75.668149642607659, 4.533151754099213, 0.0 ], [ -75.668206940956111, 4.533075593919592, 0.0 ], [ -75.668244508474928, 4.533063473531652, 0.0 ], [ -75.668495230879586, 4.533036249390792, 0.0 ], [ -75.668728386086414, 4.532986863781634, 0.0 ], [ -75.668848476810268, 4.532997447530746, 0.0 ], [ -75.668952936432191, 4.533028343628979, 0.0 ], [ -75.669131216194998, 4.533675974580823, 0.0 ], [ -75.669604801535385, 4.534206962273934, 0.0 ], [ -75.669122385864654, 4.534633885697247, 0.0 ], [ -75.668796182984394, 4.534229309007535, 0.0 ], [ -75.668404326993567, 4.534512937207186, 0.0 ], [ -75.667657064175131, 4.535217435434376, 0.0 ], [ -75.667073826081207, 4.536736229915188, 0.0 ], [ -75.666800437699152, 4.536818572031703, 0.0 ], [ -75.66637212583241, 4.537266888137314, 0.0 ], [ -75.667638810835484, 4.538639307618583, 0.0 ], [ -75.669471297062046, 4.536980677524536, 0.0 ], [ -75.669881600483137, 4.537437529855458, 0.0 ], [ -75.667483406232336, 4.539564265844127, 0.0 ], [ -75.667088148492297, 4.540016538040168, 0.0 ], [ -75.667074351064528, 4.540043361084629, 0.0 ], [ -75.666963428113803, 4.540093107108889, 0.0 ], [ -75.6664944010585, 4.539628558727136, 0.0 ], [ -75.666419361205669, 4.539594048894499, 0.0 ], [ -75.666115271742328, 4.539287111610626, 0.0 ], [ -75.666014253391964, 4.539388742962627, 0.0 ], [ -75.665604606776853, 4.538673704696333, 0.0 ], [ -75.665308405916292, 4.538948348537244, 0.0 ], [ -75.665187809149174, 4.539093783551941, 0.0 ], [ -75.665104460469266, 4.539146608735955, 0.0 ], [ -75.664941821894061, 4.539214079951208, 0.0 ], [ -75.66475438466577, 4.539325914818273, 0.0 ], [ -75.664634006174808, 4.539426066285543, 0.0 ], [ -75.664489528917443, 4.539612529214565, 0.0 ], [ -75.664221111037676, 4.540049638270661, 0.0 ] ] ] } },
{ "type": "Feature", "properties": { "barrio": "SECTOR CENTRO", "barrio_alt": "SECTOR CENTRO", "barrio_alt2": "SECTOR CENTRO", "vulnerabilidad": "Muy baja", "indice": 1.0, "val_suelo": 1.0, "val_falla": 1.0, "val_antig": 1.0, "clas_antiguedad": null, "clas_falla": null, "clas_falla_alt": null, "porcentaje_limitacion_suelo": 0.0, "area_m2": 31763.883434300002, "shape_area": 10.584044925100001 }, "geometry": { "type": "Polygon", "coordinates": [ [ [ -75.669232431576688, 4.534770370586791, 0.0 ], [ -75.66911501461594, 4.534640409542246, 0.0 ], [ -75.669122385864654, 4.534633885697247, 0.0 ], [ -75.669232431576688, 4.534770370586791, 0.0 ] ] ] } },
{ "type": "Feature", "properties": { "barrio": "SECTOR CENTRO", "barrio_alt": "LA CABA?A", "barrio_alt2": "LA CABA?A", "vulnerabilidad": "Muy baja", "indice": 1.3333333333299999, "val_suelo": 1.0, "val_falla": 2.0, "val_antig": 1.0, "clas_antiguedad": null, "clas_falla": "Media", "clas_falla_alt": "Media", "porcentaje_limitacion_suelo": 0.0, "area_m2": 113740.413717, "shape_area": 600812.33452899999 }, "geometry": { "type": "Polygon", "coordinates": [ [ [ -75.669122385864654, 4.534633885697247, 0.0 ], [ -75.669604801535385, 4.534206962273934, 0.0 ], [ -75.669188500268405, 4.533745859977822, 0.0 ], [ -75.670408407205528, 4.532624495560944, 0.0 ], [ -75.671142122100207, 4.531910258538333, 0.0 ], [ -75.671994807654258, 4.532893511000219, 0.0 ], [ -75.672468675722513, 4.533396728499403, 0.0 ], [ -75.67348931760398, 4.532500089024507, 0.0 ], [ -75.672578033126314, 4.531466206474714, 0.0 ], [ -75.672116407085483, 4.531017679256426, 0.0 ], [ -75.672498765774279, 4.530715816908824, 0.0 ], [ -75.6726748479999, 4.530625212437148, 0.0 ], [ -75.673091156940458, 4.531069069374342, 0.0 ], [ -75.673615212676452, 4.53055153008188, 0.0 ], [ -75.675033273578876, 4.529284926268101, 0.0 ], [ -75.67557181071794, 4.529946501874709, 0.0 ], [ -75.678168147523692, 4.53287761086834, 0.0 ], [ -75.678460854137285, 4.533218485933678, 0.0 ], [ -75.678542981577053, 4.533349496795061, 0.0 ], [ -75.678518769173351, 4.533451431917709, 0.0 ], [ -75.678412377174496, 4.533548548734633, 0.0 ], [ -75.678107777335541, 4.533660310814828, 0.0 ], [ -75.678204333429235, 4.533970897380725, 0.0 ], [ -75.677438127884017, 4.534823611255196, 0.0 ], [ -75.676974134325206, 4.535461835328228, 0.0 ], [ -75.676716613835836, 4.535203285412069, 0.0 ], [ -75.676188286415112, 4.535664786572476, 0.0 ], [ -75.675720147319311, 4.535945199087854, 0.0 ], [ -75.675496790794057, 4.5361349770022, 0.0 ], [ -75.675359246181614, 4.536479914399169, 0.0 ], [ -75.674230412600863, 4.537440472292743, 0.0 ], [ -75.671863049517256, 4.539661246980969, 0.0 ], [ -75.669471297062046, 4.536980677524536, 0.0 ], [ -75.670454719229497, 4.536123242149909, 0.0 ], [ -75.669232431576688, 4.534770370586791, 0.0 ], [ -75.669122385864654, 4.534633885697247, 0.0 ] ] ] } },
{ "type": "Feature", "properties": { "barrio": null, "barrio_alt": "ASENTAMIENTO GAITAN BAJO", "barrio_alt2": "ASENTAMIENTO GAITAN BAJO", "vulnerabilidad": "Muy baja", "indice": 1.3333333333299999, "val_suelo": 1.0, "val_falla": 2.0, "val_antig": 1.0, "clas_antiguedad": "Baja", "clas_falla": "Media", "clas_falla_alt": "Media", "porcentaje_limitacion_suelo": 0.0, "area_m2": 16303.9651536, "shape_area": 41268.162961800001 }, "geometry": { "type": "Polygon", "coordinates": [ [ [ -75.684860065260878, 4.527580397726, 0.0 ], [ -75.684860069222225, 4.52781933339945, 0.0 ], [ -75.685002620759491, 4.528026610317814, 0.0 ], [ -75.685459769177825, 4.528544800231123, 0.0 ], [ -75.685489265889046, 4.528801430499789, 0.0 ], [ -75.685556945729815, 4.528909349270051, 0.0 ], [ -75.685545563392765, 4.52893811410937, 0.0 ], [ -75.685620558816481, 4.528979584310758, 0.0 ], [ -75.685530162373468, 4.529227061925028, 0.0 ], [ -75.685267288187831, 4.529395318827932, 0.0 ], [ -75.684958876683879, 4.529125095807412, 0.0 ], [ -75.684886323631758, 4.529151303512845, 0.0 ], [ -75.684772102966221, 4.529165361044273, 0.0 ], [ -75.684748887008695, 4.529254659803931, 0.0 ], [ -75.684688318867472, 4.529169553477266, 0.0 ], [ -75.684252486436975, 4.528870073757899, 0.0 ], [ -75.684095352040885, 4.528655780265457, 0.0 ], [ -75.683397519482455, 4.528402515156797, 0.0 ], [ -75.683364282849425, 4.528338545937934, 0.0 ], [ -75.683341084853566, 4.527964900391007, 0.0 ], [ -75.683226534779664, 4.527778427769173, 0.0 ], [ -75.683124808579805, 4.527700766012279, 0.0 ], [ -75.683016141075015, 4.527754989389865, 0.0 ], [ -75.682879864434398, 4.527913581229917, 0.0 ], [ -75.682852381245084, 4.527906458991867, 0.0 ], [ -75.682829599656657, 4.527944568844112, 0.0 ], [ -75.682434953064444, 4.52782785358868, 0.0 ], [ -75.682490843540762, 4.52726053767385, 0.0 ], [ -75.683799528381087, 4.527248734475831, 0.0 ], [ -75.68432725017189, 4.527214272333095, 0.0 ], [ -75.684259943676764, 4.527409998633743, 0.0 ], [ -75.684459448162713, 4.527430637511567, 0.0 ], [ -75.684752967507833, 4.527578254301569, 0.0 ], [ -75.684860065260878, 4.527580397726, 0.0 ] ] ] } },
{ "type": "Feature", "properties": { "barrio": null, "barrio_alt": "LOS PROFESIONALES", "barrio_alt2": "LOS PROFESIONALES", "vulnerabilidad": "Muy baja", "indice": 1.0, "val_suelo": 1.0, "val_falla": 1.0, "val_antig": 1.0, "clas_antiguedad": "Baja", "clas_falla": "Baja", "clas_falla_alt": "Baja", "porcentaje_limitacion_suelo": 0.0, "area_m2": 96304.565923899994, "shape_area": 34043.557560100002 }, "geometry": { "type": "Polygon", "coordinates": [ [ [ -75.669512214017956, 4.547405267671089, 0.0 ], [ -75.669370649497793, 4.547445875238804, 0.0 ], [ -75.669204093672249, 4.547690729486431, 0.0 ], [ -75.669007794601384, 4.54819835529447, 0.0 ], [ -75.668829342034797, 4.548437237236639, 0.0 ], [ -75.668401058716356, 4.548514871868488, 0.0 ], [ -75.667716996064314, 4.548592503754696, 0.0 ], [ -75.667544429797701, 4.548534750313285, 0.0 ], [ -75.667544351379334, 4.548503909449778, 0.0 ], [ -75.667421027771212, 4.548070125129517, 0.0 ], [ -75.667282119748833, 4.547704784406837, 0.0 ], [ -75.667132735821298, 4.547348074603775, 0.0 ], [ -75.667300620763427, 4.54727267016041, 0.0 ], [ -75.667455278063088, 4.547272670975735, 0.0 ], [ -75.667990632044166, 4.547063652704787, 0.0 ], [ -75.668246412004322, 4.547087542564701, 0.0 ], [ -75.668407017734111, 4.546986018608494, 0.0 ], [ -75.668859093845555, 4.546944217305634, 0.0 ], [ -75.66966879001464, 4.546972179077238, 0.0 ], [ -75.669531390429967, 4.547386014184439, 0.0 ], [ -75.669512214017956, 4.547405267671089, 0.0 ] ] ] } },
{ "type": "Feature", "properties": { "barrio": null, "barrio_alt": "URBANIZACION LA ALQUERIA", "barrio_alt2": "URBANIZACION LA ALQUERIA", "vulnerabilidad": "Baja", "indice": 1.6666666666700001, "val_suelo": 1.0, "val_falla": 1.0, "val_antig": 3.0, "clas_antiguedad": "Alto", "clas_falla": "Baja", "clas_falla_alt": "Baja", "porcentaje_limitacion_suelo": 0.0, "area_m2": 23219.931617400001, "shape_area": 170742.95803899999 }, "geometry": { "type": "Polygon", "coordinates": [ [ [ -75.664962879410197, 4.534464107886769, 0.0 ], [ -75.665469891583257, 4.534649220932795, 0.0 ], [ -75.665193335633631, 4.534880602326646, 0.0 ], [ -75.663119161394391, 4.536731647269278, 0.0 ], [ -75.661321527986516, 4.538767798070459, 0.0 ], [ -75.659431680366708, 4.541775755403195, 0.0 ], [ -75.658141039438036, 4.544043292247816, 0.0 ], [ -75.656112877026658, 4.547421451224571, 0.0 ], [ -75.654730056619755, 4.548624613378754, 0.0 ], [ -75.653900336738658, 4.550290554985366, 0.0 ], [ -75.652701873766006, 4.551725101536088, 0.0 ], [ -75.651365061912884, 4.555242096898318, 0.0 ], [ -75.649889998495553, 4.557463335020614, 0.0 ], [ -75.648092292727398, 4.559036683932489, 0.0 ], [ -75.647216468008807, 4.560239847732543, 0.0 ], [ -75.645326532830438, 4.562553614183468, 0.0 ], [ -75.644819509041682, 4.562322210262858, 0.0 ], [ -75.646571144736569, 4.560517485001125, 0.0 ], [ -75.647677463926911, 4.558620177729658, 0.0 ], [ -75.649244681842504, 4.557648420729903, 0.0 ], [ -75.650627551484135, 4.55570484104568, 0.0 ], [ -75.651180713272652, 4.554409108669848, 0.0 ], [ -75.651826075057571, 4.552604334877855, 0.0 ], [ -75.652701890391, 4.551123503761835, 0.0 ], [ -75.653623783899789, 4.550059164006835, 0.0 ], [ -75.653992558659866, 4.548948531156658, 0.0 ], [ -75.654545695106776, 4.548208117354211, 0.0 ], [ -75.655928514051212, 4.547051232466544, 0.0 ], [ -75.656988693786502, 4.545200186207333, 0.0 ], [ -75.659062937132177, 4.541868301593013, 0.0 ], [ -75.661413727143611, 4.537888540852369, 0.0 ], [ -75.66321135413645, 4.536176326732454, 0.0 ], [ -75.664962879410197, 4.534464107886769, 0.0 ] ] ] } },
{ "type": "Feature", "properties": { "barrio": "BLOQUES EL RETIRO", "barrio_alt": "BLOQUES EL RETIRO", "barrio_alt2": "BLOQUES EL RETIRO", "vulnerabilidad": "Muy baja", "indice": 1.0, "val_suelo": 1.0, "val_falla": 1.0, "val_antig": 1.0, "clas_antiguedad": null, "clas_falla": null, "clas_falla_alt": null, "porcentaje_limitacion_suelo": 0.0, "area_m2": 4257.1457107599999, "shape_area": 4259.4606573199999 }, "geometry": { "type": "Polygon", "coordinates": [ [ [ -75.655264288843597, 4.5562210441703, 0.0 ], [ -75.655275624162684, 4.556213970404577, 0.0 ], [ -75.655312910921737, 4.556330337377558, 0.0 ], [ -75.655481295848901, 4.556699321287962, 0.0 ], [ -75.655510655434327, 4.556781279689614, 0.0 ], [ -75.655577790901077, 4.556860806575459, 0.0 ], [ -75.655632565326201, 4.556945796346427, 0.0 ], [ -75.655678753577718, 4.557075767315277, 0.0 ], [ -75.655708735544451, 4.557119402570672, 0.0 ], [ -75.655749923665923, 4.557234123175627, 0.0 ], [ -75.655804487668121, 4.557343729697894, 0.0 ], [ -75.655740090101702, 4.557464892659254, 0.0 ], [ -75.65599153752062, 4.557597979180773, 0.0 ], [ -75.656155622179952, 4.557598055667427, 0.0 ], [ -75.656190070030888, 4.557588486128483, 0.0 ], [ -75.656165222247409, 4.557639510620621, 0.0 ], [ -75.655795311817542, 4.557639502077421, 0.0 ], [ -75.655221588544379, 4.557017994475884, 0.0 ], [ -75.655264288843597, 4.5562210441703, 0.0 ] ] ] } },
{ "type": "Feature", "properties": { "barrio": "BLOQUES EL RETIRO", "barrio_alt": "LOS LAURELES", "barrio_alt2": "LOS LAURELES", "vulnerabilidad": "Muy baja", "indice": 1.0, "val_suelo": 1.0, "val_falla": 1.0, "val_antig": 1.0, "clas_antiguedad": null, "clas_falla": null, "clas_falla_alt": null, "porcentaje_limitacion_suelo": 0.0, "area_m2": 101417.91526199999, "shape_area": 18408.840867899999 }, "geometry": { "type": "Polygon", "coordinates": [ [ [ -75.65630066835098, 4.557557760808588, 0.0 ], [ -75.656085689550153, 4.557951217066448, 0.0 ], [ -75.655873862209845, 4.558385447035431, 0.0 ], [ -75.655210208869235, 4.558047323328619, 0.0 ], [ -75.654920943910909, 4.557845781844247, 0.0 ], [ -75.654478675331816, 4.557162420740748, 0.0 ], [ -75.654982741211725, 4.556396742382688, 0.0 ], [ -75.655264288843597, 4.5562210441703, 0.0 ], [ -75.655221588544379, 4.557017994475884, 0.0 ], [ -75.655795311817542, 4.557639502077421, 0.0 ], [ -75.656165222247409, 4.557639510620621, 0.0 ], [ -75.656190070030888, 4.557588486128483, 0.0 ], [ -75.65630066835098, 4.557557760808588, 0.0 ] ] ] } },
{ "type": "Feature", "properties": { "barrio": null, "barrio_alt": "EL NOGAL", "barrio_alt2": "EL NOGAL", "vulnerabilidad": "Baja", "indice": 1.6666666666700001, "val_suelo": 1.0, "val_falla": 1.0, "val_antig": 3.0, "clas_antiguedad": "Alto", "clas_falla": null, "clas_falla_alt": null, "porcentaje_limitacion_suelo": 0.0, "area_m2": 61172.753072, "shape_area": 39583.208616299999 }, "geometry": { "type": "Polygon", "coordinates": [ [ [ -75.655278014188511, 4.556220822558096, 0.0 ], [ -75.65528955204843, 4.556191864117975, 0.0 ], [ -75.655198963583246, 4.556123649693205, 0.0 ], [ -75.655138572814636, 4.556032697445618, 0.0 ], [ -75.655181564241289, 4.555919405864025, 0.0 ], [ -75.65521392095954, 4.555952754936138, 0.0 ], [ -75.655917264548677, 4.55480042990747, 0.0 ], [ -75.656538718292964, 4.555180455076695, 0.0 ], [ -75.657226472816163, 4.555646652202621, 0.0 ], [ -75.657146081493138, 4.555822898583642, 0.0 ], [ -75.657164802293906, 4.555842048026657, 0.0 ], [ -75.657088329682864, 4.555947610659955, 0.0 ], [ -75.656326716535219, 4.557409734259927, 0.0 ], [ -75.656281813656818, 4.557562999127483, 0.0 ], [ -75.656155622179952, 4.557598055667427, 0.0 ], [ -75.65599153752062, 4.557597979180773, 0.0 ], [ -75.655740090101702, 4.557464892659254, 0.0 ], [ -75.655804487668121, 4.557343729697894, 0.0 ], [ -75.655749923665923, 4.557234123175627, 0.0 ], [ -75.655708735544451, 4.557119402570672, 0.0 ], [ -75.655678753577718, 4.557075767315277, 0.0 ], [ -75.655632565326201, 4.556945796346427, 0.0 ], [ -75.655504916749052, 4.556769276777491, 0.0 ], [ -75.655481295848901, 4.556699321287962, 0.0 ], [ -75.655312910921737, 4.556330337377558, 0.0 ], [ -75.655278014188511, 4.556220822558096, 0.0 ] ] ] } },
{ "type": "Feature", "properties": { "barrio": null, "barrio_alt": "GIBRALTAR", "barrio_alt2": "GIBRALTAR", "vulnerabilidad": "Muy baja", "indice": 1.0, "val_suelo": 1.0, "val_falla": 1.0, "val_antig": 1.0, "clas_antiguedad": "Baja", "clas_falla": null, "clas_falla_alt": null, "porcentaje_limitacion_suelo": 0.0, "area_m2": 63845.815805899998, "shape_area": 26942.910063300002 }, "geometry": { "type": "Polygon", "coordinates": [ [ [ -75.709266666944089, 4.526195350677026, 0.0 ], [ -75.70942015737036, 4.526038374433622, 0.0 ], [ -75.709536909199699, 4.525952765393589, 0.0 ], [ -75.709601222402895, 4.525923627005183, 0.0 ], [ -75.709752031466024, 4.525888307209007, 0.0 ], [ -75.709893451313775, 4.525836317902947, 0.0 ], [ -75.70995986523296, 4.525823163022322, 0.0 ], [ -75.710023063487256, 4.525836708983687, 0.0 ], [ -75.710082759007605, 4.525873402211509, 0.0 ], [ -75.710121779987773, 4.525935586135668, 0.0 ], [ -75.710125099336096, 4.526015400496777, 0.0 ], [ -75.710153434276123, 4.526043819153004, 0.0 ], [ -75.710324210452725, 4.52609620935729, 0.0 ], [ -75.710388311801253, 4.526137705405943, 0.0 ], [ -75.710472907593186, 4.526117675855736, 0.0 ], [ -75.710642849178214, 4.527466437516559, 0.0 ], [ -75.709947044162092, 4.527548696502546, 0.0 ], [ -75.709622787161578, 4.527619680888939, 0.0 ], [ -75.709212138166791, 4.527868848142595, 0.0 ], [ -75.709132071740527, 4.527445098870235, 0.0 ], [ -75.70913461190483, 4.527364456989899, 0.0 ], [ -75.709266666944089, 4.526195350677026, 0.0 ] ] ] } },
{ "type": "Feature", "properties": { "barrio": null, "barrio_alt": "LA GRECIA", "barrio_alt2": "LA GRECIA", "vulnerabilidad": "Baja", "indice": 1.6666666666700001, "val_suelo": 1.0, "val_falla": 1.0, "val_antig": 3.0, "clas_antiguedad": "Alto", "clas_falla": null, "clas_falla_alt": null, "porcentaje_limitacion_suelo": 0.78740157480399997, "area_m2": 153582.93043400001, "shape_area": 109400.722697 }, "geometry": { "type": "Polygon", "coordinates": [ [ [ -75.710796216438951, 4.528877991551205, 0.0 ], [ -75.710590849076937, 4.528747616208054, 0.0 ], [ -75.710499024861065, 4.528654727146069, 0.0 ], [ -75.710325334400849, 4.528540096752357, 0.0 ], [ -75.710105589450322, 4.528420712053439, 0.0 ], [ -75.709997696268431, 4.528393355743057, 0.0 ], [ -75.70988958544109, 4.528345774348843, 0.0 ], [ -75.709856683327743, 4.528309658764749, 0.0 ], [ -75.709849815919981, 4.528254637183275, 0.0 ], [ -75.709833049346301, 4.5282366384301, 0.0 ], [ -75.709794651857294, 4.528227287389226, 0.0 ], [ -75.709690643241842, 4.528229979083443, 0.0 ], [ -75.709228731323378, 4.527956665904868, 0.0 ], [ -75.709212138166791, 4.527868848142595, 0.0 ], [ -75.709622787161578, 4.527619680888939, 0.0 ], [ -75.709947044162092, 4.527548696502546, 0.0 ], [ -75.710642849178214, 4.527466437516559, 0.0 ], [ -75.711621306679277, 4.527376195368991, 0.0 ], [ -75.711623024462838, 4.527415585622969, 0.0 ], [ -75.712450656344032, 4.527355451984058, 0.0 ], [ -75.712969948693669, 4.527333481359989, 0.0 ], [ -75.714787376520761, 4.527517265627112, 0.0 ], [ -75.71561087076401, 4.527617543594227, 0.0 ], [ -75.715572700268851, 4.528567064001375, 0.0 ], [ -75.715251002238375, 4.529003989452583, 0.0 ], [ -75.714817556731703, 4.529241341566872, 0.0 ], [ -75.714757753991719, 4.529148733562657, 0.0 ], [ -75.714545068989224, 4.528975838369623, 0.0 ], [ -75.714463075916996, 4.528949539103289, 0.0 ], [ -75.71428670642382, 4.528932761227748, 0.0 ], [ -75.714182886635655, 4.528942282839767, 0.0 ], [ -75.714097916422674, 4.528990633934184, 0.0 ], [ -75.714011323050045, 4.529015838975122, 0.0 ], [ -75.71381579184515, 4.529014474320578, 0.0 ], [ -75.713672963911606, 4.529043183030008, 0.0 ], [ -75.713622261093946, 4.52903792128129, 0.0 ], [ -75.713406789888296, 4.528981201836009, 0.0 ], [ -75.713211375548269, 4.528989941799637, 0.0 ], [ -75.71316670041584, 4.529004561368286, 0.0 ], [ -75.713090911007598, 4.529063467698387, 0.0 ], [ -75.713009949519659, 4.52910365927027, 0.0 ], [ -75.712895995681848, 4.529129959576063, 0.0 ], [ -75.712689077293405, 4.529145610529711, 0.0 ], [ -75.712611148849007, 4.529137238922955, 0.0 ], [ -75.712384588141546, 4.529086028346006, 0.0 ], [ -75.712219244619192, 4.529080402246241, 0.0 ], [ -75.712053566061286, 4.529025497835076, 0.0 ], [ -75.711883647703957, 4.529031123192708, 0.0 ], [ -75.711752710297361, 4.529019199635789, 0.0 ], [ -75.711666900823204, 4.529042586212004, 0.0 ], [ -75.711563456470273, 4.528999428270778, 0.0 ], [ -75.711457095532921, 4.528990433680807, 0.0 ], [ -75.71129158536084, 4.529028833316199, 0.0 ], [ -75.710652753528706, 4.531465252846986, 0.0 ], [ -75.711275306205238, 4.529046161375024, 0.0 ], [ -75.711200071210996, 4.529030788629601, 0.0 ], [ -75.711032059309645, 4.528973667869225, 0.0 ], [ -75.710969877142787, 4.528935762889379, 0.0 ], [ -75.710857605328087, 4.528907530021373, 0.0 ], [ -75.710796216438951, 4.528877991551205, 0.0 ] ] ] } },
{ "type": "Feature", "properties": { "barrio": null, "barrio_alt": "CIUDADELA EL SOL", "barrio_alt2": "CIUDADELA EL SOL", "vulnerabilidad": "Muy baja", "indice": 1.0, "val_suelo": 1.0, "val_falla": 1.0, "val_antig": 1.0, "clas_antiguedad": "Baja", "clas_falla": null, "clas_falla_alt": null, "porcentaje_limitacion_suelo": 0.0, "area_m2": 33558.318418900002, "shape_area": 11263.4992293 }, "geometry": { "type": "Polygon", "coordinates": [ [ [ -75.703949694468605, 4.527100305067865, 0.0 ], [ -75.704921515584331, 4.52761698579842, 0.0 ], [ -75.704839120312101, 4.527649749021068, 0.0 ], [ -75.704056564677572, 4.527773716931532, 0.0 ], [ -75.703210636380533, 4.527893768973308, 0.0 ], [ -75.703215530671514, 4.527072483977658, 0.0 ], [ -75.703429682544197, 4.527037282658007, 0.0 ], [ -75.703949694468605, 4.527100305067865, 0.0 ] ] ] } }
]
}
